/*
 * GENERATED by scripts/gen_usb_disk.py -- do not edit by hand.
 * Regenerate after changing docs/klor-keymap.html.
 *
 * A complete read-only FAT12 image. The firmware serves these bytes
 * verbatim; the host parses the filesystem, so there is no FAT code on
 * the device at all.
 *
 * Only the used prefix is here. Sectors past KLOR_DISK_STORED_BYTES are
 * blank and the driver returns zeros for them, so the host still sees a
 * full-size volume without the blank space costing any flash.
 */

#pragma once

#include <stdint.h>

#define KLOR_DISK_SECTOR_SIZE   512
#define KLOR_DISK_SECTOR_COUNT  200
#define KLOR_DISK_STORED_BYTES  41984

/* KEYMAP  HTM -- 39,486 bytes of guide in a 100 KB volume. */
static const uint8_t klor_disk_image[41984] = {
    0xeb, 0x3c, 0x90, 0x4d, 0x53, 0x57, 0x49, 0x4e, 0x34, 0x2e, 0x31, 0x00, 0x02, 0x01, 0x01, 0x00,
    0x02, 0x10, 0x00, 0xc8, 0x00, 0xf8, 0x01, 0x00, 0x20, 0x00, 0x02, 0x00, 0x00, 0x00, 0x00, 0x00,
    0x00, 0x00, 0x00, 0x00, 0x80, 0x00, 0x29, 0x52, 0x4f, 0x4c, 0x4b, 0x4b, 0x4c, 0x4f, 0x52, 0x20,
    0x47, 0x55, 0x49, 0x44, 0x45, 0x20, 0x46, 0x41, 0x54, 0x31, 0x32, 0x20, 0x20, 0x20, 0x00, 0x00,
    0x00, 0x00, 0x00, 0x00, 0x00, 0x00, 0x00, 0x00, 0x00, 0x00, 0x00, 0x00, 0x00, 0x00, 0x00, 0x00,
    0x00, 0x00, 0x00, 0x00, 0x00, 0x00, 0x00, 0x00, 0x00, 0x00, 0x00, 0x00, 0x00, 0x00, 0x00, 0x00,
    0x00, 0x00, 0x00, 0x00, 0x00, 0x00, 0x00, 0x00, 0x00, 0x00, 0x00, 0x00, 0x00, 0x00, 0x00, 0x00,
    0x00, 0x00, 0x00, 0x00, 0x00, 0x00, 0x00, 0x00, 0x00, 0x00, 0x00, 0x00, 0x00, 0x00, 0x00, 0x00,
    0x00, 0x00, 0x00, 0x00, 0x00, 0x00, 0x00, 0x00, 0x00, 0x00, 0x00, 0x00, 0x00, 0x00, 0x00, 0x00,
    0x00, 0x00, 0x00, 0x00, 0x00, 0x00, 0x00, 0x00, 0x00, 0x00, 0x00, 0x00, 0x00, 0x00, 0x00, 0x00,
    0x00, 0x00, 0x00, 0x00, 0x00, 0x00, 0x00, 0x00, 0x00, 0x00, 0x00, 0x00, 0x00, 0x00, 0x00, 0x00,
    0x00, 0x00, 0x00, 0x00, 0x00, 0x00, 0x00, 0x00, 0x00, 0x00, 0x00, 0x00, 0x00, 0x00, 0x00, 0x00,
    0x00, 0x00, 0x00, 0x00, 0x00, 0x00, 0x00, 0x00, 0x00, 0x00, 0x00, 0x00, 0x00, 0x00, 0x00, 0x00,
    0x00, 0x00, 0x00, 0x00, 0x00, 0x00, 0x00, 0x00, 0x00, 0x00, 0x00, 0x00, 0x00, 0x00, 0x00, 0x00,
    0x00, 0x00, 0x00, 0x00, 0x00, 0x00, 0x00, 0x00, 0x00, 0x00, 0x00, 0x00, 0x00, 0x00, 0x00, 0x00,
    0x00, 0x00, 0x00, 0x00, 0x00, 0x00, 0x00, 0x00, 0x00, 0x00, 0x00, 0x00, 0x00, 0x00, 0x00, 0x00,
    0x00, 0x00, 0x00, 0x00, 0x00, 0x00, 0x00, 0x00, 0x00, 0x00, 0x00, 0x00, 0x00, 0x00, 0x00, 0x00,
    0x00, 0x00, 0x00, 0x00, 0x00, 0x00, 0x00, 0x00, 0x00, 0x00, 0x00, 0x00, 0x00, 0x00, 0x00, 0x00,
    0x00, 0x00, 0x00, 0x00, 0x00, 0x00, 0x00, 0x00, 0x00, 0x00, 0x00, 0x00, 0x00, 0x00, 0x00, 0x00,
    0x00, 0x00, 0x00, 0x00, 0x00, 0x00, 0x00, 0x00, 0x00, 0x00, 0x00, 0x00, 0x00, 0x00, 0x00, 0x00,
    0x00, 0x00, 0x00, 0x00, 0x00, 0x00, 0x00, 0x00, 0x00, 0x00, 0x00, 0x00, 0x00, 0x00, 0x00, 0x00,
    0x00, 0x00, 0x00, 0x00, 0x00, 0x00, 0x00, 0x00, 0x00, 0x00, 0x00, 0x00, 0x00, 0x00, 0x00, 0x00,
    0x00, 0x00, 0x00, 0x00, 0x00, 0x00, 0x00, 0x00, 0x00, 0x00, 0x00, 0x00, 0x00, 0x00, 0x00, 0x00,
    0x00, 0x00, 0x00, 0x00, 0x00, 0x00, 0x00, 0x00, 0x00, 0x00, 0x00, 0x00, 0x00, 0x00, 0x00, 0x00,
    0x00, 0x00, 0x00, 0x00, 0x00, 0x00, 0x00, 0x00, 0x00, 0x00, 0x00, 0x00, 0x00, 0x00, 0x00, 0x00,
    0x00, 0x00, 0x00, 0x00, 0x00, 0x00, 0x00, 0x00, 0x00, 0x00, 0x00, 0x00, 0x00, 0x00, 0x00, 0x00,
    0x00, 0x00, 0x00, 0x00, 0x00, 0x00, 0x00, 0x00, 0x00, 0x00, 0x00, 0x00, 0x00, 0x00, 0x00, 0x00,
    0x00, 0x00, 0x00, 0x00, 0x00, 0x00, 0x00, 0x00, 0x00, 0x00, 0x00, 0x00, 0x00, 0x00, 0x00, 0x00,
    0x00, 0x00, 0x00, 0x00, 0x00, 0x00, 0x00, 0x00, 0x00, 0x00, 0x00, 0x00, 0x00, 0x00, 0x00, 0x00,
    0x00, 0x00, 0x00, 0x00, 0x00, 0x00, 0x00, 0x00, 0x00, 0x00, 0x00, 0x00, 0x00, 0x00, 0x00, 0x00,
    0x00, 0x00, 0x00, 0x00, 0x00, 0x00, 0x00, 0x00, 0x00, 0x00, 0x00, 0x00, 0x00, 0x00, 0x00, 0x00,
    0x00, 0x00, 0x00, 0x00, 0x00, 0x00, 0x00, 0x00, 0x00, 0x00, 0x00, 0x00, 0x00, 0x00, 0x55, 0xaa,
    0xf8, 0xff, 0xff, 0x03, 0x40, 0x00, 0x05, 0x60, 0x00, 0x07, 0x80, 0x00, 0x09, 0xa0, 0x00, 0x0b,
    0xc0, 0x00, 0x0d, 0xe0, 0x00, 0x0f, 0x00, 0x01, 0x11, 0x20, 0x01, 0x13, 0x40, 0x01, 0x15, 0x60,
    0x01, 0x17, 0x80, 0x01, 0x19, 0xa0, 0x01, 0x1b, 0xc0, 0x01, 0x1d, 0xe0, 0x01, 0x1f, 0x00, 0x02,
    0x21, 0x20, 0x02, 0x23, 0x40, 0x02, 0x25, 0x60, 0x02, 0x27, 0x80, 0x02, 0x29, 0xa0, 0x02, 0x2b,
    0xc0, 0x02, 0x2d, 0xe0, 0x02, 0x2f, 0x00, 0x03, 0x31, 0x20, 0x03, 0x33, 0x40, 0x03, 0x35, 0x60,
    0x03, 0x37, 0x80, 0x03, 0x39, 0xa0, 0x03, 0x3b, 0xc0, 0x03, 0x3d, 0xe0, 0x03, 0x3f, 0x00, 0x04,
    0x41, 0x20, 0x04, 0x43, 0x40, 0x04, 0x45, 0x60, 0x04, 0x47, 0x80, 0x04, 0x49, 0xa0, 0x04, 0x4b,
    0xc0, 0x04, 0x4d, 0xe0, 0x04, 0x4f, 0xf0, 0xff, 0x00, 0x00, 0x00, 0x00, 0x00, 0x00, 0x00, 0x00,
    0x00, 0x00, 0x00, 0x00, 0x00, 0x00, 0x00, 0x00, 0x00, 0x00, 0x00, 0x00, 0x00, 0x00, 0x00, 0x00,
    0x00, 0x00, 0x00, 0x00, 0x00, 0x00, 0x00, 0x00, 0x00, 0x00, 0x00, 0x00, 0x00, 0x00, 0x00, 0x00,
    0x00, 0x00, 0x00, 0x00, 0x00, 0x00, 0x00, 0x00, 0x00, 0x00, 0x00, 0x00, 0x00, 0x00, 0x00, 0x00,
    0x00, 0x00, 0x00, 0x00, 0x00, 0x00, 0x00, 0x00, 0x00, 0x00, 0x00, 0x00, 0x00, 0x00, 0x00, 0x00,
    0x00, 0x00, 0x00, 0x00, 0x00, 0x00, 0x00, 0x00, 0x00, 0x00, 0x00, 0x00, 0x00, 0x00, 0x00, 0x00,
    0x00, 0x00, 0x00, 0x00, 0x00, 0x00, 0x00, 0x00, 0x00, 0x00, 0x00, 0x00, 0x00, 0x00, 0x00, 0x00,
    0x00, 0x00, 0x00, 0x00, 0x00, 0x00, 0x00, 0x00, 0x00, 0x00, 0x00, 0x00, 0x00, 0x00, 0x00, 0x00,
    0x00, 0x00, 0x00, 0x00, 0x00, 0x00, 0x00, 0x00, 0x00, 0x00, 0x00, 0x00, 0x00, 0x00, 0x00, 0x00,
    0x00, 0x00, 0x00, 0x00, 0x00, 0x00, 0x00, 0x00, 0x00, 0x00, 0x00, 0x00, 0x00, 0x00, 0x00, 0x00,
    0x00, 0x00, 0x00, 0x00, 0x00, 0x00, 0x00, 0x00, 0x00, 0x00, 0x00, 0x00, 0x00, 0x00, 0x00, 0x00,
    0x00, 0x00, 0x00, 0x00, 0x00, 0x00, 0x00, 0x00, 0x00, 0x00, 0x00, 0x00, 0x00, 0x00, 0x00, 0x00,
    0x00, 0x00, 0x00, 0x00, 0x00, 0x00, 0x00, 0x00, 0x00, 0x00, 0x00, 0x00, 0x00, 0x00, 0x00, 0x00,
    0x00, 0x00, 0x00, 0x00, 0x00, 0x00, 0x00, 0x00, 0x00, 0x00, 0x00, 0x00, 0x00, 0x00, 0x00, 0x00,
    0x00, 0x00, 0x00, 0x00, 0x00, 0x00, 0x00, 0x00, 0x00, 0x00, 0x00, 0x00, 0x00, 0x00, 0x00, 0x00,
    0x00, 0x00, 0x00, 0x00, 0x00, 0x00, 0x00, 0x00, 0x00, 0x00, 0x00, 0x00, 0x00, 0x00, 0x00, 0x00,
    0x00, 0x00, 0x00, 0x00, 0x00, 0x00, 0x00, 0x00, 0x00, 0x00, 0x00, 0x00, 0x00, 0x00, 0x00, 0x00,
    0x00, 0x00, 0x00, 0x00, 0x00, 0x00, 0x00, 0x00, 0x00, 0x00, 0x00, 0x00, 0x00, 0x00, 0x00, 0x00,
    0x00, 0x00, 0x00, 0x00, 0x00, 0x00, 0x00, 0x00, 0x00, 0x00, 0x00, 0x00, 0x00, 0x00, 0x00, 0x00,
    0x00, 0x00, 0x00, 0x00, 0x00, 0x00, 0x00, 0x00, 0x00, 0x00, 0x00, 0x00, 0x00, 0x00, 0x00, 0x00,
    0x00, 0x00, 0x00, 0x00, 0x00, 0x00, 0x00, 0x00, 0x00, 0x00, 0x00, 0x00, 0x00, 0x00, 0x00, 0x00,
    0x00, 0x00, 0x00, 0x00, 0x00, 0x00, 0x00, 0x00, 0x00, 0x00, 0x00, 0x00, 0x00, 0x00, 0x00, 0x00,
    0x00, 0x00, 0x00, 0x00, 0x00, 0x00, 0x00, 0x00, 0x00, 0x00, 0x00, 0x00, 0x00, 0x00, 0x00, 0x00,
    0x00, 0x00, 0x00, 0x00, 0x00, 0x00, 0x00, 0x00, 0x00, 0x00, 0x00, 0x00, 0x00, 0x00, 0x00, 0x00,
    0x00, 0x00, 0x00, 0x00, 0x00, 0x00, 0x00, 0x00, 0x00, 0x00, 0x00, 0x00, 0x00, 0x00, 0x00, 0x00,
    0xf8, 0xff, 0xff, 0x03, 0x40, 0x00, 0x05, 0x60, 0x00, 0x07, 0x80, 0x00, 0x09, 0xa0, 0x00, 0x0b,
    0xc0, 0x00, 0x0d, 0xe0, 0x00, 0x0f, 0x00, 0x01, 0x11, 0x20, 0x01, 0x13, 0x40, 0x01, 0x15, 0x60,
    0x01, 0x17, 0x80, 0x01, 0x19, 0xa0, 0x01, 0x1b, 0xc0, 0x01, 0x1d, 0xe0, 0x01, 0x1f, 0x00, 0x02,
    0x21, 0x20, 0x02, 0x23, 0x40, 0x02, 0x25, 0x60, 0x02, 0x27, 0x80, 0x02, 0x29, 0xa0, 0x02, 0x2b,
    0xc0, 0x02, 0x2d, 0xe0, 0x02, 0x2f, 0x00, 0x03, 0x31, 0x20, 0x03, 0x33, 0x40, 0x03, 0x35, 0x60,
    0x03, 0x37, 0x80, 0x03, 0x39, 0xa0, 0x03, 0x3b, 0xc0, 0x03, 0x3d, 0xe0, 0x03, 0x3f, 0x00, 0x04,
    0x41, 0x20, 0x04, 0x43, 0x40, 0x04, 0x45, 0x60, 0x04, 0x47, 0x80, 0x04, 0x49, 0xa0, 0x04, 0x4b,
    0xc0, 0x04, 0x4d, 0xe0, 0x04, 0x4f, 0xf0, 0xff, 0x00, 0x00, 0x00, 0x00, 0x00, 0x00, 0x00, 0x00,
    0x00, 0x00, 0x00, 0x00, 0x00, 0x00, 0x00, 0x00, 0x00, 0x00, 0x00, 0x00, 0x00, 0x00, 0x00, 0x00,
    0x00, 0x00, 0x00, 0x00, 0x00, 0x00, 0x00, 0x00, 0x00, 0x00, 0x00, 0x00, 0x00, 0x00, 0x00, 0x00,
    0x00, 0x00, 0x00, 0x00, 0x00, 0x00, 0x00, 0x00, 0x00, 0x00, 0x00, 0x00, 0x00, 0x00, 0x00, 0x00,
    0x00, 0x00, 0x00, 0x00, 0x00, 0x00, 0x00, 0x00, 0x00, 0x00, 0x00, 0x00, 0x00, 0x00, 0x00, 0x00,
    0x00, 0x00, 0x00, 0x00, 0x00, 0x00, 0x00, 0x00, 0x00, 0x00, 0x00, 0x00, 0x00, 0x00, 0x00, 0x00,
    0x00, 0x00, 0x00, 0x00, 0x00, 0x00, 0x00, 0x00, 0x00, 0x00, 0x00, 0x00, 0x00, 0x00, 0x00, 0x00,
    0x00, 0x00, 0x00, 0x00, 0x00, 0x00, 0x00, 0x00, 0x00, 0x00, 0x00, 0x00, 0x00, 0x00, 0x00, 0x00,
    0x00, 0x00, 0x00, 0x00, 0x00, 0x00, 0x00, 0x00, 0x00, 0x00, 0x00, 0x00, 0x00, 0x00, 0x00, 0x00,
    0x00, 0x00, 0x00, 0x00, 0x00, 0x00, 0x00, 0x00, 0x00, 0x00, 0x00, 0x00, 0x00, 0x00, 0x00, 0x00,
    0x00, 0x00, 0x00, 0x00, 0x00, 0x00, 0x00, 0x00, 0x00, 0x00, 0x00, 0x00, 0x00, 0x00, 0x00, 0x00,
    0x00, 0x00, 0x00, 0x00, 0x00, 0x00, 0x00, 0x00, 0x00, 0x00, 0x00, 0x00, 0x00, 0x00, 0x00, 0x00,
    0x00, 0x00, 0x00, 0x00, 0x00, 0x00, 0x00, 0x00, 0x00, 0x00, 0x00, 0x00, 0x00, 0x00, 0x00, 0x00,
    0x00, 0x00, 0x00, 0x00, 0x00, 0x00, 0x00, 0x00, 0x00, 0x00, 0x00, 0x00, 0x00, 0x00, 0x00, 0x00,
    0x00, 0x00, 0x00, 0x00, 0x00, 0x00, 0x00, 0x00, 0x00, 0x00, 0x00, 0x00, 0x00, 0x00, 0x00, 0x00,
    0x00, 0x00, 0x00, 0x00, 0x00, 0x00, 0x00, 0x00, 0x00, 0x00, 0x00, 0x00, 0x00, 0x00, 0x00, 0x00,
    0x00, 0x00, 0x00, 0x00, 0x00, 0x00, 0x00, 0x00, 0x00, 0x00, 0x00, 0x00, 0x00, 0x00, 0x00, 0x00,
    0x00, 0x00, 0x00, 0x00, 0x00, 0x00, 0x00, 0x00, 0x00, 0x00, 0x00, 0x00, 0x00, 0x00, 0x00, 0x00,
    0x00, 0x00, 0x00, 0x00, 0x00, 0x00, 0x00, 0x00, 0x00, 0x00, 0x00, 0x00, 0x00, 0x00, 0x00, 0x00,
    0x00, 0x00, 0x00, 0x00, 0x00, 0x00, 0x00, 0x00, 0x00, 0x00, 0x00, 0x00, 0x00, 0x00, 0x00, 0x00,
    0x00, 0x00, 0x00, 0x00, 0x00, 0x00, 0x00, 0x00, 0x00, 0x00, 0x00, 0x00, 0x00, 0x00, 0x00, 0x00,
    0x00, 0x00, 0x00, 0x00, 0x00, 0x00, 0x00, 0x00, 0x00, 0x00, 0x00, 0x00, 0x00, 0x00, 0x00, 0x00,
    0x00, 0x00, 0x00, 0x00, 0x00, 0x00, 0x00, 0x00, 0x00, 0x00, 0x00, 0x00, 0x00, 0x00, 0x00, 0x00,
    0x00, 0x00, 0x00, 0x00, 0x00, 0x00, 0x00, 0x00, 0x00, 0x00, 0x00, 0x00, 0x00, 0x00, 0x00, 0x00,
    0x00, 0x00, 0x00, 0x00, 0x00, 0x00, 0x00, 0x00, 0x00, 0x00, 0x00, 0x00, 0x00, 0x00, 0x00, 0x00,
    0x4b, 0x4c, 0x4f, 0x52, 0x20, 0x47, 0x55, 0x49, 0x44, 0x45, 0x20, 0x08, 0x00, 0x00, 0x00, 0x00,
    0x00, 0x00, 0x00, 0x00, 0x00, 0x00, 0x00, 0x00, 0x00, 0x00, 0x00, 0x00, 0x00, 0x00, 0x00, 0x00,
    0x4b, 0x45, 0x59, 0x4d, 0x41, 0x50, 0x20, 0x20, 0x48, 0x54, 0x4d, 0x01, 0x00, 0x00, 0x00, 0x00,
    0x00, 0x00, 0x00, 0x00, 0x00, 0x00, 0x00, 0x00, 0x21, 0x58, 0x02, 0x00, 0x3e, 0x9a, 0x00, 0x00,
    0x00, 0x00, 0x00, 0x00, 0x00, 0x00, 0x00, 0x00, 0x00, 0x00, 0x00, 0x00, 0x00, 0x00, 0x00, 0x00,
    0x00, 0x00, 0x00, 0x00, 0x00, 0x00, 0x00, 0x00, 0x00, 0x00, 0x00, 0x00, 0x00, 0x00, 0x00, 0x00,
    0x00, 0x00, 0x00, 0x00, 0x00, 0x00, 0x00, 0x00, 0x00, 0x00, 0x00, 0x00, 0x00, 0x00, 0x00, 0x00,
    0x00, 0x00, 0x00, 0x00, 0x00, 0x00, 0x00, 0x00, 0x00, 0x00, 0x00, 0x00, 0x00, 0x00, 0x00, 0x00,
    0x00, 0x00, 0x00, 0x00, 0x00, 0x00, 0x00, 0x00, 0x00, 0x00, 0x00, 0x00, 0x00, 0x00, 0x00, 0x00,
    0x00, 0x00, 0x00, 0x00, 0x00, 0x00, 0x00, 0x00, 0x00, 0x00, 0x00, 0x00, 0x00, 0x00, 0x00, 0x00,
    0x00, 0x00, 0x00, 0x00, 0x00, 0x00, 0x00, 0x00, 0x00, 0x00, 0x00, 0x00, 0x00, 0x00, 0x00, 0x00,
    0x00, 0x00, 0x00, 0x00, 0x00, 0x00, 0x00, 0x00, 0x00, 0x00, 0x00, 0x00, 0x00, 0x00, 0x00, 0x00,
    0x00, 0x00, 0x00, 0x00, 0x00, 0x00, 0x00, 0x00, 0x00, 0x00, 0x00, 0x00, 0x00, 0x00, 0x00, 0x00,
    0x00, 0x00, 0x00, 0x00, 0x00, 0x00, 0x00, 0x00, 0x00, 0x00, 0x00, 0x00, 0x00, 0x00, 0x00, 0x00,
    0x00, 0x00, 0x00, 0x00, 0x00, 0x00, 0x00, 0x00, 0x00, 0x00, 0x00, 0x00, 0x00, 0x00, 0x00, 0x00,
    0x00, 0x00, 0x00, 0x00, 0x00, 0x00, 0x00, 0x00, 0x00, 0x00, 0x00, 0x00, 0x00, 0x00, 0x00, 0x00,
    0x00, 0x00, 0x00, 0x00, 0x00, 0x00, 0x00, 0x00, 0x00, 0x00, 0x00, 0x00, 0x00, 0x00, 0x00, 0x00,
    0x00, 0x00, 0x00, 0x00, 0x00, 0x00, 0x00, 0x00, 0x00, 0x00, 0x00, 0x00, 0x00, 0x00, 0x00, 0x00,
    0x00, 0x00, 0x00, 0x00, 0x00, 0x00, 0x00, 0x00, 0x00, 0x00, 0x00, 0x00, 0x00, 0x00, 0x00, 0x00,
    0x00, 0x00, 0x00, 0x00, 0x00, 0x00, 0x00, 0x00, 0x00, 0x00, 0x00, 0x00, 0x00, 0x00, 0x00, 0x00,
    0x00, 0x00, 0x00, 0x00, 0x00, 0x00, 0x00, 0x00, 0x00, 0x00, 0x00, 0x00, 0x00, 0x00, 0x00, 0x00,
    0x00, 0x00, 0x00, 0x00, 0x00, 0x00, 0x00, 0x00, 0x00, 0x00, 0x00, 0x00, 0x00, 0x00, 0x00, 0x00,
    0x00, 0x00, 0x00, 0x00, 0x00, 0x00, 0x00, 0x00, 0x00, 0x00, 0x00, 0x00, 0x00, 0x00, 0x00, 0x00,
    0x00, 0x00, 0x00, 0x00, 0x00, 0x00, 0x00, 0x00, 0x00, 0x00, 0x00, 0x00, 0x00, 0x00, 0x00, 0x00,
    0x00, 0x00, 0x00, 0x00, 0x00, 0x00, 0x00, 0x00, 0x00, 0x00, 0x00, 0x00, 0x00, 0x00, 0x00, 0x00,
    0x00, 0x00, 0x00, 0x00, 0x00, 0x00, 0x00, 0x00, 0x00, 0x00, 0x00, 0x00, 0x00, 0x00, 0x00, 0x00,
    0x00, 0x00, 0x00, 0x00, 0x00, 0x00, 0x00, 0x00, 0x00, 0x00, 0x00, 0x00, 0x00, 0x00, 0x00, 0x00,
    0x00, 0x00, 0x00, 0x00, 0x00, 0x00, 0x00, 0x00, 0x00, 0x00, 0x00, 0x00, 0x00, 0x00, 0x00, 0x00,
    0x00, 0x00, 0x00, 0x00, 0x00, 0x00, 0x00, 0x00, 0x00, 0x00, 0x00, 0x00, 0x00, 0x00, 0x00, 0x00,
    0x00, 0x00, 0x00, 0x00, 0x00, 0x00, 0x00, 0x00, 0x00, 0x00, 0x00, 0x00, 0x00, 0x00, 0x00, 0x00,
    0x00, 0x00, 0x00, 0x00, 0x00, 0x00, 0x00, 0x00, 0x00, 0x00, 0x00, 0x00, 0x00, 0x00, 0x00, 0x00,
    0x00, 0x00, 0x00, 0x00, 0x00, 0x00, 0x00, 0x00, 0x00, 0x00, 0x00, 0x00, 0x00, 0x00, 0x00, 0x00,
    0x3c, 0x21, 0x64, 0x6f, 0x63, 0x74, 0x79, 0x70, 0x65, 0x20, 0x68, 0x74, 0x6d, 0x6c, 0x3e, 0x0a,
    0x3c, 0x68, 0x74, 0x6d, 0x6c, 0x20, 0x6c, 0x61, 0x6e, 0x67, 0x3d, 0x22, 0x65, 0x6e, 0x22, 0x3e,
    0x0a, 0x3c, 0x68, 0x65, 0x61, 0x64, 0x3e, 0x0a, 0x3c, 0x6d, 0x65, 0x74, 0x61, 0x20, 0x63, 0x68,
    0x61, 0x72, 0x73, 0x65, 0x74, 0x3d, 0x22, 0x75, 0x74, 0x66, 0x2d, 0x38, 0x22, 0x3e, 0x0a, 0x3c,
    0x6d, 0x65, 0x74, 0x61, 0x20, 0x6e, 0x61, 0x6d, 0x65, 0x3d, 0x22, 0x76, 0x69, 0x65, 0x77, 0x70,
    0x6f, 0x72, 0x74, 0x22, 0x20, 0x63, 0x6f, 0x6e, 0x74, 0x65, 0x6e, 0x74, 0x3d, 0x22, 0x77, 0x69,
    0x64, 0x74, 0x68, 0x3d, 0x64, 0x65, 0x76, 0x69, 0x63, 0x65, 0x2d, 0x77, 0x69, 0x64, 0x74, 0x68,
    0x2c, 0x69, 0x6e, 0x69, 0x74, 0x69, 0x61, 0x6c, 0x2d, 0x73, 0x63, 0x61, 0x6c, 0x65, 0x3d, 0x31,
    0x22, 0x3e, 0x0a, 0x3c, 0x74, 0x69, 0x74, 0x6c, 0x65, 0x3e, 0x4b, 0x4c, 0x4f, 0x52, 0x20, 0x70,
    0x6f, 0x6c, 0x79, 0x64, 0x61, 0x63, 0x74, 0x79, 0x6c, 0x20, 0xe2, 0x80, 0x94, 0x20, 0x6b, 0x65,
    0x79, 0x6d, 0x61, 0x70, 0x3c, 0x2f, 0x74, 0x69, 0x74, 0x6c, 0x65, 0x3e, 0x0a, 0x3c, 0x73, 0x74,
    0x79, 0x6c, 0x65, 0x3e, 0x0a, 0x3a, 0x72, 0x6f, 0x6f, 0x74, 0x7b, 0x0a, 0x20, 0x20, 0x2f, 0x2a,
    0x20, 0x46, 0x72, 0x6f, 0x73, 0x74, 0x65, 0x64, 0x20, 0x61, 0x63, 0x72, 0x79, 0x6c, 0x69, 0x63,
    0x20, 0x6f, 0x76, 0x65, 0x72, 0x20, 0x61, 0x20, 0x62, 0x61, 0x72, 0x65, 0x20, 0x50, 0x43, 0x42,
    0x2c, 0x20, 0x72, 0x65, 0x64, 0x20, 0x6c, 0x65, 0x67, 0x65, 0x6e, 0x64, 0x73, 0x2c, 0x20, 0x72,
    0x65, 0x64, 0x20, 0x61, 0x6e, 0x6f, 0x64, 0x69, 0x73, 0x65, 0x64, 0x20, 0x6b, 0x6e, 0x6f, 0x62,
    0x73, 0x20, 0x2d, 0x2d, 0x0a, 0x20, 0x20, 0x20, 0x20, 0x20, 0x74, 0x68, 0x65, 0x20, 0x70, 0x61,
    0x6c, 0x65, 0x74, 0x74, 0x65, 0x20, 0x69, 0x73, 0x20, 0x74, 0x61, 0x6b, 0x65, 0x6e, 0x20, 0x66,
    0x72, 0x6f, 0x6d, 0x20, 0x74, 0x68, 0x65, 0x20, 0x70, 0x68, 0x79, 0x73, 0x69, 0x63, 0x61, 0x6c,
    0x20, 0x62, 0x6f, 0x61, 0x72, 0x64, 0x20, 0x72, 0x61, 0x74, 0x68, 0x65, 0x72, 0x20, 0x74, 0x68,
    0x61, 0x6e, 0x20, 0x69, 0x6e, 0x76, 0x65, 0x6e, 0x74, 0x65, 0x64, 0x2e, 0x20, 0x2a, 0x2f, 0x0a,
    0x20, 0x20, 0x2d, 0x2d, 0x62, 0x67, 0x3a, 0x23, 0x44, 0x39, 0x44, 0x43, 0x45, 0x31, 0x3b, 0x0a,
    0x20, 0x20, 0x2d, 0x2d, 0x62, 0x6f, 0x61, 0x72, 0x64, 0x2d, 0x61, 0x3a, 0x23, 0x43, 0x39, 0x43,
    0x46, 0x44, 0x36, 0x3b, 0x20, 0x2d, 0x2d, 0x62, 0x6f, 0x61, 0x72, 0x64, 0x2d, 0x62, 0x3a, 0x23,
    0x45, 0x36, 0x45, 0x39, 0x45, 0x44, 0x3b, 0x0a, 0x20, 0x20, 0x2d, 0x2d, 0x73, 0x75, 0x72, 0x66,
    0x61, 0x63, 0x65, 0x3a, 0x23, 0x45, 0x45, 0x46, 0x30, 0x46, 0x33, 0x3b, 0x20, 0x2d, 0x2d, 0x73,
    0x75, 0x72, 0x66, 0x61, 0x63, 0x65, 0x2d, 0x32, 0x3a, 0x23, 0x45, 0x32, 0x45, 0x36, 0x45, 0x42,
    0x3b, 0x20, 0x2d, 0x2d, 0x70, 0x6c, 0x61, 0x74, 0x65, 0x3a, 0x23, 0x44, 0x34, 0x44, 0x39, 0x45,
    0x30, 0x3b, 0x0a, 0x0a, 0x20, 0x20, 0x2f, 0x2a, 0x20, 0x54, 0x72, 0x61, 0x6e, 0x73, 0x6c, 0x75,
    0x63, 0x65, 0x6e, 0x74, 0x2c, 0x20, 0x6e, 0x6f, 0x74, 0x20, 0x77, 0x68, 0x69, 0x74, 0x65, 0x3a,
    0x20, 0x74, 0x68, 0x65, 0x20, 0x63, 0x61, 0x70, 0x73, 0x20, 0x6c, 0x65, 0x74, 0x20, 0x74, 0x68,
    0x65, 0x20, 0x70, 0x6c, 0x61, 0x74, 0x65, 0x20, 0x74, 0x68, 0x72, 0x6f, 0x75, 0x67, 0x68, 0x2e,
    0x20, 0x2a, 0x2f, 0x0a, 0x20, 0x20, 0x2d, 0x2d, 0x63, 0x61, 0x70, 0x3a, 0x72, 0x67, 0x62, 0x61,
    0x28, 0x32, 0x35, 0x35, 0x2c, 0x32, 0x35, 0x35, 0x2c, 0x32, 0x35, 0x35, 0x2c, 0x2e, 0x35, 0x30,
    0x29, 0x3b, 0x0a, 0x20, 0x20, 0x2d, 0x2d, 0x63, 0x61, 0x70, 0x2d, 0x65, 0x64, 0x67, 0x65, 0x3a,
    0x72, 0x67, 0x62, 0x61, 0x28, 0x32, 0x35, 0x35, 0x2c, 0x32, 0x35, 0x35, 0x2c, 0x32, 0x35, 0x35,
    0x2c, 0x2e, 0x38, 0x30, 0x29, 0x3b, 0x0a, 0x0a, 0x20, 0x20, 0x2d, 0x2d, 0x72, 0x65, 0x64, 0x3a,
    0x23, 0x44, 0x38, 0x31, 0x45, 0x32, 0x43, 0x3b, 0x20, 0x2d, 0x2d, 0x72, 0x65, 0x64, 0x2d, 0x64,
    0x65, 0x65, 0x70, 0x3a, 0x23, 0x39, 0x45, 0x31, 0x30, 0x31, 0x42, 0x3b, 0x20, 0x2d, 0x2d, 0x72,
    0x65, 0x64, 0x2d, 0x73, 0x6f, 0x66, 0x74, 0x3a, 0x72, 0x67, 0x62, 0x61, 0x28, 0x32, 0x31, 0x36,
    0x2c, 0x33, 0x30, 0x2c, 0x34, 0x34, 0x2c, 0x2e, 0x31, 0x33, 0x29, 0x3b, 0x0a, 0x20, 0x20, 0x2d,
    0x2d, 0x6c, 0x65, 0x67, 0x65, 0x6e, 0x64, 0x3a, 0x23, 0x43, 0x34, 0x31, 0x31, 0x31, 0x46, 0x3b,
    0x0a, 0x0a, 0x20, 0x20, 0x2d, 0x2d, 0x69, 0x6e, 0x6b, 0x3a, 0x23, 0x31, 0x42, 0x32, 0x32, 0x32,
    0x42, 0x3b, 0x20, 0x2d, 0x2d, 0x69, 0x6e, 0x6b, 0x2d, 0x32, 0x3a, 0x23, 0x35, 0x39, 0x36, 0x31,
    0x36, 0x45, 0x3b, 0x20, 0x2d, 0x2d, 0x69, 0x6e, 0x6b, 0x2d, 0x33, 0x3a, 0x23, 0x38, 0x41, 0x39,
    0x32, 0x39, 0x46, 0x3b, 0x0a, 0x20, 0x20, 0x2d, 0x2d, 0x72, 0x75, 0x6c, 0x65, 0x3a, 0x23, 0x43,
    0x34, 0x43, 0x41, 0x44, 0x32, 0x3b, 0x20, 0x2d, 0x2d, 0x72, 0x75, 0x6c, 0x65, 0x2d, 0x32, 0x3a,
    0x23, 0x44, 0x43, 0x45, 0x31, 0x45, 0x37, 0x3b, 0x0a, 0x0a, 0x20, 0x20, 0x2f, 0x2a, 0x20, 0x4f,
    0x6e, 0x65, 0x20, 0x61, 0x63, 0x63, 0x65, 0x6e, 0x74, 0x2c, 0x20, 0x62, 0x65, 0x63, 0x61, 0x75,
    0x73, 0x65, 0x20, 0x74, 0x68, 0x65, 0x20, 0x62, 0x6f, 0x61, 0x72, 0x64, 0x20, 0x68, 0x61, 0x73,
    0x20, 0x6f, 0x6e, 0x65, 0x20, 0x6c, 0x65, 0x67, 0x65, 0x6e, 0x64, 0x20, 0x63, 0x6f, 0x6c, 0x6f,
    0x75, 0x72, 0x2e, 0x20, 0x4f, 0x6e, 0x6c, 0x79, 0x20, 0x65, 0x76, 0x65, 0x72, 0x20, 0x6f, 0x6e,
    0x65, 0x20, 0x6c, 0x61, 0x79, 0x65, 0x72, 0x0a, 0x20, 0x20, 0x20, 0x20, 0x20, 0x69, 0x73, 0x20,
    0x6f, 0x6e, 0x20, 0x73, 0x63, 0x72, 0x65, 0x65, 0x6e, 0x2c, 0x20, 0x73, 0x6f, 0x20, 0x66, 0x6f,
    0x75, 0x72, 0x20, 0x68, 0x75, 0x65, 0x73, 0x20, 0x77, 0x65, 0x72, 0x65, 0x20, 0x64, 0x65, 0x63,
    0x6f, 0x72, 0x61, 0x74, 0x69, 0x6f, 0x6e, 0x20, 0x72, 0x61, 0x74, 0x68, 0x65, 0x72, 0x20, 0x74,
    0x68, 0x61, 0x6e, 0x20, 0x69, 0x6e, 0x66, 0x6f, 0x72, 0x6d, 0x61, 0x74, 0x69, 0x6f, 0x6e, 0x2e,
    0x20, 0x2a, 0x2f, 0x0a, 0x20, 0x20, 0x2d, 0x2d, 0x63, 0x2d, 0x62, 0x61, 0x73, 0x65, 0x3a, 0x76,
    0x61, 0x72, 0x28, 0x2d, 0x2d, 0x72, 0x65, 0x64, 0x29, 0x3b, 0x20, 0x2d, 0x2d, 0x63, 0x2d, 0x78,
    0x74, 0x72, 0x61, 0x3a, 0x76, 0x61, 0x72, 0x28, 0x2d, 0x2d, 0x72, 0x65, 0x64, 0x29, 0x3b, 0x20,
    0x2d, 0x2d, 0x63, 0x2d, 0x66, 0x6e, 0x3a, 0x76, 0x61, 0x72, 0x28, 0x2d, 0x2d, 0x72, 0x65, 0x64,
    0x29, 0x3b, 0x20, 0x2d, 0x2d, 0x63, 0x2d, 0x73, 0x79, 0x73, 0x3a, 0x76, 0x61, 0x72, 0x28, 0x2d,
    0x2d, 0x72, 0x65, 0x64, 0x29, 0x3b, 0x0a, 0x20, 0x20, 0x2d, 0x2d, 0x64, 0x61, 0x6e, 0x67, 0x65,
    0x72, 0x3a, 0x23, 0x37, 0x43, 0x30, 0x41, 0x31, 0x34, 0x3b, 0x0a, 0x20, 0x20, 0x2d, 0x2d, 0x63,
    0x61, 0x70, 0x2d, 0x73, 0x68, 0x61, 0x64, 0x6f, 0x77, 0x3a, 0x69, 0x6e, 0x73, 0x65, 0x74, 0x20,
    0x30, 0x20, 0x31, 0x70, 0x78, 0x20, 0x30, 0x20, 0x72, 0x67, 0x62, 0x61, 0x28, 0x32, 0x35, 0x35,
    0x2c, 0x32, 0x35, 0x35, 0x2c, 0x32, 0x35, 0x35, 0x2c, 0x2e, 0x39, 0x35, 0x29, 0x2c, 0x20, 0x30,
    0x20, 0x32, 0x70, 0x78, 0x20, 0x35, 0x70, 0x78, 0x20, 0x72, 0x67, 0x62, 0x61, 0x28, 0x32, 0x37,
    0x2c, 0x33, 0x34, 0x2c, 0x34, 0x33, 0x2c, 0x2e, 0x31, 0x36, 0x29, 0x3b, 0x0a, 0x20, 0x20, 0x2d,
    0x2d, 0x68, 0x65, 0x6c, 0x64, 0x2d, 0x69, 0x6e, 0x6b, 0x3a, 0x23, 0x46, 0x46, 0x46, 0x34, 0x46,
    0x35, 0x3b, 0x0a, 0x7d, 0x0a, 0x40, 0x6d, 0x65, 0x64, 0x69, 0x61, 0x20, 0x28, 0x70, 0x72, 0x65,
    0x66, 0x65, 0x72, 0x73, 0x2d, 0x63, 0x6f, 0x6c, 0x6f, 0x72, 0x2d, 0x73, 0x63, 0x68, 0x65, 0x6d,
    0x65, 0x3a, 0x20, 0x64, 0x61, 0x72, 0x6b, 0x29, 0x7b, 0x0a, 0x20, 0x20, 0x3a, 0x72, 0x6f, 0x6f,
    0x74, 0x3a, 0x6e, 0x6f, 0x74, 0x28, 0x5b, 0x64, 0x61, 0x74, 0x61, 0x2d, 0x74, 0x68, 0x65, 0x6d,
    0x65, 0x3d, 0x22, 0x6c, 0x69, 0x67, 0x68, 0x74, 0x22, 0x5d, 0x29, 0x7b, 0x0a, 0x20, 0x20, 0x20,
    0x20, 0x2d, 0x2d, 0x62, 0x67, 0x3a, 0x23, 0x31, 0x34, 0x31, 0x36, 0x31, 0x41, 0x3b, 0x0a, 0x20,
    0x20, 0x20, 0x20, 0x2d, 0x2d, 0x62, 0x6f, 0x61, 0x72, 0x64, 0x2d, 0x61, 0x3a, 0x23, 0x31, 0x42,
    0x31, 0x46, 0x32, 0x35, 0x3b, 0x20, 0x2d, 0x2d, 0x62, 0x6f, 0x61, 0x72, 0x64, 0x2d, 0x62, 0x3a,
    0x23, 0x30, 0x45, 0x31, 0x30, 0x31, 0x33, 0x3b, 0x0a, 0x20, 0x20, 0x20, 0x20, 0x2d, 0x2d, 0x73,
    0x75, 0x72, 0x66, 0x61, 0x63, 0x65, 0x3a, 0x23, 0x31, 0x38, 0x31, 0x42, 0x32, 0x30, 0x3b, 0x20,
    0x2d, 0x2d, 0x73, 0x75, 0x72, 0x66, 0x61, 0x63, 0x65, 0x2d, 0x32, 0x3a, 0x23, 0x32, 0x32, 0x32,
    0x38, 0x33, 0x31, 0x3b, 0x20, 0x2d, 0x2d, 0x70, 0x6c, 0x61, 0x74, 0x65, 0x3a, 0x23, 0x31, 0x30,
    0x31, 0x33, 0x31, 0x37, 0x3b, 0x0a, 0x0a, 0x20, 0x20, 0x20, 0x20, 0x2d, 0x2d, 0x63, 0x61, 0x70,
    0x3a, 0x72, 0x67, 0x62, 0x61, 0x28, 0x32, 0x32, 0x36, 0x2c, 0x32, 0x33, 0x32, 0x2c, 0x32, 0x34,
    0x30, 0x2c, 0x2e, 0x31, 0x31, 0x29, 0x3b, 0x0a, 0x20, 0x20, 0x20, 0x20, 0x2d, 0x2d, 0x63, 0x61,
    0x70, 0x2d, 0x65, 0x64, 0x67, 0x65, 0x3a, 0x72, 0x67, 0x62, 0x61, 0x28, 0x32, 0x32, 0x36, 0x2c,
    0x32, 0x33, 0x32, 0x2c, 0x32, 0x34, 0x30, 0x2c, 0x2e, 0x32, 0x36, 0x29, 0x3b, 0x0a, 0x0a, 0x20,
    0x20, 0x20, 0x20, 0x2d, 0x2d, 0x72, 0x65, 0x64, 0x3a, 0x23, 0x46, 0x46, 0x34, 0x42, 0x35, 0x37,
    0x3b, 0x20, 0x2d, 0x2d, 0x72, 0x65, 0x64, 0x2d, 0x64, 0x65, 0x65, 0x70, 0x3a, 0x23, 0x43, 0x38,
    0x31, 0x45, 0x32, 0x41, 0x3b, 0x20, 0x2d, 0x2d, 0x72, 0x65, 0x64, 0x2d, 0x73, 0x6f, 0x66, 0x74,
    0x3a, 0x72, 0x67, 0x62, 0x61, 0x28, 0x32, 0x35, 0x35, 0x2c, 0x37, 0x35, 0x2c, 0x38, 0x37, 0x2c,
    0x2e, 0x31, 0x36, 0x29, 0x3b, 0x0a, 0x20, 0x20, 0x20, 0x20, 0x2d, 0x2d, 0x6c, 0x65, 0x67, 0x65,
    0x6e, 0x64, 0x3a, 0x23, 0x46, 0x46, 0x35, 0x41, 0x36, 0x34, 0x3b, 0x0a, 0x0a, 0x20, 0x20, 0x20,
    0x20, 0x2d, 0x2d, 0x69, 0x6e, 0x6b, 0x3a, 0x23, 0x45, 0x36, 0x45, 0x41, 0x46, 0x30, 0x3b, 0x20,
    0x2d, 0x2d, 0x69, 0x6e, 0x6b, 0x2d, 0x32, 0x3a, 0x23, 0x41, 0x32, 0x41, 0x42, 0x42, 0x38, 0x3b,
    0x20, 0x2d, 0x2d, 0x69, 0x6e, 0x6b, 0x2d, 0x33, 0x3a, 0x23, 0x36, 0x45, 0x37, 0x38, 0x38, 0x35,
    0x3b, 0x0a, 0x20, 0x20, 0x20, 0x20, 0x2d, 0x2d, 0x72, 0x75, 0x6c, 0x65, 0x3a, 0x23, 0x32, 0x42,
    0x33, 0x32, 0x33, 0x42, 0x3b, 0x20, 0x2d, 0x2d, 0x72, 0x75, 0x6c, 0x65, 0x2d, 0x32, 0x3a, 0x23,
    0x31, 0x46, 0x32, 0x34, 0x32, 0x42, 0x3b, 0x0a, 0x0a, 0x20, 0x20, 0x20, 0x20, 0x2d, 0x2d, 0x63,
    0x2d, 0x62, 0x61, 0x73, 0x65, 0x3a, 0x76, 0x61, 0x72, 0x28, 0x2d, 0x2d, 0x72, 0x65, 0x64, 0x29,
    0x3b, 0x20, 0x2d, 0x2d, 0x63, 0x2d, 0x78, 0x74, 0x72, 0x61, 0x3a, 0x76, 0x61, 0x72, 0x28, 0x2d,
    0x2d, 0x72, 0x65, 0x64, 0x29, 0x3b, 0x20, 0x2d, 0x2d, 0x63, 0x2d, 0x66, 0x6e, 0x3a, 0x76, 0x61,
    0x72, 0x28, 0x2d, 0x2d, 0x72, 0x65, 0x64, 0x29, 0x3b, 0x20, 0x2d, 0x2d, 0x63, 0x2d, 0x73, 0x79,
    0x73, 0x3a, 0x76, 0x61, 0x72, 0x28, 0x2d, 0x2d, 0x72, 0x65, 0x64, 0x29, 0x3b, 0x0a, 0x20, 0x20,
    0x20, 0x20, 0x2d, 0x2d, 0x64, 0x61, 0x6e, 0x67, 0x65, 0x72, 0x3a, 0x23, 0x46, 0x46, 0x38, 0x41,
    0x39, 0x33, 0x3b, 0x0a, 0x20, 0x20, 0x20, 0x20, 0x2d, 0x2d, 0x63, 0x61, 0x70, 0x2d, 0x73, 0x68,
    0x61, 0x64, 0x6f, 0x77, 0x3a, 0x69, 0x6e, 0x73, 0x65, 0x74, 0x20, 0x30, 0x20, 0x31, 0x70, 0x78,
    0x20, 0x30, 0x20, 0x72, 0x67, 0x62, 0x61, 0x28, 0x32, 0x35, 0x35, 0x2c, 0x32, 0x35, 0x35, 0x2c,
    0x32, 0x35, 0x35, 0x2c, 0x2e, 0x30, 0x37, 0x29, 0x2c, 0x20, 0x30, 0x20, 0x32, 0x70, 0x78, 0x20,
    0x36, 0x70, 0x78, 0x20, 0x72, 0x67, 0x62, 0x61, 0x28, 0x30, 0x2c, 0x30, 0x2c, 0x30, 0x2c, 0x2e,
    0x35, 0x35, 0x29, 0x3b, 0x0a, 0x20, 0x20, 0x20, 0x20, 0x2d, 0x2d, 0x68, 0x65, 0x6c, 0x64, 0x2d,
    0x69, 0x6e, 0x6b, 0x3a, 0x23, 0x31, 0x34, 0x31, 0x36, 0x31, 0x41, 0x3b, 0x0a, 0x20, 0x20, 0x7d,
    0x0a, 0x7d, 0x0a, 0x3a, 0x72, 0x6f, 0x6f, 0x74, 0x5b, 0x64, 0x61, 0x74, 0x61, 0x2d, 0x74, 0x68,
    0x65, 0x6d, 0x65, 0x3d, 0x22, 0x64, 0x61, 0x72, 0x6b, 0x22, 0x5d, 0x7b, 0x0a, 0x20, 0x20, 0x2d,
    0x2d, 0x62, 0x67, 0x3a, 0x23, 0x31, 0x34, 0x31, 0x36, 0x31, 0x41, 0x3b, 0x0a, 0x20, 0x20, 0x2d,
    0x2d, 0x62, 0x6f, 0x61, 0x72, 0x64, 0x2d, 0x61, 0x3a, 0x23, 0x31, 0x42, 0x31, 0x46, 0x32, 0x35,
    0x3b, 0x20, 0x2d, 0x2d, 0x62, 0x6f, 0x61, 0x72, 0x64, 0x2d, 0x62, 0x3a, 0x23, 0x30, 0x45, 0x31,
    0x30, 0x31, 0x33, 0x3b, 0x0a, 0x20, 0x20, 0x2d, 0x2d, 0x73, 0x75, 0x72, 0x66, 0x61, 0x63, 0x65,
    0x3a, 0x23, 0x31, 0x38, 0x31, 0x42, 0x32, 0x30, 0x3b, 0x20, 0x2d, 0x2d, 0x73, 0x75, 0x72, 0x66,
    0x61, 0x63, 0x65, 0x2d, 0x32, 0x3a, 0x23, 0x32, 0x32, 0x32, 0x38, 0x33, 0x31, 0x3b, 0x20, 0x2d,
    0x2d, 0x70, 0x6c, 0x61, 0x74, 0x65, 0x3a, 0x23, 0x31, 0x30, 0x31, 0x33, 0x31, 0x37, 0x3b, 0x0a,
    0x0a, 0x20, 0x20, 0x2d, 0x2d, 0x63, 0x61, 0x70, 0x3a, 0x72, 0x67, 0x62, 0x61, 0x28, 0x32, 0x32,
    0x36, 0x2c, 0x32, 0x33, 0x32, 0x2c, 0x32, 0x34, 0x30, 0x2c, 0x2e, 0x31, 0x31, 0x29, 0x3b, 0x0a,
    0x20, 0x20, 0x2d, 0x2d, 0x63, 0x61, 0x70, 0x2d, 0x65, 0x64, 0x67, 0x65, 0x3a, 0x72, 0x67, 0x62,
    0x61, 0x28, 0x32, 0x32, 0x36, 0x2c, 0x32, 0x33, 0x32, 0x2c, 0x32, 0x34, 0x30, 0x2c, 0x2e, 0x32,
    0x36, 0x29, 0x3b, 0x0a, 0x0a, 0x20, 0x20, 0x2d, 0x2d, 0x72, 0x65, 0x64, 0x3a, 0x23, 0x46, 0x46,
    0x34, 0x42, 0x35, 0x37, 0x3b, 0x20, 0x2d, 0x2d, 0x72, 0x65, 0x64, 0x2d, 0x64, 0x65, 0x65, 0x70,
    0x3a, 0x23, 0x43, 0x38, 0x31, 0x45, 0x32, 0x41, 0x3b, 0x20, 0x2d, 0x2d, 0x72, 0x65, 0x64, 0x2d,
    0x73, 0x6f, 0x66, 0x74, 0x3a, 0x72, 0x67, 0x62, 0x61, 0x28, 0x32, 0x35, 0x35, 0x2c, 0x37, 0x35,
    0x2c, 0x38, 0x37, 0x2c, 0x2e, 0x31, 0x36, 0x29, 0x3b, 0x0a, 0x20, 0x20, 0x2d, 0x2d, 0x6c, 0x65,
    0x67, 0x65, 0x6e, 0x64, 0x3a, 0x23, 0x46, 0x46, 0x35, 0x41, 0x36, 0x34, 0x3b, 0x0a, 0x0a, 0x20,
    0x20, 0x2d, 0x2d, 0x69, 0x6e, 0x6b, 0x3a, 0x23, 0x45, 0x36, 0x45, 0x41, 0x46, 0x30, 0x3b, 0x20,
    0x2d, 0x2d, 0x69, 0x6e, 0x6b, 0x2d, 0x32, 0x3a, 0x23, 0x41, 0x32, 0x41, 0x42, 0x42, 0x38, 0x3b,
    0x20, 0x2d, 0x2d, 0x69, 0x6e, 0x6b, 0x2d, 0x33, 0x3a, 0x23, 0x36, 0x45, 0x37, 0x38, 0x38, 0x35,
    0x3b, 0x0a, 0x20, 0x20, 0x2d, 0x2d, 0x72, 0x75, 0x6c, 0x65, 0x3a, 0x23, 0x32, 0x42, 0x33, 0x32,
    0x33, 0x42, 0x3b, 0x20, 0x2d, 0x2d, 0x72, 0x75, 0x6c, 0x65, 0x2d, 0x32, 0x3a, 0x23, 0x31, 0x46,
    0x32, 0x34, 0x32, 0x42, 0x3b, 0x0a, 0x0a, 0x20, 0x20, 0x2d, 0x2d, 0x63, 0x2d, 0x62, 0x61, 0x73,
    0x65, 0x3a, 0x76, 0x61, 0x72, 0x28, 0x2d, 0x2d, 0x72, 0x65, 0x64, 0x29, 0x3b, 0x20, 0x2d, 0x2d,
    0x63, 0x2d, 0x78, 0x74, 0x72, 0x61, 0x3a, 0x76, 0x61, 0x72, 0x28, 0x2d, 0x2d, 0x72, 0x65, 0x64,
    0x29, 0x3b, 0x20, 0x2d, 0x2d, 0x63, 0x2d, 0x66, 0x6e, 0x3a, 0x76, 0x61, 0x72, 0x28, 0x2d, 0x2d,
    0x72, 0x65, 0x64, 0x29, 0x3b, 0x20, 0x2d, 0x2d, 0x63, 0x2d, 0x73, 0x79, 0x73, 0x3a, 0x76, 0x61,
    0x72, 0x28, 0x2d, 0x2d, 0x72, 0x65, 0x64, 0x29, 0x3b, 0x0a, 0x20, 0x20, 0x2d, 0x2d, 0x64, 0x61,
    0x6e, 0x67, 0x65, 0x72, 0x3a, 0x23, 0x46, 0x46, 0x38, 0x41, 0x39, 0x33, 0x3b, 0x0a, 0x20, 0x20,
    0x2d, 0x2d, 0x63, 0x61, 0x70, 0x2d, 0x73, 0x68, 0x61, 0x64, 0x6f, 0x77, 0x3a, 0x69, 0x6e, 0x73,
    0x65, 0x74, 0x20, 0x30, 0x20, 0x31, 0x70, 0x78, 0x20, 0x30, 0x20, 0x72, 0x67, 0x62, 0x61, 0x28,
    0x32, 0x35, 0x35, 0x2c, 0x32, 0x35, 0x35, 0x2c, 0x32, 0x35, 0x35, 0x2c, 0x2e, 0x30, 0x37, 0x29,
    0x2c, 0x20, 0x30, 0x20, 0x32, 0x70, 0x78, 0x20, 0x36, 0x70, 0x78, 0x20, 0x72, 0x67, 0x62, 0x61,
    0x28, 0x30, 0x2c, 0x30, 0x2c, 0x30, 0x2c, 0x2e, 0x35, 0x35, 0x29, 0x3b, 0x0a, 0x20, 0x20, 0x2d,
    0x2d, 0x68, 0x65, 0x6c, 0x64, 0x2d, 0x69, 0x6e, 0x6b, 0x3a, 0x23, 0x31, 0x34, 0x31, 0x36, 0x31,
    0x41, 0x3b, 0x0a, 0x7d, 0x0a, 0x0a, 0x2a, 0x7b, 0x62, 0x6f, 0x78, 0x2d, 0x73, 0x69, 0x7a, 0x69,
    0x6e, 0x67, 0x3a, 0x62, 0x6f, 0x72, 0x64, 0x65, 0x72, 0x2d, 0x62, 0x6f, 0x78, 0x7d, 0x0a, 0x68,
    0x74, 0x6d, 0x6c, 0x7b, 0x2d, 0x77, 0x65, 0x62, 0x6b, 0x69, 0x74, 0x2d, 0x74, 0x65, 0x78, 0x74,
    0x2d, 0x73, 0x69, 0x7a, 0x65, 0x2d, 0x61, 0x64, 0x6a, 0x75, 0x73, 0x74, 0x3a, 0x31, 0x30, 0x30,
    0x25, 0x7d, 0x0a, 0x62, 0x6f, 0x64, 0x79, 0x7b, 0x0a, 0x20, 0x20, 0x6d, 0x61, 0x72, 0x67, 0x69,
    0x6e, 0x3a, 0x30, 0x3b, 0x20, 0x62, 0x61, 0x63, 0x6b, 0x67, 0x72, 0x6f, 0x75, 0x6e, 0x64, 0x3a,
    0x76, 0x61, 0x72, 0x28, 0x2d, 0x2d, 0x62, 0x67, 0x29, 0x3b, 0x20, 0x63, 0x6f, 0x6c, 0x6f, 0x72,
    0x3a, 0x76, 0x61, 0x72, 0x28, 0x2d, 0x2d, 0x69, 0x6e, 0x6b, 0x29, 0x3b, 0x0a, 0x20, 0x20, 0x66,
    0x6f, 0x6e, 0x74, 0x2d, 0x66, 0x61, 0x6d, 0x69, 0x6c, 0x79, 0x3a, 0x75, 0x69, 0x2d, 0x73, 0x61,
    0x6e, 0x73, 0x2d, 0x73, 0x65, 0x72, 0x69, 0x66, 0x2c, 0x73, 0x79, 0x73, 0x74, 0x65, 0x6d, 0x2d,
    0x75, 0x69, 0x2c, 0x2d, 0x61, 0x70, 0x70, 0x6c, 0x65, 0x2d, 0x73, 0x79, 0x73, 0x74, 0x65, 0x6d,
    0x2c, 0x22, 0x53, 0x65, 0x67, 0x6f, 0x65, 0x20, 0x55, 0x49, 0x22, 0x2c, 0x52, 0x6f, 0x62, 0x6f,
    0x74, 0x6f, 0x2c, 0x22, 0x48, 0x65, 0x6c, 0x76, 0x65, 0x74, 0x69, 0x63, 0x61, 0x20, 0x4e, 0x65,
    0x75, 0x65, 0x22, 0x2c, 0x73, 0x61, 0x6e, 0x73, 0x2d, 0x73, 0x65, 0x72, 0x69, 0x66, 0x3b, 0x0a,
    0x20, 0x20, 0x66, 0x6f, 0x6e, 0x74, 0x2d, 0x73, 0x69, 0x7a, 0x65, 0x3a, 0x31, 0x35, 0x70, 0x78,
    0x3b, 0x20, 0x6c, 0x69, 0x6e, 0x65, 0x2d, 0x68, 0x65, 0x69, 0x67, 0x68, 0x74, 0x3a, 0x31, 0x2e,
    0x36, 0x3b, 0x0a, 0x7d, 0x0a, 0x2e, 0x6d, 0x6f, 0x6e, 0x6f, 0x7b, 0x66, 0x6f, 0x6e, 0x74, 0x2d,
    0x66, 0x61, 0x6d, 0x69, 0x6c, 0x79, 0x3a, 0x75, 0x69, 0x2d, 0x6d, 0x6f, 0x6e, 0x6f, 0x73, 0x70,
    0x61, 0x63, 0x65, 0x2c, 0x22, 0x53, 0x46, 0x20, 0x4d, 0x6f, 0x6e, 0x6f, 0x22, 0x2c, 0x22, 0x4a,
    0x65, 0x74, 0x42, 0x72, 0x61, 0x69, 0x6e, 0x73, 0x20, 0x4d, 0x6f, 0x6e, 0x6f, 0x22, 0x2c, 0x22,
    0x43, 0x61, 0x73, 0x63, 0x61, 0x64, 0x69, 0x61, 0x20, 0x4d, 0x6f, 0x6e, 0x6f, 0x22, 0x2c, 0x4d,
    0x65, 0x6e, 0x6c, 0x6f, 0x2c, 0x43, 0x6f, 0x6e, 0x73, 0x6f, 0x6c, 0x61, 0x73, 0x2c, 0x6d, 0x6f,
    0x6e, 0x6f, 0x73, 0x70, 0x61, 0x63, 0x65, 0x7d, 0x0a, 0x2e, 0x77, 0x72, 0x61, 0x70, 0x7b, 0x6d,
    0x61, 0x78, 0x2d, 0x77, 0x69, 0x64, 0x74, 0x68, 0x3a, 0x31, 0x30, 0x30, 0x30, 0x70, 0x78, 0x3b,
    0x6d, 0x61, 0x72, 0x67, 0x69, 0x6e, 0x3a, 0x30, 0x20, 0x61, 0x75, 0x74, 0x6f, 0x3b, 0x70, 0x61,
    0x64, 0x64, 0x69, 0x6e, 0x67, 0x3a, 0x30, 0x20, 0x32, 0x34, 0x70, 0x78, 0x7d, 0x0a, 0x0a, 0x2f,
    0x2a, 0x20, 0x2d, 0x2d, 0x2d, 0x2d, 0x2d, 0x2d, 0x2d, 0x2d, 0x2d, 0x2d, 0x20, 0x6d, 0x61, 0x73,
    0x74, 0x68, 0x65, 0x61, 0x64, 0x20, 0x2d, 0x2d, 0x2d, 0x2d, 0x2d, 0x2d, 0x2d, 0x2d, 0x2d, 0x2d,
    0x20, 0x2a, 0x2f, 0x0a, 0x2e, 0x6d, 0x61, 0x73, 0x74, 0x7b, 0x70, 0x61, 0x64, 0x64, 0x69, 0x6e,
    0x67, 0x3a, 0x34, 0x34, 0x70, 0x78, 0x20, 0x30, 0x20, 0x32, 0x36, 0x70, 0x78, 0x7d, 0x0a, 0x2e,
    0x65, 0x79, 0x65, 0x62, 0x72, 0x6f, 0x77, 0x7b, 0x0a, 0x20, 0x20, 0x66, 0x6f, 0x6e, 0x74, 0x2d,
    0x66, 0x61, 0x6d, 0x69, 0x6c, 0x79, 0x3a, 0x75, 0x69, 0x2d, 0x6d, 0x6f, 0x6e, 0x6f, 0x73, 0x70,
    0x61, 0x63, 0x65, 0x2c, 0x22, 0x53, 0x46, 0x20, 0x4d, 0x6f, 0x6e, 0x6f, 0x22, 0x2c, 0x22, 0x4a,
    0x65, 0x74, 0x42, 0x72, 0x61, 0x69, 0x6e, 0x73, 0x20, 0x4d, 0x6f, 0x6e, 0x6f, 0x22, 0x2c, 0x4d,
    0x65, 0x6e, 0x6c, 0x6f, 0x2c, 0x43, 0x6f, 0x6e, 0x73, 0x6f, 0x6c, 0x61, 0x73, 0x2c, 0x6d, 0x6f,
    0x6e, 0x6f, 0x73, 0x70, 0x61, 0x63, 0x65, 0x3b, 0x0a, 0x20, 0x20, 0x66, 0x6f, 0x6e, 0x74, 0x2d,
    0x73, 0x69, 0x7a, 0x65, 0x3a, 0x31, 0x31, 0x70, 0x78, 0x3b, 0x6c, 0x65, 0x74, 0x74, 0x65, 0x72,
    0x2d, 0x73, 0x70, 0x61, 0x63, 0x69, 0x6e, 0x67, 0x3a, 0x2e, 0x31, 0x36, 0x65, 0x6d, 0x3b, 0x74,
    0x65, 0x78, 0x74, 0x2d, 0x74, 0x72, 0x61, 0x6e, 0x73, 0x66, 0x6f, 0x72, 0x6d, 0x3a, 0x75, 0x70,
    0x70, 0x65, 0x72, 0x63, 0x61, 0x73, 0x65, 0x3b, 0x63, 0x6f, 0x6c, 0x6f, 0x72, 0x3a, 0x76, 0x61,
    0x72, 0x28, 0x2d, 0x2d, 0x69, 0x6e, 0x6b, 0x2d, 0x33, 0x29, 0x3b, 0x0a, 0x20, 0x20, 0x64, 0x69,
    0x73, 0x70, 0x6c, 0x61, 0x79, 0x3a, 0x66, 0x6c, 0x65, 0x78, 0x3b, 0x67, 0x61, 0x70, 0x3a, 0x31,
    0x30, 0x70, 0x78, 0x3b, 0x61, 0x6c, 0x69, 0x67, 0x6e, 0x2d, 0x69, 0x74, 0x65, 0x6d, 0x73, 0x3a,
    0x63, 0x65, 0x6e, 0x74, 0x65, 0x72, 0x3b, 0x66, 0x6c, 0x65, 0x78, 0x2d, 0x77, 0x72, 0x61, 0x70,
    0x3a, 0x77, 0x72, 0x61, 0x70, 0x3b, 0x0a, 0x7d, 0x0a, 0x2e, 0x65, 0x79, 0x65, 0x62, 0x72, 0x6f,
    0x77, 0x20, 0x62, 0x7b, 0x63, 0x6f, 0x6c, 0x6f, 0x72, 0x3a, 0x76, 0x61, 0x72, 0x28, 0x2d, 0x2d,
    0x69, 0x6e, 0x6b, 0x2d, 0x32, 0x29, 0x3b, 0x66, 0x6f, 0x6e, 0x74, 0x2d, 0x77, 0x65, 0x69, 0x67,
    0x68, 0x74, 0x3a, 0x35, 0x30, 0x30, 0x7d, 0x0a, 0x68, 0x31, 0x7b, 0x0a, 0x20, 0x20, 0x66, 0x6f,
    0x6e, 0x74, 0x2d, 0x66, 0x61, 0x6d, 0x69, 0x6c, 0x79, 0x3a, 0x75, 0x69, 0x2d, 0x6d, 0x6f, 0x6e,
    0x6f, 0x73, 0x70, 0x61, 0x63, 0x65, 0x2c, 0x22, 0x53, 0x46, 0x20, 0x4d, 0x6f, 0x6e, 0x6f, 0x22,
    0x2c, 0x22, 0x4a, 0x65, 0x74, 0x42, 0x72, 0x61, 0x69, 0x6e, 0x73, 0x20, 0x4d, 0x6f, 0x6e, 0x6f,
    0x22, 0x2c, 0x4d, 0x65, 0x6e, 0x6c, 0x6f, 0x2c, 0x43, 0x6f, 0x6e, 0x73, 0x6f, 0x6c, 0x61, 0x73,
    0x2c, 0x6d, 0x6f, 0x6e, 0x6f, 0x73, 0x70, 0x61, 0x63, 0x65, 0x3b, 0x0a, 0x20, 0x20, 0x66, 0x6f,
    0x6e, 0x74, 0x2d, 0x73, 0x69, 0x7a, 0x65, 0x3a, 0x63, 0x6c, 0x61, 0x6d, 0x70, 0x28, 0x32, 0x38,
    0x70, 0x78, 0x2c, 0x34, 0x2e, 0x34, 0x76, 0x77, 0x2c, 0x34, 0x34, 0x70, 0x78, 0x29, 0x3b, 0x6c,
    0x69, 0x6e, 0x65, 0x2d, 0x68, 0x65, 0x69, 0x67, 0x68, 0x74, 0x3a, 0x31, 0x2e, 0x30, 0x34, 0x3b,
    0x6c, 0x65, 0x74, 0x74, 0x65, 0x72, 0x2d, 0x73, 0x70, 0x61, 0x63, 0x69, 0x6e, 0x67, 0x3a, 0x2d,
    0x2e, 0x30, 0x32, 0x35, 0x65, 0x6d, 0x3b, 0x0a, 0x20, 0x20, 0x66, 0x6f, 0x6e, 0x74, 0x2d, 0x77,
    0x65, 0x69, 0x67, 0x68, 0x74, 0x3a, 0x36, 0x35, 0x30, 0x3b, 0x6d, 0x61, 0x72, 0x67, 0x69, 0x6e,
    0x3a, 0x31, 0x34, 0x70, 0x78, 0x20, 0x30, 0x20, 0x30, 0x3b, 0x74, 0x65, 0x78, 0x74, 0x2d, 0x77,
    0x72, 0x61, 0x70, 0x3a, 0x62, 0x61, 0x6c, 0x61, 0x6e, 0x63, 0x65, 0x3b, 0x0a, 0x7d, 0x0a, 0x2e,
    0x6c, 0x65, 0x64, 0x65, 0x7b, 0x6d, 0x61, 0x78, 0x2d, 0x77, 0x69, 0x64, 0x74, 0x68, 0x3a, 0x36,
    0x34, 0x63, 0x68, 0x3b, 0x63, 0x6f, 0x6c, 0x6f, 0x72, 0x3a, 0x76, 0x61, 0x72, 0x28, 0x2d, 0x2d,
    0x69, 0x6e, 0x6b, 0x2d, 0x32, 0x29, 0x3b, 0x6d, 0x61, 0x72, 0x67, 0x69, 0x6e, 0x3a, 0x31, 0x34,
    0x70, 0x78, 0x20, 0x30, 0x20, 0x30, 0x3b, 0x66, 0x6f, 0x6e, 0x74, 0x2d, 0x73, 0x69, 0x7a, 0x65,
    0x3a, 0x31, 0x36, 0x70, 0x78, 0x7d, 0x0a, 0x2e, 0x73, 0x70, 0x65, 0x63, 0x73, 0x7b, 0x0a, 0x20,
    0x20, 0x64, 0x69, 0x73, 0x70, 0x6c, 0x61, 0x79, 0x3a, 0x66, 0x6c, 0x65, 0x78, 0x3b, 0x66, 0x6c,
    0x65, 0x78, 0x2d, 0x77, 0x72, 0x61, 0x70, 0x3a, 0x77, 0x72, 0x61, 0x70, 0x3b, 0x67, 0x61, 0x70,
    0x3a, 0x30, 0x20, 0x32, 0x38, 0x70, 0x78, 0x3b, 0x6d, 0x61, 0x72, 0x67, 0x69, 0x6e, 0x2d, 0x74,
    0x6f, 0x70, 0x3a, 0x32, 0x32, 0x70, 0x78, 0x3b, 0x0a, 0x20, 0x20, 0x62, 0x6f, 0x72, 0x64, 0x65,
    0x72, 0x2d, 0x74, 0x6f, 0x70, 0x3a, 0x31, 0x70, 0x78, 0x20, 0x73, 0x6f, 0x6c, 0x69, 0x64, 0x20,
    0x76, 0x61, 0x72, 0x28, 0x2d, 0x2d, 0x72, 0x75, 0x6c, 0x65, 0x29, 0x3b, 0x70, 0x61, 0x64, 0x64,
    0x69, 0x6e, 0x67, 0x2d, 0x74, 0x6f, 0x70, 0x3a, 0x31, 0x34, 0x70, 0x78, 0x3b, 0x0a, 0x7d, 0x0a,
    0x2e, 0x73, 0x70, 0x65, 0x63, 0x7b, 0x64, 0x69, 0x73, 0x70, 0x6c, 0x61, 0x79, 0x3a, 0x66, 0x6c,
    0x65, 0x78, 0x3b, 0x66, 0x6c, 0x65, 0x78, 0x2d, 0x64, 0x69, 0x72, 0x65, 0x63, 0x74, 0x69, 0x6f,
    0x6e, 0x3a, 0x63, 0x6f, 0x6c, 0x75, 0x6d, 0x6e, 0x3b, 0x67, 0x61, 0x70, 0x3a, 0x31, 0x70, 0x78,
    0x3b, 0x70, 0x61, 0x64, 0x64, 0x69, 0x6e, 0x67, 0x3a, 0x34, 0x70, 0x78, 0x20, 0x30, 0x7d, 0x0a,
    0x2e, 0x73, 0x70, 0x65, 0x63, 0x20, 0x64, 0x74, 0x7b, 0x66, 0x6f, 0x6e, 0x74, 0x2d, 0x73, 0x69,
    0x7a, 0x65, 0x3a, 0x31, 0x30, 0x2e, 0x35, 0x70, 0x78, 0x3b, 0x6c, 0x65, 0x74, 0x74, 0x65, 0x72,
    0x2d, 0x73, 0x70, 0x61, 0x63, 0x69, 0x6e, 0x67, 0x3a, 0x2e, 0x31, 0x33, 0x65, 0x6d, 0x3b, 0x74,
    0x65, 0x78, 0x74, 0x2d, 0x74, 0x72, 0x61, 0x6e, 0x73, 0x66, 0x6f, 0x72, 0x6d, 0x3a, 0x75, 0x70,
    0x70, 0x65, 0x72, 0x63, 0x61, 0x73, 0x65, 0x3b, 0x63, 0x6f, 0x6c, 0x6f, 0x72, 0x3a, 0x76, 0x61,
    0x72, 0x28, 0x2d, 0x2d, 0x69, 0x6e, 0x6b, 0x2d, 0x33, 0x29, 0x7d, 0x0a, 0x2e, 0x73, 0x70, 0x65,
    0x63, 0x20, 0x64, 0x64, 0x7b, 0x6d, 0x61, 0x72, 0x67, 0x69, 0x6e, 0x3a, 0x30, 0x3b, 0x66, 0x6f,
    0x6e, 0x74, 0x2d, 0x73, 0x69, 0x7a, 0x65, 0x3a, 0x31, 0x33, 0x2e, 0x35, 0x70, 0x78, 0x3b, 0x66,
    0x6f, 0x6e, 0x74, 0x2d, 0x76, 0x61, 0x72, 0x69, 0x61, 0x6e, 0x74, 0x2d, 0x6e, 0x75, 0x6d, 0x65,
    0x72, 0x69, 0x63, 0x3a, 0x74, 0x61, 0x62, 0x75, 0x6c, 0x61, 0x72, 0x2d, 0x6e, 0x75, 0x6d, 0x73,
    0x3b, 0x63, 0x6f, 0x6c, 0x6f, 0x72, 0x3a, 0x76, 0x61, 0x72, 0x28, 0x2d, 0x2d, 0x69, 0x6e, 0x6b,
    0x29, 0x7d, 0x0a, 0x0a, 0x2f, 0x2a, 0x20, 0x2d, 0x2d, 0x2d, 0x2d, 0x2d, 0x2d, 0x2d, 0x2d, 0x2d,
    0x2d, 0x20, 0x6c, 0x61, 0x79, 0x65, 0x72, 0x20, 0x74, 0x61, 0x62, 0x73, 0x20, 0x2d, 0x2d, 0x2d,
    0x2d, 0x2d, 0x2d, 0x2d, 0x2d, 0x2d, 0x2d, 0x20, 0x2a, 0x2f, 0x0a, 0x2e, 0x74, 0x61, 0x62, 0x62,
    0x61, 0x72, 0x7b, 0x0a, 0x20, 0x20, 0x70, 0x6f, 0x73, 0x69, 0x74, 0x69, 0x6f, 0x6e, 0x3a, 0x73,
    0x74, 0x69, 0x63, 0x6b, 0x79, 0x3b, 0x74, 0x6f, 0x70, 0x3a, 0x30, 0x3b, 0x7a, 0x2d, 0x69, 0x6e,
    0x64, 0x65, 0x78, 0x3a, 0x33, 0x30, 0x3b, 0x62, 0x61, 0x63, 0x6b, 0x67, 0x72, 0x6f, 0x75, 0x6e,
    0x64, 0x3a, 0x76, 0x61, 0x72, 0x28, 0x2d, 0x2d, 0x62, 0x67, 0x29, 0x3b, 0x0a, 0x20, 0x20, 0x62,
    0x6f, 0x72, 0x64, 0x65, 0x72, 0x2d, 0x62, 0x6f, 0x74, 0x74, 0x6f, 0x6d, 0x3a, 0x31, 0x70, 0x78,
    0x20, 0x73, 0x6f, 0x6c, 0x69, 0x64, 0x20, 0x76, 0x61, 0x72, 0x28, 0x2d, 0x2d, 0x72, 0x75, 0x6c,
    0x65, 0x29, 0x3b, 0x0a, 0x7d, 0x0a, 0x2e, 0x74, 0x61, 0x62, 0x62, 0x61, 0x72, 0x2d, 0x69, 0x6e,
    0x6e, 0x65, 0x72, 0x7b, 0x64, 0x69, 0x73, 0x70, 0x6c, 0x61, 0x79, 0x3a, 0x66, 0x6c, 0x65, 0x78,
    0x3b, 0x61, 0x6c, 0x69, 0x67, 0x6e, 0x2d, 0x69, 0x74, 0x65, 0x6d, 0x73, 0x3a, 0x66, 0x6c, 0x65,
    0x78, 0x2d, 0x65, 0x6e, 0x64, 0x3b, 0x67, 0x61, 0x70, 0x3a, 0x32, 0x70, 0x78, 0x3b, 0x6f, 0x76,
    0x65, 0x72, 0x66, 0x6c, 0x6f, 0x77, 0x2d, 0x78, 0x3a, 0x61, 0x75, 0x74, 0x6f, 0x3b, 0x73, 0x63,
    0x72, 0x6f, 0x6c, 0x6c, 0x62, 0x61, 0x72, 0x2d, 0x77, 0x69, 0x64, 0x74, 0x68, 0x3a, 0x74, 0x68,
    0x69, 0x6e, 0x7d, 0x0a, 0x2e, 0x74, 0x61, 0x62, 0x7b, 0x0a, 0x20, 0x20, 0x61, 0x70, 0x70, 0x65,
    0x61, 0x72, 0x61, 0x6e, 0x63, 0x65, 0x3a, 0x6e, 0x6f, 0x6e, 0x65, 0x3b, 0x62, 0x61, 0x63, 0x6b,
    0x67, 0x72, 0x6f, 0x75, 0x6e, 0x64, 0x3a, 0x6e, 0x6f, 0x6e, 0x65, 0x3b, 0x62, 0x6f, 0x72, 0x64,
    0x65, 0x72, 0x3a, 0x30, 0x3b, 0x63, 0x75, 0x72, 0x73, 0x6f, 0x72, 0x3a, 0x70, 0x6f, 0x69, 0x6e,
    0x74, 0x65, 0x72, 0x3b, 0x0a, 0x20, 0x20, 0x66, 0x6f, 0x6e, 0x74, 0x2d, 0x66, 0x61, 0x6d, 0x69,
    0x6c, 0x79, 0x3a, 0x75, 0x69, 0x2d, 0x6d, 0x6f, 0x6e, 0x6f, 0x73, 0x70, 0x61, 0x63, 0x65, 0x2c,
    0x22, 0x53, 0x46, 0x20, 0x4d, 0x6f, 0x6e, 0x6f, 0x22, 0x2c, 0x22, 0x4a, 0x65, 0x74, 0x42, 0x72,
    0x61, 0x69, 0x6e, 0x73, 0x20, 0x4d, 0x6f, 0x6e, 0x6f, 0x22, 0x2c, 0x4d, 0x65, 0x6e, 0x6c, 0x6f,
    0x2c, 0x43, 0x6f, 0x6e, 0x73, 0x6f, 0x6c, 0x61, 0x73, 0x2c, 0x6d, 0x6f, 0x6e, 0x6f, 0x73, 0x70,
    0x61, 0x63, 0x65, 0x3b, 0x0a, 0x20, 0x20, 0x66, 0x6f, 0x6e, 0x74, 0x2d, 0x73, 0x69, 0x7a, 0x65,
    0x3a, 0x31, 0x32, 0x2e, 0x35, 0x70, 0x78, 0x3b, 0x6c, 0x65, 0x74, 0x74, 0x65, 0x72, 0x2d, 0x73,
    0x70, 0x61, 0x63, 0x69, 0x6e, 0x67, 0x3a, 0x2e, 0x30, 0x39, 0x65, 0x6d, 0x3b, 0x66, 0x6f, 0x6e,
    0x74, 0x2d, 0x77, 0x65, 0x69, 0x67, 0x68, 0x74, 0x3a, 0x36, 0x30, 0x30, 0x3b, 0x0a, 0x20, 0x20,
    0x63, 0x6f, 0x6c, 0x6f, 0x72, 0x3a, 0x76, 0x61, 0x72, 0x28, 0x2d, 0x2d, 0x69, 0x6e, 0x6b, 0x2d,
    0x33, 0x29, 0x3b, 0x70, 0x61, 0x64, 0x64, 0x69, 0x6e, 0x67, 0x3a, 0x31, 0x35, 0x70, 0x78, 0x20,
    0x31, 0x35, 0x70, 0x78, 0x20, 0x31, 0x32, 0x70, 0x78, 0x3b, 0x77, 0x68, 0x69, 0x74, 0x65, 0x2d,
    0x73, 0x70, 0x61, 0x63, 0x65, 0x3a, 0x6e, 0x6f, 0x77, 0x72, 0x61, 0x70, 0x3b, 0x0a, 0x20, 0x20,
    0x62, 0x6f, 0x72, 0x64, 0x65, 0x72, 0x2d, 0x62, 0x6f, 0x74, 0x74, 0x6f, 0x6d, 0x3a, 0x32, 0x70,
    0x78, 0x20, 0x73, 0x6f, 0x6c, 0x69, 0x64, 0x20, 0x74, 0x72, 0x61, 0x6e, 0x73, 0x70, 0x61, 0x72,
    0x65, 0x6e, 0x74, 0x3b, 0x6d, 0x61, 0x72, 0x67, 0x69, 0x6e, 0x2d, 0x62, 0x6f, 0x74, 0x74, 0x6f,
    0x6d, 0x3a, 0x2d, 0x31, 0x70, 0x78, 0x3b, 0x0a, 0x7d, 0x0a, 0x2e, 0x74, 0x61, 0x62, 0x3a, 0x68,
    0x6f, 0x76, 0x65, 0x72, 0x7b, 0x63, 0x6f, 0x6c, 0x6f, 0x72, 0x3a, 0x76, 0x61, 0x72, 0x28, 0x2d,
    0x2d, 0x69, 0x6e, 0x6b, 0x29, 0x7d, 0x0a, 0x2e, 0x74, 0x61, 0x62, 0x20, 0x2e, 0x69, 0x64, 0x78,
    0x7b, 0x66, 0x6f, 0x6e, 0x74, 0x2d, 0x73, 0x69, 0x7a, 0x65, 0x3a, 0x31, 0x30, 0x70, 0x78, 0x3b,
    0x63, 0x6f, 0x6c, 0x6f, 0x72, 0x3a, 0x76, 0x61, 0x72, 0x28, 0x2d, 0x2d, 0x69, 0x6e, 0x6b, 0x2d,
    0x33, 0x29, 0x3b, 0x6d, 0x61, 0x72, 0x67, 0x69, 0x6e, 0x2d, 0x72, 0x69, 0x67, 0x68, 0x74, 0x3a,
    0x37, 0x70, 0x78, 0x3b, 0x66, 0x6f, 0x6e, 0x74, 0x2d, 0x77, 0x65, 0x69, 0x67, 0x68, 0x74, 0x3a,
    0x34, 0x30, 0x30, 0x7d, 0x0a, 0x2e, 0x74, 0x61, 0x62, 0x5b, 0x61, 0x72, 0x69, 0x61, 0x2d, 0x73,
    0x65, 0x6c, 0x65, 0x63, 0x74, 0x65, 0x64, 0x3d, 0x22, 0x74, 0x72, 0x75, 0x65, 0x22, 0x5d, 0x7b,
    0x63, 0x6f, 0x6c, 0x6f, 0x72, 0x3a, 0x76, 0x61, 0x72, 0x28, 0x2d, 0x2d, 0x6c, 0x63, 0x29, 0x3b,
    0x62, 0x6f, 0x72, 0x64, 0x65, 0x72, 0x2d, 0x62, 0x6f, 0x74, 0x74, 0x6f, 0x6d, 0x2d, 0x63, 0x6f,
    0x6c, 0x6f, 0x72, 0x3a, 0x76, 0x61, 0x72, 0x28, 0x2d, 0x2d, 0x6c, 0x63, 0x29, 0x7d, 0x0a, 0x2e,
    0x74, 0x61, 0x62, 0x5b, 0x61, 0x72, 0x69, 0x61, 0x2d, 0x73, 0x65, 0x6c, 0x65, 0x63, 0x74, 0x65,
    0x64, 0x3d, 0x22, 0x74, 0x72, 0x75, 0x65, 0x22, 0x5d, 0x20, 0x2e, 0x69, 0x64, 0x78, 0x7b, 0x63,
    0x6f, 0x6c, 0x6f, 0x72, 0x3a, 0x76, 0x61, 0x72, 0x28, 0x2d, 0x2d, 0x6c, 0x63, 0x29, 0x3b, 0x6f,
    0x70, 0x61, 0x63, 0x69, 0x74, 0x79, 0x3a, 0x2e, 0x37, 0x7d, 0x0a, 0x2e, 0x74, 0x61, 0x62, 0x5b,
    0x64, 0x61, 0x74, 0x61, 0x2d, 0x6c, 0x3d, 0x22, 0x62, 0x61, 0x73, 0x65, 0x22, 0x5d, 0x7b, 0x2d,
    0x2d, 0x6c, 0x63, 0x3a, 0x76, 0x61, 0x72, 0x28, 0x2d, 0x2d, 0x63, 0x2d, 0x62, 0x61, 0x73, 0x65,
    0x29, 0x7d, 0x20, 0x2e, 0x74, 0x61, 0x62, 0x5b, 0x64, 0x61, 0x74, 0x61, 0x2d, 0x6c, 0x3d, 0x22,
    0x78, 0x74, 0x72, 0x61, 0x22, 0x5d, 0x7b, 0x2d, 0x2d, 0x6c, 0x63, 0x3a, 0x76, 0x61, 0x72, 0x28,
    0x2d, 0x2d, 0x63, 0x2d, 0x78, 0x74, 0x72, 0x61, 0x29, 0x7d, 0x0a, 0x2e, 0x74, 0x61, 0x62, 0x5b,
    0x64, 0x61, 0x74, 0x61, 0x2d, 0x6c, 0x3d, 0x22, 0x66, 0x6e, 0x22, 0x5d, 0x7b, 0x2d, 0x2d, 0x6c,
    0x63, 0x3a, 0x76, 0x61, 0x72, 0x28, 0x2d, 0x2d, 0x63, 0x2d, 0x66, 0x6e, 0x29, 0x7d, 0x20, 0x2e,
    0x74, 0x61, 0x62, 0x5b, 0x64, 0x61, 0x74, 0x61, 0x2d, 0x6c, 0x3d, 0x22, 0x73, 0x79, 0x73, 0x22,
    0x5d, 0x7b, 0x2d, 0x2d, 0x6c, 0x63, 0x3a, 0x76, 0x61, 0x72, 0x28, 0x2d, 0x2d, 0x63, 0x2d, 0x73,
    0x79, 0x73, 0x29, 0x7d, 0x0a, 0x2e, 0x74, 0x61, 0x62, 0x62, 0x61, 0x72, 0x20, 0x2e, 0x6f, 0x70,
    0x74, 0x73, 0x7b, 0x6d, 0x61, 0x72, 0x67, 0x69, 0x6e, 0x2d, 0x6c, 0x65, 0x66, 0x74, 0x3a, 0x61,
    0x75, 0x74, 0x6f, 0x3b, 0x64, 0x69, 0x73, 0x70, 0x6c, 0x61, 0x79, 0x3a, 0x66, 0x6c, 0x65, 0x78,
    0x3b, 0x67, 0x61, 0x70, 0x3a, 0x31, 0x36, 0x70, 0x78, 0x3b, 0x61, 0x6c, 0x69, 0x67, 0x6e, 0x2d,
    0x69, 0x74, 0x65, 0x6d, 0x73, 0x3a, 0x63, 0x65, 0x6e, 0x74, 0x65, 0x72, 0x3b, 0x70, 0x61, 0x64,
    0x64, 0x69, 0x6e, 0x67, 0x3a, 0x30, 0x20, 0x34, 0x70, 0x78, 0x20, 0x31, 0x31, 0x70, 0x78, 0x7d,
    0x0a, 0x2e, 0x6f, 0x70, 0x74, 0x7b, 0x0a, 0x20, 0x20, 0x64, 0x69, 0x73, 0x70, 0x6c, 0x61, 0x79,
    0x3a, 0x66, 0x6c, 0x65, 0x78, 0x3b, 0x67, 0x61, 0x70, 0x3a, 0x37, 0x70, 0x78, 0x3b, 0x61, 0x6c,
    0x69, 0x67, 0x6e, 0x2d, 0x69, 0x74, 0x65, 0x6d, 0x73, 0x3a, 0x63, 0x65, 0x6e, 0x74, 0x65, 0x72,
    0x3b, 0x63, 0x75, 0x72, 0x73, 0x6f, 0x72, 0x3a, 0x70, 0x6f, 0x69, 0x6e, 0x74, 0x65, 0x72, 0x3b,
    0x0a, 0x20, 0x20, 0x66, 0x6f, 0x6e, 0x74, 0x2d, 0x73, 0x69, 0x7a, 0x65, 0x3a, 0x31, 0x31, 0x70,
    0x78, 0x3b, 0x6c, 0x65, 0x74, 0x74, 0x65, 0x72, 0x2d, 0x73, 0x70, 0x61, 0x63, 0x69, 0x6e, 0x67,
    0x3a, 0x2e, 0x30, 0x36, 0x65, 0x6d, 0x3b, 0x74, 0x65, 0x78, 0x74, 0x2d, 0x74, 0x72, 0x61, 0x6e,
    0x73, 0x66, 0x6f, 0x72, 0x6d, 0x3a, 0x75, 0x70, 0x70, 0x65, 0x72, 0x63, 0x61, 0x73, 0x65, 0x3b,
    0x63, 0x6f, 0x6c, 0x6f, 0x72, 0x3a, 0x76, 0x61, 0x72, 0x28, 0x2d, 0x2d, 0x69, 0x6e, 0x6b, 0x2d,
    0x33, 0x29, 0x3b, 0x77, 0x68, 0x69, 0x74, 0x65, 0x2d, 0x73, 0x70, 0x61, 0x63, 0x65, 0x3a, 0x6e,
    0x6f, 0x77, 0x72, 0x61, 0x70, 0x3b, 0x0a, 0x7d, 0x0a, 0x2e, 0x6f, 0x70, 0x74, 0x20, 0x69, 0x6e,
    0x70, 0x75, 0x74, 0x7b, 0x61, 0x63, 0x63, 0x65, 0x6e, 0x74, 0x2d, 0x63, 0x6f, 0x6c, 0x6f, 0x72,
    0x3a, 0x76, 0x61, 0x72, 0x28, 0x2d, 0x2d, 0x69, 0x6e, 0x6b, 0x2d, 0x32, 0x29, 0x3b, 0x77, 0x69,
    0x64, 0x74, 0x68, 0x3a, 0x31, 0x33, 0x70, 0x78, 0x3b, 0x68, 0x65, 0x69, 0x67, 0x68, 0x74, 0x3a,
    0x31, 0x33, 0x70, 0x78, 0x3b, 0x6d, 0x61, 0x72, 0x67, 0x69, 0x6e, 0x3a, 0x30, 0x3b, 0x63, 0x75,
    0x72, 0x73, 0x6f, 0x72, 0x3a, 0x70, 0x6f, 0x69, 0x6e, 0x74, 0x65, 0x72, 0x7d, 0x0a, 0x2e, 0x6f,
    0x70, 0x74, 0x3a, 0x68, 0x6f, 0x76, 0x65, 0x72, 0x7b, 0x63, 0x6f, 0x6c, 0x6f, 0x72, 0x3a, 0x76,
    0x61, 0x72, 0x28, 0x2d, 0x2d, 0x69, 0x6e, 0x6b, 0x2d, 0x32, 0x29, 0x7d, 0x0a, 0x0a, 0x2f, 0x2a,
    0x20, 0x2d, 0x2d, 0x2d, 0x2d, 0x2d, 0x2d, 0x2d, 0x2d, 0x2d, 0x2d, 0x20, 0x62, 0x6f, 0x61, 0x72,
    0x64, 0x20, 0x2d, 0x2d, 0x2d, 0x2d, 0x2d, 0x2d, 0x2d, 0x2d, 0x2d, 0x2d, 0x20, 0x2a, 0x2f, 0x0a,
    0x2e, 0x73, 0x74, 0x61, 0x67, 0x65, 0x7b, 0x62, 0x61, 0x63, 0x6b, 0x67, 0x72, 0x6f, 0x75, 0x6e,
    0x64, 0x3a, 0x76, 0x61, 0x72, 0x28, 0x2d, 0x2d, 0x73, 0x75, 0x72, 0x66, 0x61, 0x63, 0x65, 0x29,
    0x3b, 0x62, 0x6f, 0x72, 0x64, 0x65, 0x72, 0x2d, 0x62, 0x6f, 0x74, 0x74, 0x6f, 0x6d, 0x3a, 0x31,
    0x70, 0x78, 0x20, 0x73, 0x6f, 0x6c, 0x69, 0x64, 0x20, 0x76, 0x61, 0x72, 0x28, 0x2d, 0x2d, 0x72,
    0x75, 0x6c, 0x65, 0x29, 0x7d, 0x0a, 0x2e, 0x77, 0x61, 0x72, 0x6e, 0x62, 0x61, 0x72, 0x7b, 0x0a,
    0x20, 0x20, 0x6d, 0x61, 0x78, 0x2d, 0x77, 0x69, 0x64, 0x74, 0x68, 0x3a, 0x31, 0x30, 0x30, 0x30,
    0x70, 0x78, 0x3b, 0x6d, 0x61, 0x72, 0x67, 0x69, 0x6e, 0x3a, 0x30, 0x20, 0x61, 0x75, 0x74, 0x6f,
    0x3b, 0x70, 0x61, 0x64, 0x64, 0x69, 0x6e, 0x67, 0x3a, 0x31, 0x31, 0x70, 0x78, 0x20, 0x32, 0x34,
    0x70, 0x78, 0x3b, 0x66, 0x6f, 0x6e, 0x74, 0x2d, 0x73, 0x69, 0x7a, 0x65, 0x3a, 0x31, 0x32, 0x2e,
    0x35, 0x70, 0x78, 0x3b, 0x63, 0x6f, 0x6c, 0x6f, 0x72, 0x3a, 0x76, 0x61, 0x72, 0x28, 0x2d, 0x2d,
    0x69, 0x6e, 0x6b, 0x2d, 0x32, 0x29, 0x3b, 0x0a, 0x20, 0x20, 0x62, 0x6f, 0x72, 0x64, 0x65, 0x72,
    0x2d, 0x62, 0x6f, 0x74, 0x74, 0x6f, 0x6d, 0x3a, 0x31, 0x70, 0x78, 0x20, 0x64, 0x61, 0x73, 0x68,
    0x65, 0x64, 0x20, 0x76, 0x61, 0x72, 0x28, 0x2d, 0x2d, 0x72, 0x75, 0x6c, 0x65, 0x29, 0x3b, 0x6c,
    0x69, 0x6e, 0x65, 0x2d, 0x68, 0x65, 0x69, 0x67, 0x68, 0x74, 0x3a, 0x31, 0x2e, 0x35, 0x3b, 0x0a,
    0x7d, 0x0a, 0x2e, 0x77, 0x61, 0x72, 0x6e, 0x62, 0x61, 0x72, 0x20, 0x62, 0x7b, 0x0a, 0x20, 0x20,
    0x63, 0x6f, 0x6c, 0x6f, 0x72, 0x3a, 0x76, 0x61, 0x72, 0x28, 0x2d, 0x2d, 0x64, 0x61, 0x6e, 0x67,
    0x65, 0x72, 0x29, 0x3b, 0x66, 0x6f, 0x6e, 0x74, 0x2d, 0x66, 0x61, 0x6d, 0x69, 0x6c, 0x79, 0x3a,
    0x75, 0x69, 0x2d, 0x6d, 0x6f, 0x6e, 0x6f, 0x73, 0x70, 0x61, 0x63, 0x65, 0x2c, 0x22, 0x53, 0x46,
    0x20, 0x4d, 0x6f, 0x6e, 0x6f, 0x22, 0x2c, 0x4d, 0x65, 0x6e, 0x6c, 0x6f, 0x2c, 0x43, 0x6f, 0x6e,
    0x73, 0x6f, 0x6c, 0x61, 0x73, 0x2c, 0x6d, 0x6f, 0x6e, 0x6f, 0x73, 0x70, 0x61, 0x63, 0x65, 0x3b,
    0x0a, 0x20, 0x20, 0x66, 0x6f, 0x6e, 0x74, 0x2d, 0x73, 0x69, 0x7a, 0x65, 0x3a, 0x31, 0x30, 0x2e,
    0x35, 0x70, 0x78, 0x3b, 0x6c, 0x65, 0x74, 0x74, 0x65, 0x72, 0x2d, 0x73, 0x70, 0x61, 0x63, 0x69,
    0x6e, 0x67, 0x3a, 0x2e, 0x31, 0x33, 0x65, 0x6d, 0x3b, 0x74, 0x65, 0x78, 0x74, 0x2d, 0x74, 0x72,
    0x61, 0x6e, 0x73, 0x66, 0x6f, 0x72, 0x6d, 0x3a, 0x75, 0x70, 0x70, 0x65, 0x72, 0x63, 0x61, 0x73,
    0x65, 0x3b, 0x6d, 0x61, 0x72, 0x67, 0x69, 0x6e, 0x2d, 0x72, 0x69, 0x67, 0x68, 0x74, 0x3a, 0x38,
    0x70, 0x78, 0x3b, 0x0a, 0x7d, 0x0a, 0x2e, 0x62, 0x6f, 0x61, 0x72, 0x64, 0x2d, 0x66, 0x72, 0x61,
    0x6d, 0x65, 0x7b, 0x6f, 0x76, 0x65, 0x72, 0x66, 0x6c, 0x6f, 0x77, 0x2d, 0x78, 0x3a, 0x61, 0x75,
    0x74, 0x6f, 0x3b, 0x6f, 0x76, 0x65, 0x72, 0x66, 0x6c, 0x6f, 0x77, 0x2d, 0x79, 0x3a, 0x68, 0x69,
    0x64, 0x64, 0x65, 0x6e, 0x3b, 0x70, 0x61, 0x64, 0x64, 0x69, 0x6e, 0x67, 0x3a, 0x33, 0x30, 0x70,
    0x78, 0x20, 0x32, 0x34, 0x70, 0x78, 0x20, 0x32, 0x32, 0x70, 0x78, 0x3b, 0x6d, 0x61, 0x78, 0x2d,
    0x77, 0x69, 0x64, 0x74, 0x68, 0x3a, 0x31, 0x30, 0x30, 0x30, 0x70, 0x78, 0x3b, 0x6d, 0x61, 0x72,
    0x67, 0x69, 0x6e, 0x3a, 0x30, 0x20, 0x61, 0x75, 0x74, 0x6f, 0x7d, 0x0a, 0x2e, 0x62, 0x6f, 0x61,
    0x72, 0x64, 0x7b, 0x70, 0x6f, 0x73, 0x69, 0x74, 0x69, 0x6f, 0x6e, 0x3a, 0x72, 0x65, 0x6c, 0x61,
    0x74, 0x69, 0x76, 0x65, 0x3b, 0x77, 0x69, 0x64, 0x74, 0x68, 0x3a, 0x38, 0x30, 0x34, 0x70, 0x78,
    0x3b, 0x68, 0x65, 0x69, 0x67, 0x68, 0x74, 0x3a, 0x33, 0x31, 0x30, 0x70, 0x78, 0x3b, 0x66, 0x6c,
    0x65, 0x78, 0x3a, 0x6e, 0x6f, 0x6e, 0x65, 0x7d, 0x0a, 0x2e, 0x62, 0x6f, 0x61, 0x72, 0x64, 0x5b,
    0x64, 0x61, 0x74, 0x61, 0x2d, 0x6c, 0x3d, 0x22, 0x62, 0x61, 0x73, 0x65, 0x22, 0x5d, 0x7b, 0x2d,
    0x2d, 0x6c, 0x61, 0x79, 0x65, 0x72, 0x3a, 0x76, 0x61, 0x72, 0x28, 0x2d, 0x2d, 0x63, 0x2d, 0x62,
    0x61, 0x73, 0x65, 0x29, 0x7d, 0x20, 0x2e, 0x62, 0x6f, 0x61, 0x72, 0x64, 0x5b, 0x64, 0x61, 0x74,
    0x61, 0x2d, 0x6c, 0x3d, 0x22, 0x78, 0x74, 0x72, 0x61, 0x22, 0x5d, 0x7b, 0x2d, 0x2d, 0x6c, 0x61,
    0x79, 0x65, 0x72, 0x3a, 0x76, 0x61, 0x72, 0x28, 0x2d, 0x2d, 0x63, 0x2d, 0x78, 0x74, 0x72, 0x61,
    0x29, 0x7d, 0x0a, 0x2e, 0x62, 0x6f, 0x61, 0x72, 0x64, 0x5b, 0x64, 0x61, 0x74, 0x61, 0x2d, 0x6c,
    0x3d, 0x22, 0x66, 0x6e, 0x22, 0x5d, 0x7b, 0x2d, 0x2d, 0x6c, 0x61, 0x79, 0x65, 0x72, 0x3a, 0x76,
    0x61, 0x72, 0x28, 0x2d, 0x2d, 0x63, 0x2d, 0x66, 0x6e, 0x29, 0x7d, 0x20, 0x2e, 0x62, 0x6f, 0x61,
    0x72, 0x64, 0x5b, 0x64, 0x61, 0x74, 0x61, 0x2d, 0x6c, 0x3d, 0x22, 0x73, 0x79, 0x73, 0x22, 0x5d,
    0x7b, 0x2d, 0x2d, 0x6c, 0x61, 0x79, 0x65, 0x72, 0x3a, 0x76, 0x61, 0x72, 0x28, 0x2d, 0x2d, 0x63,
    0x2d, 0x73, 0x79, 0x73, 0x29, 0x7d, 0x0a, 0x0a, 0x2e, 0x6b, 0x65, 0x79, 0x7b, 0x0a, 0x20, 0x20,
    0x70, 0x6f, 0x73, 0x69, 0x74, 0x69, 0x6f, 0x6e, 0x3a, 0x61, 0x62, 0x73, 0x6f, 0x6c, 0x75, 0x74,
    0x65, 0x3b, 0x77, 0x69, 0x64, 0x74, 0x68, 0x3a, 0x35, 0x32, 0x70, 0x78, 0x3b, 0x68, 0x65, 0x69,
    0x67, 0x68, 0x74, 0x3a, 0x35, 0x32, 0x70, 0x78, 0x3b, 0x70, 0x61, 0x64, 0x64, 0x69, 0x6e, 0x67,
    0x3a, 0x33, 0x70, 0x78, 0x3b, 0x0a, 0x20, 0x20, 0x64, 0x69, 0x73, 0x70, 0x6c, 0x61, 0x79, 0x3a,
    0x66, 0x6c, 0x65, 0x78, 0x3b, 0x61, 0x6c, 0x69, 0x67, 0x6e, 0x2d, 0x69, 0x74, 0x65, 0x6d, 0x73,
    0x3a, 0x63, 0x65, 0x6e, 0x74, 0x65, 0x72, 0x3b, 0x6a, 0x75, 0x73, 0x74, 0x69, 0x66, 0x79, 0x2d,
    0x63, 0x6f, 0x6e, 0x74, 0x65, 0x6e, 0x74, 0x3a, 0x63, 0x65, 0x6e, 0x74, 0x65, 0x72, 0x3b, 0x74,
    0x65, 0x78, 0x74, 0x2d, 0x61, 0x6c, 0x69, 0x67, 0x6e, 0x3a, 0x63, 0x65, 0x6e, 0x74, 0x65, 0x72,
    0x3b, 0x0a, 0x20, 0x20, 0x62, 0x61, 0x63, 0x6b, 0x67, 0x72, 0x6f, 0x75, 0x6e, 0x64, 0x3a, 0x76,
    0x61, 0x72, 0x28, 0x2d, 0x2d, 0x63, 0x61, 0x70, 0x29, 0x3b, 0x62, 0x6f, 0x72, 0x64, 0x65, 0x72,
    0x3a, 0x31, 0x70, 0x78, 0x20, 0x73, 0x6f, 0x6c, 0x69, 0x64, 0x20, 0x76, 0x61, 0x72, 0x28, 0x2d,
    0x2d, 0x63, 0x61, 0x70, 0x2d, 0x65, 0x64, 0x67, 0x65, 0x29, 0x3b, 0x62, 0x6f, 0x72, 0x64, 0x65,
    0x72, 0x2d, 0x72, 0x61, 0x64, 0x69, 0x75, 0x73, 0x3a, 0x37, 0x70, 0x78, 0x3b, 0x0a, 0x20, 0x20,
    0x2d, 0x77, 0x65, 0x62, 0x6b, 0x69, 0x74, 0x2d, 0x62, 0x61, 0x63, 0x6b, 0x64, 0x72, 0x6f, 0x70,
    0x2d, 0x66, 0x69, 0x6c, 0x74, 0x65, 0x72, 0x3a, 0x62, 0x6c, 0x75, 0x72, 0x28, 0x37, 0x70, 0x78,
    0x29, 0x20, 0x73, 0x61, 0x74, 0x75, 0x72, 0x61, 0x74, 0x65, 0x28, 0x31, 0x2e, 0x31, 0x35, 0x29,
    0x3b, 0x0a, 0x20, 0x20, 0x62, 0x61, 0x63, 0x6b, 0x64, 0x72, 0x6f, 0x70, 0x2d, 0x66, 0x69, 0x6c,
    0x74, 0x65, 0x72, 0x3a, 0x62, 0x6c, 0x75, 0x72, 0x28, 0x37, 0x70, 0x78, 0x29, 0x20, 0x73, 0x61,
    0x74, 0x75, 0x72, 0x61, 0x74, 0x65, 0x28, 0x31, 0x2e, 0x31, 0x35, 0x29, 0x3b, 0x0a, 0x20, 0x20,
    0x62, 0x6f, 0x78, 0x2d, 0x73, 0x68, 0x61, 0x64, 0x6f, 0x77, 0x3a, 0x76, 0x61, 0x72, 0x28, 0x2d,
    0x2d, 0x63, 0x61, 0x70, 0x2d, 0x73, 0x68, 0x61, 0x64, 0x6f, 0x77, 0x29, 0x3b, 0x63, 0x6f, 0x6c,
    0x6f, 0x72, 0x3a, 0x76, 0x61, 0x72, 0x28, 0x2d, 0x2d, 0x6c, 0x65, 0x67, 0x65, 0x6e, 0x64, 0x29,
    0x3b, 0x0a, 0x20, 0x20, 0x66, 0x6f, 0x6e, 0x74, 0x2d, 0x66, 0x61, 0x6d, 0x69, 0x6c, 0x79, 0x3a,
    0x75, 0x69, 0x2d, 0x6d, 0x6f, 0x6e, 0x6f, 0x73, 0x70, 0x61, 0x63, 0x65, 0x2c, 0x22, 0x53, 0x46,
    0x20, 0x4d, 0x6f, 0x6e, 0x6f, 0x22, 0x2c, 0x22, 0x4a, 0x65, 0x74, 0x42, 0x72, 0x61, 0x69, 0x6e,
    0x73, 0x20, 0x4d, 0x6f, 0x6e, 0x6f, 0x22, 0x2c, 0x4d, 0x65, 0x6e, 0x6c, 0x6f, 0x2c, 0x43, 0x6f,
    0x6e, 0x73, 0x6f, 0x6c, 0x61, 0x73, 0x2c, 0x6d, 0x6f, 0x6e, 0x6f, 0x73, 0x70, 0x61, 0x63, 0x65,
    0x3b, 0x0a, 0x20, 0x20, 0x66, 0x6f, 0x6e, 0x74, 0x2d, 0x77, 0x65, 0x69, 0x67, 0x68, 0x74, 0x3a,
    0x36, 0x35, 0x30, 0x3b, 0x6c, 0x69, 0x6e, 0x65, 0x2d, 0x68, 0x65, 0x69, 0x67, 0x68, 0x74, 0x3a,
    0x31, 0x2e, 0x31, 0x34, 0x3b, 0x77, 0x6f, 0x72, 0x64, 0x2d, 0x62, 0x72, 0x65, 0x61, 0x6b, 0x3a,
    0x62, 0x72, 0x65, 0x61, 0x6b, 0x2d, 0x77, 0x6f, 0x72, 0x64, 0x3b, 0x68, 0x79, 0x70, 0x68, 0x65,
    0x6e, 0x73, 0x3a, 0x6e, 0x6f, 0x6e, 0x65, 0x3b, 0x0a, 0x20, 0x20, 0x63, 0x75, 0x72, 0x73, 0x6f,
    0x72, 0x3a, 0x70, 0x6f, 0x69, 0x6e, 0x74, 0x65, 0x72, 0x3b, 0x74, 0x72, 0x61, 0x6e, 0x73, 0x69,
    0x74, 0x69, 0x6f, 0x6e, 0x3a, 0x74, 0x72, 0x61, 0x6e, 0x73, 0x66, 0x6f, 0x72, 0x6d, 0x20, 0x2e,
    0x31, 0x32, 0x73, 0x20, 0x65, 0x61, 0x73, 0x65, 0x2c, 0x20, 0x62, 0x6f, 0x72, 0x64, 0x65, 0x72,
    0x2d, 0x63, 0x6f, 0x6c, 0x6f, 0x72, 0x20, 0x2e, 0x31, 0x32, 0x73, 0x20, 0x65, 0x61, 0x73, 0x65,
    0x2c, 0x20, 0x62, 0x61, 0x63, 0x6b, 0x67, 0x72, 0x6f, 0x75, 0x6e, 0x64, 0x20, 0x2e, 0x31, 0x32,
    0x73, 0x20, 0x65, 0x61, 0x73, 0x65, 0x3b, 0x0a, 0x7d, 0x0a, 0x2e, 0x6b, 0x65, 0x79, 0x3a, 0x68,
    0x6f, 0x76, 0x65, 0x72, 0x7b, 0x74, 0x72, 0x61, 0x6e, 0x73, 0x66, 0x6f, 0x72, 0x6d, 0x3a, 0x74,
    0x72, 0x61, 0x6e, 0x73, 0x6c, 0x61, 0x74, 0x65, 0x59, 0x28, 0x2d, 0x31, 0x70, 0x78, 0x29, 0x3b,
    0x62, 0x6f, 0x72, 0x64, 0x65, 0x72, 0x2d, 0x63, 0x6f, 0x6c, 0x6f, 0x72, 0x3a, 0x76, 0x61, 0x72,
    0x28, 0x2d, 0x2d, 0x6c, 0x61, 0x79, 0x65, 0x72, 0x29, 0x7d, 0x0a, 0x2e, 0x6b, 0x65, 0x79, 0x3a,
    0x66, 0x6f, 0x63, 0x75, 0x73, 0x2d, 0x76, 0x69, 0x73, 0x69, 0x62, 0x6c, 0x65, 0x7b, 0x6f, 0x75,
    0x74, 0x6c, 0x69, 0x6e, 0x65, 0x3a, 0x32, 0x70, 0x78, 0x20, 0x73, 0x6f, 0x6c, 0x69, 0x64, 0x20,
    0x76, 0x61, 0x72, 0x28, 0x2d, 0x2d, 0x6c, 0x61, 0x79, 0x65, 0x72, 0x29, 0x3b, 0x6f, 0x75, 0x74,
    0x6c, 0x69, 0x6e, 0x65, 0x2d, 0x6f, 0x66, 0x66, 0x73, 0x65, 0x74, 0x3a, 0x32, 0x70, 0x78, 0x7d,
    0x0a, 0x2e, 0x6b, 0x65, 0x79, 0x20, 0x2e, 0x6e, 0x75, 0x6d, 0x7b, 0x0a, 0x20, 0x20, 0x70, 0x6f,
    0x73, 0x69, 0x74, 0x69, 0x6f, 0x6e, 0x3a, 0x61, 0x62, 0x73, 0x6f, 0x6c, 0x75, 0x74, 0x65, 0x3b,
    0x74, 0x6f, 0x70, 0x3a, 0x32, 0x70, 0x78, 0x3b, 0x6c, 0x65, 0x66, 0x74, 0x3a, 0x34, 0x70, 0x78,
    0x3b, 0x66, 0x6f, 0x6e, 0x74, 0x2d, 0x73, 0x69, 0x7a, 0x65, 0x3a, 0x38, 0x70, 0x78, 0x3b, 0x66,
    0x6f, 0x6e, 0x74, 0x2d, 0x77, 0x65, 0x69, 0x67, 0x68, 0x74, 0x3a, 0x34, 0x30, 0x30, 0x3b, 0x0a,
    0x20, 0x20, 0x63, 0x6f, 0x6c, 0x6f, 0x72, 0x3a, 0x76, 0x61, 0x72, 0x28, 0x2d, 0x2d, 0x69, 0x6e,
    0x6b, 0x2d, 0x33, 0x29, 0x3b, 0x6c, 0x65, 0x74, 0x74, 0x65, 0x72, 0x2d, 0x73, 0x70, 0x61, 0x63,
    0x69, 0x6e, 0x67, 0x3a, 0x30, 0x3b, 0x66, 0x6f, 0x6e, 0x74, 0x2d, 0x76, 0x61, 0x72, 0x69, 0x61,
    0x6e, 0x74, 0x2d, 0x6e, 0x75, 0x6d, 0x65, 0x72, 0x69, 0x63, 0x3a, 0x74, 0x61, 0x62, 0x75, 0x6c,
    0x61, 0x72, 0x2d, 0x6e, 0x75, 0x6d, 0x73, 0x3b, 0x6f, 0x70, 0x61, 0x63, 0x69, 0x74, 0x79, 0x3a,
    0x2e, 0x38, 0x35, 0x3b, 0x0a, 0x7d, 0x0a, 0x2e, 0x62, 0x6f, 0x61, 0x72, 0x64, 0x2e, 0x68, 0x69,
    0x64, 0x65, 0x2d, 0x6e, 0x75, 0x6d, 0x73, 0x20, 0x2e, 0x6b, 0x65, 0x79, 0x20, 0x2e, 0x6e, 0x75,
    0x6d, 0x7b, 0x64, 0x69, 0x73, 0x70, 0x6c, 0x61, 0x79, 0x3a, 0x6e, 0x6f, 0x6e, 0x65, 0x7d, 0x0a,
    0x2e, 0x6b, 0x65, 0x79, 0x20, 0x2e, 0x6c, 0x62, 0x6c, 0x7b, 0x64, 0x69, 0x73, 0x70, 0x6c, 0x61,
    0x79, 0x3a, 0x62, 0x6c, 0x6f, 0x63, 0x6b, 0x3b, 0x6d, 0x61, 0x78, 0x2d, 0x77, 0x69, 0x64, 0x74,
    0x68, 0x3a, 0x31, 0x30, 0x30, 0x25, 0x7d, 0x0a, 0x2e, 0x66, 0x73, 0x2d, 0x31, 0x20, 0x2e, 0x6c,
    0x62, 0x6c, 0x7b, 0x66, 0x6f, 0x6e, 0x74, 0x2d, 0x73, 0x69, 0x7a, 0x65, 0x3a, 0x31, 0x35, 0x2e,
    0x35, 0x70, 0x78, 0x7d, 0x20, 0x2e, 0x66, 0x73, 0x2d, 0x32, 0x20, 0x2e, 0x6c, 0x62, 0x6c, 0x7b,
    0x66, 0x6f, 0x6e, 0x74, 0x2d, 0x73, 0x69, 0x7a, 0x65, 0x3a, 0x31, 0x32, 0x2e, 0x35, 0x70, 0x78,
    0x7d, 0x0a, 0x2e, 0x66, 0x73, 0x2d, 0x33, 0x20, 0x2e, 0x6c, 0x62, 0x6c, 0x7b, 0x66, 0x6f, 0x6e,
    0x74, 0x2d, 0x73, 0x69, 0x7a, 0x65, 0x3a, 0x31, 0x30, 0x70, 0x78, 0x7d, 0x20, 0x20, 0x20, 0x2e,
    0x66, 0x73, 0x2d, 0x34, 0x20, 0x2e, 0x6c, 0x62, 0x6c, 0x7b, 0x66, 0x6f, 0x6e, 0x74, 0x2d, 0x73,
    0x69, 0x7a, 0x65, 0x3a, 0x38, 0x2e, 0x35, 0x70, 0x78, 0x7d, 0x0a, 0x0a, 0x2e, 0x6b, 0x65, 0x79,
    0x2e, 0x74, 0x72, 0x61, 0x6e, 0x73, 0x7b, 0x0a, 0x20, 0x20, 0x62, 0x61, 0x63, 0x6b, 0x67, 0x72,
    0x6f, 0x75, 0x6e, 0x64, 0x3a, 0x74, 0x72, 0x61, 0x6e, 0x73, 0x70, 0x61, 0x72, 0x65, 0x6e, 0x74,
    0x3b, 0x62, 0x6f, 0x72, 0x64, 0x65, 0x72, 0x2d, 0x73, 0x74, 0x79, 0x6c, 0x65, 0x3a, 0x64, 0x61,
    0x73, 0x68, 0x65, 0x64, 0x3b, 0x62, 0x6f, 0x72, 0x64, 0x65, 0x72, 0x2d, 0x63, 0x6f, 0x6c, 0x6f,
    0x72, 0x3a, 0x76, 0x61, 0x72, 0x28, 0x2d, 0x2d, 0x72, 0x75, 0x6c, 0x65, 0x29, 0x3b, 0x62, 0x6f,
    0x78, 0x2d, 0x73, 0x68, 0x61, 0x64, 0x6f, 0x77, 0x3a, 0x6e, 0x6f, 0x6e, 0x65, 0x3b, 0x0a, 0x20,
    0x20, 0x2d, 0x77, 0x65, 0x62, 0x6b, 0x69, 0x74, 0x2d, 0x62, 0x61, 0x63, 0x6b, 0x64, 0x72, 0x6f,
    0x70, 0x2d, 0x66, 0x69, 0x6c, 0x74, 0x65, 0x72, 0x3a, 0x6e, 0x6f, 0x6e, 0x65, 0x3b, 0x62, 0x61,
    0x63, 0x6b, 0x64, 0x72, 0x6f, 0x70, 0x2d, 0x66, 0x69, 0x6c, 0x74, 0x65, 0x72, 0x3a, 0x6e, 0x6f,
    0x6e, 0x65, 0x3b, 0x0a, 0x7d, 0x0a, 0x2e, 0x6b, 0x65, 0x79, 0x2e, 0x74, 0x72, 0x61, 0x6e, 0x73,
    0x20, 0x2e, 0x6c, 0x62, 0x6c, 0x7b, 0x63, 0x6f, 0x6c, 0x6f, 0x72, 0x3a, 0x76, 0x61, 0x72, 0x28,
    0x2d, 0x2d, 0x69, 0x6e, 0x6b, 0x2d, 0x33, 0x29, 0x3b, 0x6f, 0x70, 0x61, 0x63, 0x69, 0x74, 0x79,
    0x3a, 0x2e, 0x35, 0x3b, 0x66, 0x6f, 0x6e, 0x74, 0x2d, 0x77, 0x65, 0x69, 0x67, 0x68, 0x74, 0x3a,
    0x34, 0x30, 0x30, 0x7d, 0x0a, 0x2e, 0x6b, 0x65, 0x79, 0x2e, 0x74, 0x72, 0x61, 0x6e, 0x73, 0x20,
    0x2e, 0x6e, 0x75, 0x6d, 0x7b, 0x6f, 0x70, 0x61, 0x63, 0x69, 0x74, 0x79, 0x3a, 0x2e, 0x35, 0x7d,
    0x0a, 0x2e, 0x62, 0x6f, 0x61, 0x72, 0x64, 0x2e, 0x6e, 0x6f, 0x2d, 0x66, 0x61, 0x6c, 0x6c, 0x20,
    0x2e, 0x6b, 0x65, 0x79, 0x2e, 0x74, 0x72, 0x61, 0x6e, 0x73, 0x20, 0x2e, 0x6c, 0x62, 0x6c, 0x7b,
    0x76, 0x69, 0x73, 0x69, 0x62, 0x69, 0x6c, 0x69, 0x74, 0x79, 0x3a, 0x68, 0x69, 0x64, 0x64, 0x65,
    0x6e, 0x7d, 0x0a, 0x0a, 0x2e, 0x6b, 0x65, 0x79, 0x2e, 0x68, 0x65, 0x6c, 0x64, 0x2c, 0x20, 0x2e,
    0x65, 0x6e, 0x63, 0x2e, 0x68, 0x65, 0x6c, 0x64, 0x7b, 0x62, 0x61, 0x63, 0x6b, 0x67, 0x72, 0x6f,
    0x75, 0x6e, 0x64, 0x3a, 0x76, 0x61, 0x72, 0x28, 0x2d, 0x2d, 0x6c, 0x61, 0x79, 0x65, 0x72, 0x29,
    0x3b, 0x62, 0x6f, 0x72, 0x64, 0x65, 0x72, 0x2d, 0x63, 0x6f, 0x6c, 0x6f, 0x72, 0x3a, 0x76, 0x61,
    0x72, 0x28, 0x2d, 0x2d, 0x6c, 0x61, 0x79, 0x65, 0x72, 0x29, 0x3b, 0x63, 0x6f, 0x6c, 0x6f, 0x72,
    0x3a, 0x76, 0x61, 0x72, 0x28, 0x2d, 0x2d, 0x68, 0x65, 0x6c, 0x64, 0x2d, 0x69, 0x6e, 0x6b, 0x29,
    0x3b, 0x62, 0x6f, 0x78, 0x2d, 0x73, 0x68, 0x61, 0x64, 0x6f, 0x77, 0x3a, 0x6e, 0x6f, 0x6e, 0x65,
    0x7d, 0x0a, 0x2e, 0x6b, 0x65, 0x79, 0x2e, 0x68, 0x65, 0x6c, 0x64, 0x20, 0x2e, 0x6e, 0x75, 0x6d,
    0x2c, 0x20, 0x2e, 0x65, 0x6e, 0x63, 0x2e, 0x68, 0x65, 0x6c, 0x64, 0x20, 0x2e, 0x6e, 0x75, 0x6d,
    0x7b, 0x63, 0x6f, 0x6c, 0x6f, 0x72, 0x3a, 0x76, 0x61, 0x72, 0x28, 0x2d, 0x2d, 0x68, 0x65, 0x6c,
    0x64, 0x2d, 0x69, 0x6e, 0x6b, 0x29, 0x3b, 0x6f, 0x70, 0x61, 0x63, 0x69, 0x74, 0x79, 0x3a, 0x2e,
    0x36, 0x35, 0x7d, 0x0a, 0x2e, 0x6b, 0x65, 0x79, 0x2e, 0x68, 0x65, 0x6c, 0x64, 0x20, 0x2e, 0x6c,
    0x62, 0x6c, 0x2c, 0x20, 0x2e, 0x65, 0x6e, 0x63, 0x2e, 0x68, 0x65, 0x6c, 0x64, 0x20, 0x2e, 0x6c,
    0x62, 0x6c, 0x7b, 0x66, 0x6f, 0x6e, 0x74, 0x2d, 0x77, 0x65, 0x69, 0x67, 0x68, 0x74, 0x3a, 0x36,
    0x35, 0x30, 0x7d, 0x0a, 0x2e, 0x65, 0x6e, 0x63, 0x2e, 0x68, 0x65, 0x6c, 0x64, 0x20, 0x2e, 0x72,
    0x6f, 0x74, 0x7b, 0x63, 0x6f, 0x6c, 0x6f, 0x72, 0x3a, 0x76, 0x61, 0x72, 0x28, 0x2d, 0x2d, 0x68,
    0x65, 0x6c, 0x64, 0x2d, 0x69, 0x6e, 0x6b, 0x29, 0x3b, 0x6f, 0x70, 0x61, 0x63, 0x69, 0x74, 0x79,
    0x3a, 0x2e, 0x36, 0x7d, 0x0a, 0x2e, 0x6b, 0x65, 0x79, 0x2e, 0x6d, 0x6f, 0x2c, 0x20, 0x2e, 0x65,
    0x6e, 0x63, 0x2e, 0x6d, 0x6f, 0x7b, 0x62, 0x6f, 0x72, 0x64, 0x65, 0x72, 0x2d, 0x63, 0x6f, 0x6c,
    0x6f, 0x72, 0x3a, 0x76, 0x61, 0x72, 0x28, 0x2d, 0x2d, 0x6c, 0x61, 0x79, 0x65, 0x72, 0x29, 0x3b,
    0x62, 0x6f, 0x72, 0x64, 0x65, 0x72, 0x2d, 0x77, 0x69, 0x64, 0x74, 0x68, 0x3a, 0x31, 0x2e, 0x35,
    0x70, 0x78, 0x3b, 0x63, 0x6f, 0x6c, 0x6f, 0x72, 0x3a, 0x76, 0x61, 0x72, 0x28, 0x2d, 0x2d, 0x6c,
    0x61, 0x79, 0x65, 0x72, 0x29, 0x7d, 0x0a, 0x2e, 0x6b, 0x65, 0x79, 0x2e, 0x6d, 0x6f, 0x20, 0x2e,
    0x6c, 0x62, 0x6c, 0x2c, 0x20, 0x2e, 0x65, 0x6e, 0x63, 0x2e, 0x6d, 0x6f, 0x20, 0x2e, 0x6c, 0x62,
    0x6c, 0x7b, 0x66, 0x6f, 0x6e, 0x74, 0x2d, 0x77, 0x65, 0x69, 0x67, 0x68, 0x74, 0x3a, 0x37, 0x30,
    0x30, 0x3b, 0x6c, 0x65, 0x74, 0x74, 0x65, 0x72, 0x2d, 0x73, 0x70, 0x61, 0x63, 0x69, 0x6e, 0x67,
    0x3a, 0x2e, 0x30, 0x34, 0x65, 0x6d, 0x7d, 0x0a, 0x2e, 0x6b, 0x65, 0x79, 0x2e, 0x64, 0x61, 0x6e,
    0x67, 0x65, 0x72, 0x7b, 0x0a, 0x20, 0x20, 0x62, 0x6f, 0x72, 0x64, 0x65, 0x72, 0x2d, 0x63, 0x6f,
    0x6c, 0x6f, 0x72, 0x3a, 0x76, 0x61, 0x72, 0x28, 0x2d, 0x2d, 0x64, 0x61, 0x6e, 0x67, 0x65, 0x72,
    0x29, 0x3b, 0x63, 0x6f, 0x6c, 0x6f, 0x72, 0x3a, 0x76, 0x61, 0x72, 0x28, 0x2d, 0x2d, 0x64, 0x61,
    0x6e, 0x67, 0x65, 0x72, 0x29, 0x3b, 0x0a, 0x20, 0x20, 0x62, 0x61, 0x63, 0x6b, 0x67, 0x72, 0x6f,
    0x75, 0x6e, 0x64, 0x3a, 0x6c, 0x69, 0x6e, 0x65, 0x61, 0x72, 0x2d, 0x67, 0x72, 0x61, 0x64, 0x69,
    0x65, 0x6e, 0x74, 0x28, 0x76, 0x61, 0x72, 0x28, 0x2d, 0x2d, 0x72, 0x65, 0x64, 0x2d, 0x73, 0x6f,
    0x66, 0x74, 0x29, 0x2c, 0x20, 0x76, 0x61, 0x72, 0x28, 0x2d, 0x2d, 0x72, 0x65, 0x64, 0x2d, 0x73,
    0x6f, 0x66, 0x74, 0x29, 0x29, 0x2c, 0x20, 0x76, 0x61, 0x72, 0x28, 0x2d, 0x2d, 0x63, 0x61, 0x70,
    0x29, 0x3b, 0x0a, 0x7d, 0x0a, 0x2e, 0x6b, 0x65, 0x79, 0x2e, 0x73, 0x65, 0x6c, 0x7b, 0x62, 0x6f,
    0x72, 0x64, 0x65, 0x72, 0x2d, 0x63, 0x6f, 0x6c, 0x6f, 0x72, 0x3a, 0x76, 0x61, 0x72, 0x28, 0x2d,
    0x2d, 0x6c, 0x61, 0x79, 0x65, 0x72, 0x29, 0x3b, 0x62, 0x6f, 0x72, 0x64, 0x65, 0x72, 0x2d, 0x77,
    0x69, 0x64, 0x74, 0x68, 0x3a, 0x32, 0x70, 0x78, 0x3b, 0x62, 0x6f, 0x78, 0x2d, 0x73, 0x68, 0x61,
    0x64, 0x6f, 0x77, 0x3a, 0x30, 0x20, 0x30, 0x20, 0x30, 0x20, 0x33, 0x70, 0x78, 0x20, 0x63, 0x6f,
    0x6c, 0x6f, 0x72, 0x2d, 0x6d, 0x69, 0x78, 0x28, 0x69, 0x6e, 0x20, 0x73, 0x72, 0x67, 0x62, 0x2c,
    0x20, 0x76, 0x61, 0x72, 0x28, 0x2d, 0x2d, 0x6c, 0x61, 0x79, 0x65, 0x72, 0x29, 0x20, 0x32, 0x32,
    0x25, 0x2c, 0x20, 0x74, 0x72, 0x61, 0x6e, 0x73, 0x70, 0x61, 0x72, 0x65, 0x6e, 0x74, 0x29, 0x7d,
    0x0a, 0x0a, 0x2e, 0x65, 0x6e, 0x63, 0x7b, 0x0a, 0x20, 0x20, 0x70, 0x6f, 0x73, 0x69, 0x74, 0x69,
    0x6f, 0x6e, 0x3a, 0x61, 0x62, 0x73, 0x6f, 0x6c, 0x75, 0x74, 0x65, 0x3b, 0x77, 0x69, 0x64, 0x74,
    0x68, 0x3a, 0x36, 0x30, 0x70, 0x78, 0x3b, 0x68, 0x65, 0x69, 0x67, 0x68, 0x74, 0x3a, 0x36, 0x30,
    0x70, 0x78, 0x3b, 0x62, 0x6f, 0x72, 0x64, 0x65, 0x72, 0x2d, 0x72, 0x61, 0x64, 0x69, 0x75, 0x73,
    0x3a, 0x35, 0x30, 0x25, 0x3b, 0x0a, 0x20, 0x20, 0x62, 0x61, 0x63, 0x6b, 0x67, 0x72, 0x6f, 0x75,
    0x6e, 0x64, 0x3a, 0x0a, 0x20, 0x20, 0x20, 0x20, 0x72, 0x61, 0x64, 0x69, 0x61, 0x6c, 0x2d, 0x67,
    0x72, 0x61, 0x64, 0x69, 0x65, 0x6e, 0x74, 0x28, 0x63, 0x69, 0x72, 0x63, 0x6c, 0x65, 0x20, 0x61,
    0x74, 0x20, 0x33, 0x34, 0x25, 0x20, 0x32, 0x36, 0x25, 0x2c, 0x20, 0x72, 0x67, 0x62, 0x61, 0x28,
    0x32, 0x35, 0x35, 0x2c, 0x32, 0x35, 0x35, 0x2c, 0x32, 0x35, 0x35, 0x2c, 0x2e, 0x34, 0x32, 0x29,
    0x2c, 0x20, 0x74, 0x72, 0x61, 0x6e, 0x73, 0x70, 0x61, 0x72, 0x65, 0x6e, 0x74, 0x20, 0x35, 0x32,
    0x25, 0x29, 0x2c, 0x0a, 0x20, 0x20, 0x20, 0x20, 0x6c, 0x69, 0x6e, 0x65, 0x61, 0x72, 0x2d, 0x67,
    0x72, 0x61, 0x64, 0x69, 0x65, 0x6e, 0x74, 0x28, 0x31, 0x35, 0x35, 0x64, 0x65, 0x67, 0x2c, 0x20,
    0x76, 0x61, 0x72, 0x28, 0x2d, 0x2d, 0x72, 0x65, 0x64, 0x29, 0x2c, 0x20, 0x76, 0x61, 0x72, 0x28,
    0x2d, 0x2d, 0x72, 0x65, 0x64, 0x2d, 0x64, 0x65, 0x65, 0x70, 0x29, 0x29, 0x3b, 0x0a, 0x20, 0x20,
    0x62, 0x6f, 0x72, 0x64, 0x65, 0x72, 0x3a, 0x31, 0x70, 0x78, 0x20, 0x73, 0x6f, 0x6c, 0x69, 0x64,
    0x20, 0x76, 0x61, 0x72, 0x28, 0x2d, 0x2d, 0x72, 0x65, 0x64, 0x2d, 0x64, 0x65, 0x65, 0x70, 0x29,
    0x3b, 0x0a, 0x20, 0x20, 0x62, 0x6f, 0x78, 0x2d, 0x73, 0x68, 0x61, 0x64, 0x6f, 0x77, 0x3a, 0x69,
    0x6e, 0x73, 0x65, 0x74, 0x20, 0x30, 0x20, 0x31, 0x70, 0x78, 0x20, 0x30, 0x20, 0x72, 0x67, 0x62,
    0x61, 0x28, 0x32, 0x35, 0x35, 0x2c, 0x32, 0x35, 0x35, 0x2c, 0x32, 0x35, 0x35, 0x2c, 0x2e, 0x33,
    0x30, 0x29, 0x2c, 0x20, 0x30, 0x20, 0x33, 0x70, 0x78, 0x20, 0x38, 0x70, 0x78, 0x20, 0x72, 0x67,
    0x62, 0x61, 0x28, 0x32, 0x37, 0x2c, 0x33, 0x34, 0x2c, 0x34, 0x33, 0x2c, 0x2e, 0x33, 0x30, 0x29,
    0x3b, 0x0a, 0x20, 0x20, 0x64, 0x69, 0x73, 0x70, 0x6c, 0x61, 0x79, 0x3a, 0x66, 0x6c, 0x65, 0x78,
    0x3b, 0x66, 0x6c, 0x65, 0x78, 0x2d, 0x64, 0x69, 0x72, 0x65, 0x63, 0x74, 0x69, 0x6f, 0x6e, 0x3a,
    0x63, 0x6f, 0x6c, 0x75, 0x6d, 0x6e, 0x3b, 0x61, 0x6c, 0x69, 0x67, 0x6e, 0x2d, 0x69, 0x74, 0x65,
    0x6d, 0x73, 0x3a, 0x63, 0x65, 0x6e, 0x74, 0x65, 0x72, 0x3b, 0x6a, 0x75, 0x73, 0x74, 0x69, 0x66,
    0x79, 0x2d, 0x63, 0x6f, 0x6e, 0x74, 0x65, 0x6e, 0x74, 0x3a, 0x63, 0x65, 0x6e, 0x74, 0x65, 0x72,
    0x3b, 0x67, 0x61, 0x70, 0x3a, 0x31, 0x70, 0x78, 0x3b, 0x0a, 0x20, 0x20, 0x63, 0x75, 0x72, 0x73,
    0x6f, 0x72, 0x3a, 0x70, 0x6f, 0x69, 0x6e, 0x74, 0x65, 0x72, 0x3b, 0x63, 0x6f, 0x6c, 0x6f, 0x72,
    0x3a, 0x23, 0x46, 0x46, 0x46, 0x31, 0x46, 0x32, 0x3b, 0x0a, 0x20, 0x20, 0x66, 0x6f, 0x6e, 0x74,
    0x2d, 0x66, 0x61, 0x6d, 0x69, 0x6c, 0x79, 0x3a, 0x75, 0x69, 0x2d, 0x6d, 0x6f, 0x6e, 0x6f, 0x73,
    0x70, 0x61, 0x63, 0x65, 0x2c, 0x22, 0x53, 0x46, 0x20, 0x4d, 0x6f, 0x6e, 0x6f, 0x22, 0x2c, 0x22,
    0x4a, 0x65, 0x74, 0x42, 0x72, 0x61, 0x69, 0x6e, 0x73, 0x20, 0x4d, 0x6f, 0x6e, 0x6f, 0x22, 0x2c,
    0x4d, 0x65, 0x6e, 0x6c, 0x6f, 0x2c, 0x43, 0x6f, 0x6e, 0x73, 0x6f, 0x6c, 0x61, 0x73, 0x2c, 0x6d,
    0x6f, 0x6e, 0x6f, 0x73, 0x70, 0x61, 0x63, 0x65, 0x3b, 0x0a, 0x20, 0x20, 0x74, 0x72, 0x61, 0x6e,
    0x73, 0x69, 0x74, 0x69, 0x6f, 0x6e, 0x3a, 0x74, 0x72, 0x61, 0x6e, 0x73, 0x66, 0x6f, 0x72, 0x6d,
    0x20, 0x2e, 0x31, 0x32, 0x73, 0x20, 0x65, 0x61, 0x73, 0x65, 0x2c, 0x20, 0x62, 0x6f, 0x72, 0x64,
    0x65, 0x72, 0x2d, 0x63, 0x6f, 0x6c, 0x6f, 0x72, 0x20, 0x2e, 0x31, 0x32, 0x73, 0x20, 0x65, 0x61,
    0x73, 0x65, 0x3b, 0x0a, 0x7d, 0x0a, 0x2e, 0x65, 0x6e, 0x63, 0x3a, 0x68, 0x6f, 0x76, 0x65, 0x72,
    0x7b, 0x74, 0x72, 0x61, 0x6e, 0x73, 0x66, 0x6f, 0x72, 0x6d, 0x3a, 0x74, 0x72, 0x61, 0x6e, 0x73,
    0x6c, 0x61, 0x74, 0x65, 0x59, 0x28, 0x2d, 0x31, 0x70, 0x78, 0x29, 0x3b, 0x62, 0x6f, 0x72, 0x64,
    0x65, 0x72, 0x2d, 0x63, 0x6f, 0x6c, 0x6f, 0x72, 0x3a, 0x76, 0x61, 0x72, 0x28, 0x2d, 0x2d, 0x6c,
    0x61, 0x79, 0x65, 0x72, 0x29, 0x7d, 0x0a, 0x2e, 0x65, 0x6e, 0x63, 0x3a, 0x66, 0x6f, 0x63, 0x75,
    0x73, 0x2d, 0x76, 0x69, 0x73, 0x69, 0x62, 0x6c, 0x65, 0x7b, 0x6f, 0x75, 0x74, 0x6c, 0x69, 0x6e,
    0x65, 0x3a, 0x32, 0x70, 0x78, 0x20, 0x73, 0x6f, 0x6c, 0x69, 0x64, 0x20, 0x76, 0x61, 0x72, 0x28,
    0x2d, 0x2d, 0x6c, 0x61, 0x79, 0x65, 0x72, 0x29, 0x3b, 0x6f, 0x75, 0x74, 0x6c, 0x69, 0x6e, 0x65,
    0x2d, 0x6f, 0x66, 0x66, 0x73, 0x65, 0x74, 0x3a, 0x32, 0x70, 0x78, 0x7d, 0x0a, 0x2e, 0x65, 0x6e,
    0x63, 0x20, 0x2e, 0x6e, 0x75, 0x6d, 0x7b, 0x70, 0x6f, 0x73, 0x69, 0x74, 0x69, 0x6f, 0x6e, 0x3a,
    0x73, 0x74, 0x61, 0x74, 0x69, 0x63, 0x3b, 0x66, 0x6f, 0x6e, 0x74, 0x2d, 0x73, 0x69, 0x7a, 0x65,
    0x3a, 0x38, 0x70, 0x78, 0x3b, 0x63, 0x6f, 0x6c, 0x6f, 0x72, 0x3a, 0x72, 0x67, 0x62, 0x61, 0x28,
    0x32, 0x35, 0x35, 0x2c, 0x32, 0x34, 0x31, 0x2c, 0x32, 0x34, 0x32, 0x2c, 0x2e, 0x37, 0x32, 0x29,
    0x3b, 0x66, 0x6f, 0x6e, 0x74, 0x2d, 0x76, 0x61, 0x72, 0x69, 0x61, 0x6e, 0x74, 0x2d, 0x6e, 0x75,
    0x6d, 0x65, 0x72, 0x69, 0x63, 0x3a, 0x74, 0x61, 0x62, 0x75, 0x6c, 0x61, 0x72, 0x2d, 0x6e, 0x75,
    0x6d, 0x73, 0x7d, 0x0a, 0x2e, 0x62, 0x6f, 0x61, 0x72, 0x64, 0x2e, 0x68, 0x69, 0x64, 0x65, 0x2d,
    0x6e, 0x75, 0x6d, 0x73, 0x20, 0x2e, 0x65, 0x6e, 0x63, 0x20, 0x2e, 0x6e, 0x75, 0x6d, 0x7b, 0x64,
    0x69, 0x73, 0x70, 0x6c, 0x61, 0x79, 0x3a, 0x6e, 0x6f, 0x6e, 0x65, 0x7d, 0x0a, 0x2e, 0x65, 0x6e,
    0x63, 0x20, 0x2e, 0x6c, 0x62, 0x6c, 0x7b, 0x66, 0x6f, 0x6e, 0x74, 0x2d, 0x73, 0x69, 0x7a, 0x65,
    0x3a, 0x31, 0x30, 0x70, 0x78, 0x3b, 0x66, 0x6f, 0x6e, 0x74, 0x2d, 0x77, 0x65, 0x69, 0x67, 0x68,
    0x74, 0x3a, 0x36, 0x30, 0x30, 0x7d, 0x0a, 0x2e, 0x65, 0x6e, 0x63, 0x20, 0x2e, 0x72, 0x6f, 0x74,
    0x7b, 0x66, 0x6f, 0x6e, 0x74, 0x2d, 0x73, 0x69, 0x7a, 0x65, 0x3a, 0x39, 0x70, 0x78, 0x3b, 0x63,
    0x6f, 0x6c, 0x6f, 0x72, 0x3a, 0x72, 0x67, 0x62, 0x61, 0x28, 0x32, 0x35, 0x35, 0x2c, 0x32, 0x34,
    0x31, 0x2c, 0x32, 0x34, 0x32, 0x2c, 0x2e, 0x36, 0x36, 0x29, 0x3b, 0x6c, 0x65, 0x74, 0x74, 0x65,
    0x72, 0x2d, 0x73, 0x70, 0x61, 0x63, 0x69, 0x6e, 0x67, 0x3a, 0x2e, 0x31, 0x38, 0x65, 0x6d, 0x3b,
    0x6c, 0x69, 0x6e, 0x65, 0x2d, 0x68, 0x65, 0x69, 0x67, 0x68, 0x74, 0x3a, 0x31, 0x7d, 0x0a, 0x2e,
    0x65, 0x6e, 0x63, 0x2e, 0x73, 0x65, 0x6c, 0x7b, 0x62, 0x6f, 0x72, 0x64, 0x65, 0x72, 0x2d, 0x63,
    0x6f, 0x6c, 0x6f, 0x72, 0x3a, 0x76, 0x61, 0x72, 0x28, 0x2d, 0x2d, 0x6c, 0x61, 0x79, 0x65, 0x72,
    0x29, 0x3b, 0x62, 0x6f, 0x72, 0x64, 0x65, 0x72, 0x2d, 0x77, 0x69, 0x64, 0x74, 0x68, 0x3a, 0x32,
    0x70, 0x78, 0x3b, 0x62, 0x6f, 0x78, 0x2d, 0x73, 0x68, 0x61, 0x64, 0x6f, 0x77, 0x3a, 0x30, 0x20,
    0x30, 0x20, 0x30, 0x20, 0x33, 0x70, 0x78, 0x20, 0x63, 0x6f, 0x6c, 0x6f, 0x72, 0x2d, 0x6d, 0x69,
    0x78, 0x28, 0x69, 0x6e, 0x20, 0x73, 0x72, 0x67, 0x62, 0x2c, 0x20, 0x76, 0x61, 0x72, 0x28, 0x2d,
    0x2d, 0x6c, 0x61, 0x79, 0x65, 0x72, 0x29, 0x20, 0x32, 0x32, 0x25, 0x2c, 0x20, 0x74, 0x72, 0x61,
    0x6e, 0x73, 0x70, 0x61, 0x72, 0x65, 0x6e, 0x74, 0x29, 0x7d, 0x0a, 0x0a, 0x2e, 0x63, 0x6f, 0x6d,
    0x62, 0x6f, 0x7b, 0x0a, 0x20, 0x20, 0x70, 0x6f, 0x73, 0x69, 0x74, 0x69, 0x6f, 0x6e, 0x3a, 0x61,
    0x62, 0x73, 0x6f, 0x6c, 0x75, 0x74, 0x65, 0x3b, 0x62, 0x6f, 0x72, 0x64, 0x65, 0x72, 0x3a, 0x31,
    0x2e, 0x35, 0x70, 0x78, 0x20, 0x64, 0x61, 0x73, 0x68, 0x65, 0x64, 0x20, 0x76, 0x61, 0x72, 0x28,
    0x2d, 0x2d, 0x6c, 0x61, 0x79, 0x65, 0x72, 0x29, 0x3b, 0x62, 0x6f, 0x72, 0x64, 0x65, 0x72, 0x2d,
    0x72, 0x61, 0x64, 0x69, 0x75, 0x73, 0x3a, 0x31, 0x31, 0x70, 0x78, 0x3b, 0x0a, 0x20, 0x20, 0x70,
    0x6f, 0x69, 0x6e, 0x74, 0x65, 0x72, 0x2d, 0x65, 0x76, 0x65, 0x6e, 0x74, 0x73, 0x3a, 0x6e, 0x6f,
    0x6e, 0x65, 0x3b, 0x6f, 0x70, 0x61, 0x63, 0x69, 0x74, 0x79, 0x3a, 0x2e, 0x37, 0x35, 0x3b, 0x0a,
    0x7d, 0x0a, 0x2e, 0x63, 0x6f, 0x6d, 0x62, 0x6f, 0x2d, 0x74, 0x61, 0x67, 0x7b, 0x0a, 0x20, 0x20,
    0x70, 0x6f, 0x73, 0x69, 0x74, 0x69, 0x6f, 0x6e, 0x3a, 0x61, 0x62, 0x73, 0x6f, 0x6c, 0x75, 0x74,
    0x65, 0x3b, 0x74, 0x6f, 0x70, 0x3a, 0x2d, 0x39, 0x70, 0x78, 0x3b, 0x6c, 0x65, 0x66, 0x74, 0x3a,
    0x35, 0x30, 0x25, 0x3b, 0x74, 0x72, 0x61, 0x6e, 0x73, 0x66, 0x6f, 0x72, 0x6d, 0x3a, 0x74, 0x72,
    0x61, 0x6e, 0x73, 0x6c, 0x61, 0x74, 0x65, 0x58, 0x28, 0x2d, 0x35, 0x30, 0x25, 0x29, 0x3b, 0x0a,
    0x20, 0x20, 0x62, 0x61, 0x63, 0x6b, 0x67, 0x72, 0x6f, 0x75, 0x6e, 0x64, 0x3a, 0x76, 0x61, 0x72,
    0x28, 0x2d, 0x2d, 0x73, 0x75, 0x72, 0x66, 0x61, 0x63, 0x65, 0x29, 0x3b, 0x63, 0x6f, 0x6c, 0x6f,
    0x72, 0x3a, 0x76, 0x61, 0x72, 0x28, 0x2d, 0x2d, 0x6c, 0x61, 0x79, 0x65, 0x72, 0x29, 0x3b, 0x70,
    0x61, 0x64, 0x64, 0x69, 0x6e, 0x67, 0x3a, 0x30, 0x20, 0x36, 0x70, 0x78, 0x3b, 0x77, 0x68, 0x69,
    0x74, 0x65, 0x2d, 0x73, 0x70, 0x61, 0x63, 0x65, 0x3a, 0x6e, 0x6f, 0x77, 0x72, 0x61, 0x70, 0x3b,
    0x0a, 0x20, 0x20, 0x66, 0x6f, 0x6e, 0x74, 0x2d, 0x66, 0x61, 0x6d, 0x69, 0x6c, 0x79, 0x3a, 0x75,
    0x69, 0x2d, 0x6d, 0x6f, 0x6e, 0x6f, 0x73, 0x70, 0x61, 0x63, 0x65, 0x2c, 0x22, 0x53, 0x46, 0x20,
    0x4d, 0x6f, 0x6e, 0x6f, 0x22, 0x2c, 0x4d, 0x65, 0x6e, 0x6c, 0x6f, 0x2c, 0x43, 0x6f, 0x6e, 0x73,
    0x6f, 0x6c, 0x61, 0x73, 0x2c, 0x6d, 0x6f, 0x6e, 0x6f, 0x73, 0x70, 0x61, 0x63, 0x65, 0x3b, 0x0a,
    0x20, 0x20, 0x66, 0x6f, 0x6e, 0x74, 0x2d, 0x73, 0x69, 0x7a, 0x65, 0x3a, 0x38, 0x2e, 0x35, 0x70,
    0x78, 0x3b, 0x66, 0x6f, 0x6e, 0x74, 0x2d, 0x77, 0x65, 0x69, 0x67, 0x68, 0x74, 0x3a, 0x37, 0x30,
    0x30, 0x3b, 0x6c, 0x65, 0x74, 0x74, 0x65, 0x72, 0x2d, 0x73, 0x70, 0x61, 0x63, 0x69, 0x6e, 0x67,
    0x3a, 0x2e, 0x31, 0x33, 0x65, 0x6d, 0x3b, 0x0a, 0x7d, 0x0a, 0x2e, 0x68, 0x61, 0x6c, 0x66, 0x6c,
    0x61, 0x62, 0x65, 0x6c, 0x7b, 0x0a, 0x20, 0x20, 0x70, 0x6f, 0x73, 0x69, 0x74, 0x69, 0x6f, 0x6e,
    0x3a, 0x61, 0x62, 0x73, 0x6f, 0x6c, 0x75, 0x74, 0x65, 0x3b, 0x66, 0x6f, 0x6e, 0x74, 0x2d, 0x66,
    0x61, 0x6d, 0x69, 0x6c, 0x79, 0x3a, 0x75, 0x69, 0x2d, 0x6d, 0x6f, 0x6e, 0x6f, 0x73, 0x70, 0x61,
    0x63, 0x65, 0x2c, 0x22, 0x53, 0x46, 0x20, 0x4d, 0x6f, 0x6e, 0x6f, 0x22, 0x2c, 0x4d, 0x65, 0x6e,
    0x6c, 0x6f, 0x2c, 0x43, 0x6f, 0x6e, 0x73, 0x6f, 0x6c, 0x61, 0x73, 0x2c, 0x6d, 0x6f, 0x6e, 0x6f,
    0x73, 0x70, 0x61, 0x63, 0x65, 0x3b, 0x0a, 0x20, 0x20, 0x66, 0x6f, 0x6e, 0x74, 0x2d, 0x73, 0x69,
    0x7a, 0x65, 0x3a, 0x39, 0x2e, 0x35, 0x70, 0x78, 0x3b, 0x6c, 0x65, 0x74, 0x74, 0x65, 0x72, 0x2d,
    0x73, 0x70, 0x61, 0x63, 0x69, 0x6e, 0x67, 0x3a, 0x2e, 0x31, 0x38, 0x65, 0x6d, 0x3b, 0x74, 0x65,
    0x78, 0x74, 0x2d, 0x74, 0x72, 0x61, 0x6e, 0x73, 0x66, 0x6f, 0x72, 0x6d, 0x3a, 0x75, 0x70, 0x70,
    0x65, 0x72, 0x63, 0x61, 0x73, 0x65, 0x3b, 0x63, 0x6f, 0x6c, 0x6f, 0x72, 0x3a, 0x76, 0x61, 0x72,
    0x28, 0x2d, 0x2d, 0x69, 0x6e, 0x6b, 0x2d, 0x33, 0x29, 0x3b, 0x6f, 0x70, 0x61, 0x63, 0x69, 0x74,
    0x79, 0x3a, 0x2e, 0x37, 0x3b, 0x0a, 0x7d, 0x0a, 0x0a, 0x2e, 0x6c, 0x65, 0x67, 0x65, 0x6e, 0x64,
    0x7b, 0x0a, 0x20, 0x20, 0x6d, 0x61, 0x78, 0x2d, 0x77, 0x69, 0x64, 0x74, 0x68, 0x3a, 0x31, 0x30,
    0x30, 0x30, 0x70, 0x78, 0x3b, 0x6d, 0x61, 0x72, 0x67, 0x69, 0x6e, 0x3a, 0x30, 0x20, 0x61, 0x75,
    0x74, 0x6f, 0x3b, 0x70, 0x61, 0x64, 0x64, 0x69, 0x6e, 0x67, 0x3a, 0x30, 0x20, 0x32, 0x34, 0x70,
    0x78, 0x20, 0x32, 0x34, 0x70, 0x78, 0x3b, 0x0a, 0x20, 0x20, 0x64, 0x69, 0x73, 0x70, 0x6c, 0x61,
    0x79, 0x3a, 0x66, 0x6c, 0x65, 0x78, 0x3b, 0x66, 0x6c, 0x65, 0x78, 0x2d, 0x77, 0x72, 0x61, 0x70,
    0x3a, 0x77, 0x72, 0x61, 0x70, 0x3b, 0x67, 0x61, 0x70, 0x3a, 0x38, 0x70, 0x78, 0x20, 0x32, 0x32,
    0x70, 0x78, 0x3b, 0x66, 0x6f, 0x6e, 0x74, 0x2d, 0x73, 0x69, 0x7a, 0x65, 0x3a, 0x31, 0x31, 0x2e,
    0x35, 0x70, 0x78, 0x3b, 0x63, 0x6f, 0x6c, 0x6f, 0x72, 0x3a, 0x76, 0x61, 0x72, 0x28, 0x2d, 0x2d,
    0x69, 0x6e, 0x6b, 0x2d, 0x33, 0x29, 0x3b, 0x0a, 0x7d, 0x0a, 0x2e, 0x6c, 0x65, 0x67, 0x65, 0x6e,
    0x64, 0x20, 0x73, 0x70, 0x61, 0x6e, 0x7b, 0x64, 0x69, 0x73, 0x70, 0x6c, 0x61, 0x79, 0x3a, 0x66,
    0x6c, 0x65, 0x78, 0x3b, 0x61, 0x6c, 0x69, 0x67, 0x6e, 0x2d, 0x69, 0x74, 0x65, 0x6d, 0x73, 0x3a,
    0x63, 0x65, 0x6e, 0x74, 0x65, 0x72, 0x3b, 0x67, 0x61, 0x70, 0x3a, 0x37, 0x70, 0x78, 0x7d, 0x0a,
    0x2e, 0x73, 0x77, 0x7b, 0x77, 0x69, 0x64, 0x74, 0x68, 0x3a, 0x31, 0x35, 0x70, 0x78, 0x3b, 0x68,
    0x65, 0x69, 0x67, 0x68, 0x74, 0x3a, 0x31, 0x35, 0x70, 0x78, 0x3b, 0x62, 0x6f, 0x72, 0x64, 0x65,
    0x72, 0x2d, 0x72, 0x61, 0x64, 0x69, 0x75, 0x73, 0x3a, 0x34, 0x70, 0x78, 0x3b, 0x62, 0x6f, 0x72,
    0x64, 0x65, 0x72, 0x3a, 0x31, 0x70, 0x78, 0x20, 0x73, 0x6f, 0x6c, 0x69, 0x64, 0x20, 0x76, 0x61,
    0x72, 0x28, 0x2d, 0x2d, 0x72, 0x75, 0x6c, 0x65, 0x29, 0x3b, 0x62, 0x61, 0x63, 0x6b, 0x67, 0x72,
    0x6f, 0x75, 0x6e, 0x64, 0x3a, 0x76, 0x61, 0x72, 0x28, 0x2d, 0x2d, 0x63, 0x61, 0x70, 0x29, 0x3b,
    0x66, 0x6c, 0x65, 0x78, 0x3a, 0x6e, 0x6f, 0x6e, 0x65, 0x7d, 0x0a, 0x2e, 0x73, 0x77, 0x2e, 0x74,
    0x7b, 0x62, 0x6f, 0x72, 0x64, 0x65, 0x72, 0x2d, 0x73, 0x74, 0x79, 0x6c, 0x65, 0x3a, 0x64, 0x61,
    0x73, 0x68, 0x65, 0x64, 0x3b, 0x62, 0x6f, 0x72, 0x64, 0x65, 0x72, 0x2d, 0x63, 0x6f, 0x6c, 0x6f,
    0x72, 0x3a, 0x76, 0x61, 0x72, 0x28, 0x2d, 0x2d, 0x72, 0x75, 0x6c, 0x65, 0x29, 0x3b, 0x62, 0x61,
    0x63, 0x6b, 0x67, 0x72, 0x6f, 0x75, 0x6e, 0x64, 0x3a, 0x74, 0x72, 0x61, 0x6e, 0x73, 0x70, 0x61,
    0x72, 0x65, 0x6e, 0x74, 0x7d, 0x0a, 0x2e, 0x73, 0x77, 0x2e, 0x68, 0x7b, 0x62, 0x61, 0x63, 0x6b,
    0x67, 0x72, 0x6f, 0x75, 0x6e, 0x64, 0x3a, 0x76, 0x61, 0x72, 0x28, 0x2d, 0x2d, 0x6c, 0x61, 0x79,
    0x65, 0x72, 0x2c, 0x76, 0x61, 0x72, 0x28, 0x2d, 0x2d, 0x63, 0x2d, 0x62, 0x61, 0x73, 0x65, 0x29,
    0x29, 0x3b, 0x62, 0x6f, 0x72, 0x64, 0x65, 0x72, 0x2d, 0x63, 0x6f, 0x6c, 0x6f, 0x72, 0x3a, 0x76,
    0x61, 0x72, 0x28, 0x2d, 0x2d, 0x6c, 0x61, 0x79, 0x65, 0x72, 0x2c, 0x76, 0x61, 0x72, 0x28, 0x2d,
    0x2d, 0x63, 0x2d, 0x62, 0x61, 0x73, 0x65, 0x29, 0x29, 0x7d, 0x0a, 0x2e, 0x73, 0x77, 0x2e, 0x64,
    0x7b, 0x62, 0x6f, 0x72, 0x64, 0x65, 0x72, 0x2d, 0x63, 0x6f, 0x6c, 0x6f, 0x72, 0x3a, 0x76, 0x61,
    0x72, 0x28, 0x2d, 0x2d, 0x64, 0x61, 0x6e, 0x67, 0x65, 0x72, 0x29, 0x7d, 0x0a, 0x2e, 0x73, 0x77,
    0x2e, 0x6d, 0x7b, 0x62, 0x6f, 0x72, 0x64, 0x65, 0x72, 0x2d, 0x63, 0x6f, 0x6c, 0x6f, 0x72, 0x3a,
    0x76, 0x61, 0x72, 0x28, 0x2d, 0x2d, 0x6c, 0x61, 0x79, 0x65, 0x72, 0x2c, 0x76, 0x61, 0x72, 0x28,
    0x2d, 0x2d, 0x63, 0x2d, 0x62, 0x61, 0x73, 0x65, 0x29, 0x29, 0x3b, 0x62, 0x6f, 0x72, 0x64, 0x65,
    0x72, 0x2d, 0x77, 0x69, 0x64, 0x74, 0x68, 0x3a, 0x31, 0x2e, 0x35, 0x70, 0x78, 0x7d, 0x0a, 0x0a,
    0x2f, 0x2a, 0x20, 0x2d, 0x2d, 0x2d, 0x2d, 0x2d, 0x2d, 0x2d, 0x2d, 0x2d, 0x2d, 0x20, 0x64, 0x65,
    0x74, 0x61, 0x69, 0x6c, 0x20, 0x2b, 0x20, 0x69, 0x6e, 0x73, 0x70, 0x65, 0x63, 0x74, 0x6f, 0x72,
    0x20, 0x2d, 0x2d, 0x2d, 0x2d, 0x2d, 0x2d, 0x2d, 0x2d, 0x2d, 0x2d, 0x20, 0x2a, 0x2f, 0x0a, 0x2e,
    0x64, 0x75, 0x6f, 0x7b, 0x64, 0x69, 0x73, 0x70, 0x6c, 0x61, 0x79, 0x3a, 0x67, 0x72, 0x69, 0x64,
    0x3b, 0x67, 0x72, 0x69, 0x64, 0x2d, 0x74, 0x65, 0x6d, 0x70, 0x6c, 0x61, 0x74, 0x65, 0x2d, 0x63,
    0x6f, 0x6c, 0x75, 0x6d, 0x6e, 0x73, 0x3a, 0x31, 0x2e, 0x33, 0x35, 0x66, 0x72, 0x20, 0x31, 0x66,
    0x72, 0x3b, 0x67, 0x61, 0x70, 0x3a, 0x30, 0x3b, 0x62, 0x6f, 0x72, 0x64, 0x65, 0x72, 0x2d, 0x62,
    0x6f, 0x74, 0x74, 0x6f, 0x6d, 0x3a, 0x31, 0x70, 0x78, 0x20, 0x73, 0x6f, 0x6c, 0x69, 0x64, 0x20,
    0x76, 0x61, 0x72, 0x28, 0x2d, 0x2d, 0x72, 0x75, 0x6c, 0x65, 0x29, 0x7d, 0x0a, 0x2e, 0x64, 0x75,
    0x6f, 0x20, 0x3e, 0x20, 0x2a, 0x7b, 0x70, 0x61, 0x64, 0x64, 0x69, 0x6e, 0x67, 0x3a, 0x33, 0x30,
    0x70, 0x78, 0x20, 0x30, 0x7d, 0x0a, 0x2e, 0x64, 0x75, 0x6f, 0x20, 0x3e, 0x20, 0x2a, 0x3a, 0x66,
    0x69, 0x72, 0x73, 0x74, 0x2d, 0x63, 0x68, 0x69, 0x6c, 0x64, 0x7b, 0x70, 0x61, 0x64, 0x64, 0x69,
    0x6e, 0x67, 0x2d, 0x72, 0x69, 0x67, 0x68, 0x74, 0x3a, 0x33, 0x38, 0x70, 0x78, 0x3b, 0x62, 0x6f,
    0x72, 0x64, 0x65, 0x72, 0x2d, 0x72, 0x69, 0x67, 0x68, 0x74, 0x3a, 0x31, 0x70, 0x78, 0x20, 0x73,
    0x6f, 0x6c, 0x69, 0x64, 0x20, 0x76, 0x61, 0x72, 0x28, 0x2d, 0x2d, 0x72, 0x75, 0x6c, 0x65, 0x29,
    0x7d, 0x0a, 0x2e, 0x64, 0x75, 0x6f, 0x20, 0x3e, 0x20, 0x2a, 0x3a, 0x6c, 0x61, 0x73, 0x74, 0x2d,
    0x63, 0x68, 0x69, 0x6c, 0x64, 0x7b, 0x70, 0x61, 0x64, 0x64, 0x69, 0x6e, 0x67, 0x2d, 0x6c, 0x65,
    0x66, 0x74, 0x3a, 0x33, 0x38, 0x70, 0x78, 0x7d, 0x0a, 0x2e, 0x70, 0x61, 0x6e, 0x65, 0x6c, 0x2d,
    0x68, 0x65, 0x61, 0x64, 0x7b, 0x0a, 0x20, 0x20, 0x64, 0x69, 0x73, 0x70, 0x6c, 0x61, 0x79, 0x3a,
    0x66, 0x6c, 0x65, 0x78, 0x3b, 0x61, 0x6c, 0x69, 0x67, 0x6e, 0x2d, 0x69, 0x74, 0x65, 0x6d, 0x73,
    0x3a, 0x62, 0x61, 0x73, 0x65, 0x6c, 0x69, 0x6e, 0x65, 0x3b, 0x67, 0x61, 0x70, 0x3a, 0x31, 0x32,
    0x70, 0x78, 0x3b, 0x66, 0x6c, 0x65, 0x78, 0x2d, 0x77, 0x72, 0x61, 0x70, 0x3a, 0x77, 0x72, 0x61,
    0x70, 0x3b, 0x6d, 0x61, 0x72, 0x67, 0x69, 0x6e, 0x2d, 0x62, 0x6f, 0x74, 0x74, 0x6f, 0x6d, 0x3a,
    0x34, 0x70, 0x78, 0x3b, 0x0a, 0x7d, 0x0a, 0x2e, 0x70, 0x61, 0x6e, 0x65, 0x6c, 0x2d, 0x68, 0x65,
    0x61, 0x64, 0x20, 0x68, 0x32, 0x7b, 0x0a, 0x20, 0x20, 0x66, 0x6f, 0x6e, 0x74, 0x2d, 0x66, 0x61,
    0x6d, 0x69, 0x6c, 0x79, 0x3a, 0x75, 0x69, 0x2d, 0x6d, 0x6f, 0x6e, 0x6f, 0x73, 0x70, 0x61, 0x63,
    0x65, 0x2c, 0x22, 0x53, 0x46, 0x20, 0x4d, 0x6f, 0x6e, 0x6f, 0x22, 0x2c, 0x4d, 0x65, 0x6e, 0x6c,
    0x6f, 0x2c, 0x43, 0x6f, 0x6e, 0x73, 0x6f, 0x6c, 0x61, 0x73, 0x2c, 0x6d, 0x6f, 0x6e, 0x6f, 0x73,
    0x70, 0x61, 0x63, 0x65, 0x3b, 0x0a, 0x20, 0x20, 0x66, 0x6f, 0x6e, 0x74, 0x2d, 0x73, 0x69, 0x7a,
    0x65, 0x3a, 0x32, 0x32, 0x70, 0x78, 0x3b, 0x66, 0x6f, 0x6e, 0x74, 0x2d, 0x77, 0x65, 0x69, 0x67,
    0x68, 0x74, 0x3a, 0x36, 0x35, 0x30, 0x3b, 0x6c, 0x65, 0x74, 0x74, 0x65, 0x72, 0x2d, 0x73, 0x70,
    0x61, 0x63, 0x69, 0x6e, 0x67, 0x3a, 0x2d, 0x2e, 0x30, 0x31, 0x65, 0x6d, 0x3b, 0x6d, 0x61, 0x72,
    0x67, 0x69, 0x6e, 0x3a, 0x30, 0x3b, 0x63, 0x6f, 0x6c, 0x6f, 0x72, 0x3a, 0x76, 0x61, 0x72, 0x28,
    0x2d, 0x2d, 0x6c, 0x61, 0x79, 0x65, 0x72, 0x29, 0x0a, 0x7d, 0x0a, 0x23, 0x64, 0x65, 0x74, 0x61,
    0x69, 0x6c, 0x7b, 0x2d, 0x2d, 0x6c, 0x61, 0x79, 0x65, 0x72, 0x3a, 0x76, 0x61, 0x72, 0x28, 0x2d,
    0x2d, 0x63, 0x2d, 0x62, 0x61, 0x73, 0x65, 0x29, 0x7d, 0x0a, 0x23, 0x64, 0x65, 0x74, 0x61, 0x69,
    0x6c, 0x5b, 0x64, 0x61, 0x74, 0x61, 0x2d, 0x6c, 0x3d, 0x22, 0x78, 0x74, 0x72, 0x61, 0x22, 0x5d,
    0x7b, 0x2d, 0x2d, 0x6c, 0x61, 0x79, 0x65, 0x72, 0x3a, 0x76, 0x61, 0x72, 0x28, 0x2d, 0x2d, 0x63,
    0x2d, 0x78, 0x74, 0x72, 0x61, 0x29, 0x7d, 0x20, 0x23, 0x64, 0x65, 0x74, 0x61, 0x69, 0x6c, 0x5b,
    0x64, 0x61, 0x74, 0x61, 0x2d, 0x6c, 0x3d, 0x22, 0x66, 0x6e, 0x22, 0x5d, 0x7b, 0x2d, 0x2d, 0x6c,
    0x61, 0x79, 0x65, 0x72, 0x3a, 0x76, 0x61, 0x72, 0x28, 0x2d, 0x2d, 0x63, 0x2d, 0x66, 0x6e, 0x29,
    0x7d, 0x0a, 0x23, 0x64, 0x65, 0x74, 0x61, 0x69, 0x6c, 0x5b, 0x64, 0x61, 0x74, 0x61, 0x2d, 0x6c,
    0x3d, 0x22, 0x73, 0x79, 0x73, 0x22, 0x5d, 0x7b, 0x2d, 0x2d, 0x6c, 0x61, 0x79, 0x65, 0x72, 0x3a,
    0x76, 0x61, 0x72, 0x28, 0x2d, 0x2d, 0x63, 0x2d, 0x73, 0x79, 0x73, 0x29, 0x7d, 0x20, 0x23, 0x64,
    0x65, 0x74, 0x61, 0x69, 0x6c, 0x5b, 0x64, 0x61, 0x74, 0x61, 0x2d, 0x6c, 0x3d, 0x22, 0x62, 0x61,
    0x73, 0x65, 0x22, 0x5d, 0x7b, 0x2d, 0x2d, 0x6c, 0x61, 0x79, 0x65, 0x72, 0x3a, 0x76, 0x61, 0x72,
    0x28, 0x2d, 0x2d, 0x63, 0x2d, 0x62, 0x61, 0x73, 0x65, 0x29, 0x7d, 0x0a, 0x2e, 0x72, 0x65, 0x61,
    0x63, 0x68, 0x7b, 0x0a, 0x20, 0x20, 0x66, 0x6f, 0x6e, 0x74, 0x2d, 0x66, 0x61, 0x6d, 0x69, 0x6c,
    0x79, 0x3a, 0x75, 0x69, 0x2d, 0x6d, 0x6f, 0x6e, 0x6f, 0x73, 0x70, 0x61, 0x63, 0x65, 0x2c, 0x22,
    0x53, 0x46, 0x20, 0x4d, 0x6f, 0x6e, 0x6f, 0x22, 0x2c, 0x4d, 0x65, 0x6e, 0x6c, 0x6f, 0x2c, 0x43,
    0x6f, 0x6e, 0x73, 0x6f, 0x6c, 0x61, 0x73, 0x2c, 0x6d, 0x6f, 0x6e, 0x6f, 0x73, 0x70, 0x61, 0x63,
    0x65, 0x3b, 0x0a, 0x20, 0x20, 0x66, 0x6f, 0x6e, 0x74, 0x2d, 0x73, 0x69, 0x7a, 0x65, 0x3a, 0x31,
    0x31, 0x70, 0x78, 0x3b, 0x6c, 0x65, 0x74, 0x74, 0x65, 0x72, 0x2d, 0x73, 0x70, 0x61, 0x63, 0x69,
    0x6e, 0x67, 0x3a, 0x2e, 0x30, 0x35, 0x65, 0x6d, 0x3b, 0x63, 0x6f, 0x6c, 0x6f, 0x72, 0x3a, 0x76,
    0x61, 0x72, 0x28, 0x2d, 0x2d, 0x69, 0x6e, 0x6b, 0x2d, 0x32, 0x29, 0x3b, 0x0a, 0x20, 0x20, 0x62,
    0x6f, 0x72, 0x64, 0x65, 0x72, 0x3a, 0x31, 0x70, 0x78, 0x20, 0x73, 0x6f, 0x6c, 0x69, 0x64, 0x20,
    0x76, 0x61, 0x72, 0x28, 0x2d, 0x2d, 0x72, 0x75, 0x6c, 0x65, 0x29, 0x3b, 0x62, 0x6f, 0x72, 0x64,
    0x65, 0x72, 0x2d, 0x72, 0x61, 0x64, 0x69, 0x75, 0x73, 0x3a, 0x34, 0x70, 0x78, 0x3b, 0x70, 0x61,
    0x64, 0x64, 0x69, 0x6e, 0x67, 0x3a, 0x33, 0x70, 0x78, 0x20, 0x38, 0x70, 0x78, 0x3b, 0x0a, 0x7d,
    0x0a, 0x23, 0x64, 0x65, 0x74, 0x61, 0x69, 0x6c, 0x20, 0x70, 0x7b, 0x6d, 0x61, 0x72, 0x67, 0x69,
    0x6e, 0x3a, 0x31, 0x32, 0x70, 0x78, 0x20, 0x30, 0x20, 0x30, 0x3b, 0x63, 0x6f, 0x6c, 0x6f, 0x72,
    0x3a, 0x76, 0x61, 0x72, 0x28, 0x2d, 0x2d, 0x69, 0x6e, 0x6b, 0x2d, 0x32, 0x29, 0x3b, 0x6d, 0x61,
    0x78, 0x2d, 0x77, 0x69, 0x64, 0x74, 0x68, 0x3a, 0x36, 0x30, 0x63, 0x68, 0x7d, 0x0a, 0x23, 0x64,
    0x65, 0x74, 0x61, 0x69, 0x6c, 0x20, 0x70, 0x20, 0x73, 0x74, 0x72, 0x6f, 0x6e, 0x67, 0x7b, 0x63,
    0x6f, 0x6c, 0x6f, 0x72, 0x3a, 0x76, 0x61, 0x72, 0x28, 0x2d, 0x2d, 0x69, 0x6e, 0x6b, 0x29, 0x3b,
    0x66, 0x6f, 0x6e, 0x74, 0x2d, 0x77, 0x65, 0x69, 0x67, 0x68, 0x74, 0x3a, 0x36, 0x30, 0x30, 0x7d,
    0x0a, 0x2e, 0x6b, 0x76, 0x7b, 0x6d, 0x61, 0x72, 0x67, 0x69, 0x6e, 0x3a, 0x32, 0x30, 0x70, 0x78,
    0x20, 0x30, 0x20, 0x30, 0x3b, 0x62, 0x6f, 0x72, 0x64, 0x65, 0x72, 0x2d, 0x74, 0x6f, 0x70, 0x3a,
    0x31, 0x70, 0x78, 0x20, 0x73, 0x6f, 0x6c, 0x69, 0x64, 0x20, 0x76, 0x61, 0x72, 0x28, 0x2d, 0x2d,
    0x72, 0x75, 0x6c, 0x65, 0x2d, 0x32, 0x29, 0x7d, 0x0a, 0x2e, 0x6b, 0x76, 0x20, 0x64, 0x69, 0x76,
    0x7b, 0x64, 0x69, 0x73, 0x70, 0x6c, 0x61, 0x79, 0x3a, 0x66, 0x6c, 0x65, 0x78, 0x3b, 0x67, 0x61,
    0x70, 0x3a, 0x31, 0x36, 0x70, 0x78, 0x3b, 0x70, 0x61, 0x64, 0x64, 0x69, 0x6e, 0x67, 0x3a, 0x38,
    0x70, 0x78, 0x20, 0x30, 0x3b, 0x62, 0x6f, 0x72, 0x64, 0x65, 0x72, 0x2d, 0x62, 0x6f, 0x74, 0x74,
    0x6f, 0x6d, 0x3a, 0x31, 0x70, 0x78, 0x20, 0x73, 0x6f, 0x6c, 0x69, 0x64, 0x20, 0x76, 0x61, 0x72,
    0x28, 0x2d, 0x2d, 0x72, 0x75, 0x6c, 0x65, 0x2d, 0x32, 0x29, 0x3b, 0x66, 0x6f, 0x6e, 0x74, 0x2d,
    0x73, 0x69, 0x7a, 0x65, 0x3a, 0x31, 0x33, 0x70, 0x78, 0x7d, 0x0a, 0x2e, 0x6b, 0x76, 0x20, 0x64,
    0x74, 0x7b, 0x66, 0x6c, 0x65, 0x78, 0x3a, 0x30, 0x20, 0x30, 0x20, 0x31, 0x30, 0x38, 0x70, 0x78,
    0x3b, 0x63, 0x6f, 0x6c, 0x6f, 0x72, 0x3a, 0x76, 0x61, 0x72, 0x28, 0x2d, 0x2d, 0x69, 0x6e, 0x6b,
    0x2d, 0x33, 0x29, 0x3b, 0x66, 0x6f, 0x6e, 0x74, 0x2d, 0x73, 0x69, 0x7a, 0x65, 0x3a, 0x31, 0x30,
    0x2e, 0x35, 0x70, 0x78, 0x3b, 0x6c, 0x65, 0x74, 0x74, 0x65, 0x72, 0x2d, 0x73, 0x70, 0x61, 0x63,
    0x69, 0x6e, 0x67, 0x3a, 0x2e, 0x31, 0x65, 0x6d, 0x3b, 0x74, 0x65, 0x78, 0x74, 0x2d, 0x74, 0x72,
    0x61, 0x6e, 0x73, 0x66, 0x6f, 0x72, 0x6d, 0x3a, 0x75, 0x70, 0x70, 0x65, 0x72, 0x63, 0x61, 0x73,
    0x65, 0x3b, 0x70, 0x61, 0x64, 0x64, 0x69, 0x6e, 0x67, 0x2d, 0x74, 0x6f, 0x70, 0x3a, 0x32, 0x70,
    0x78, 0x7d, 0x0a, 0x2e, 0x6b, 0x76, 0x20, 0x64, 0x64, 0x7b, 0x6d, 0x61, 0x72, 0x67, 0x69, 0x6e,
    0x3a, 0x30, 0x3b, 0x63, 0x6f, 0x6c, 0x6f, 0x72, 0x3a, 0x76, 0x61, 0x72, 0x28, 0x2d, 0x2d, 0x69,
    0x6e, 0x6b, 0x29, 0x7d, 0x0a, 0x2e, 0x6b, 0x76, 0x20, 0x63, 0x6f, 0x64, 0x65, 0x7b, 0x66, 0x6f,
    0x6e, 0x74, 0x2d, 0x66, 0x61, 0x6d, 0x69, 0x6c, 0x79, 0x3a, 0x75, 0x69, 0x2d, 0x6d, 0x6f, 0x6e,
    0x6f, 0x73, 0x70, 0x61, 0x63, 0x65, 0x2c, 0x22, 0x53, 0x46, 0x20, 0x4d, 0x6f, 0x6e, 0x6f, 0x22,
    0x2c, 0x4d, 0x65, 0x6e, 0x6c, 0x6f, 0x2c, 0x43, 0x6f, 0x6e, 0x73, 0x6f, 0x6c, 0x61, 0x73, 0x2c,
    0x6d, 0x6f, 0x6e, 0x6f, 0x73, 0x70, 0x61, 0x63, 0x65, 0x3b, 0x66, 0x6f, 0x6e, 0x74, 0x2d, 0x73,
    0x69, 0x7a, 0x65, 0x3a, 0x31, 0x32, 0x70, 0x78, 0x3b, 0x63, 0x6f, 0x6c, 0x6f, 0x72, 0x3a, 0x76,
    0x61, 0x72, 0x28, 0x2d, 0x2d, 0x69, 0x6e, 0x6b, 0x2d, 0x32, 0x29, 0x7d, 0x0a, 0x0a, 0x2e, 0x69,
    0x6e, 0x73, 0x70, 0x2d, 0x74, 0x69, 0x74, 0x6c, 0x65, 0x7b, 0x0a, 0x20, 0x20, 0x66, 0x6f, 0x6e,
    0x74, 0x2d, 0x66, 0x61, 0x6d, 0x69, 0x6c, 0x79, 0x3a, 0x75, 0x69, 0x2d, 0x6d, 0x6f, 0x6e, 0x6f,
    0x73, 0x70, 0x61, 0x63, 0x65, 0x2c, 0x22, 0x53, 0x46, 0x20, 0x4d, 0x6f, 0x6e, 0x6f, 0x22, 0x2c,
    0x4d, 0x65, 0x6e, 0x6c, 0x6f, 0x2c, 0x43, 0x6f, 0x6e, 0x73, 0x6f, 0x6c, 0x61, 0x73, 0x2c, 0x6d,
    0x6f, 0x6e, 0x6f, 0x73, 0x70, 0x61, 0x63, 0x65, 0x3b, 0x0a, 0x20, 0x20, 0x66, 0x6f, 0x6e, 0x74,
    0x2d, 0x73, 0x69, 0x7a, 0x65, 0x3a, 0x31, 0x31, 0x70, 0x78, 0x3b, 0x6c, 0x65, 0x74, 0x74, 0x65,
    0x72, 0x2d, 0x73, 0x70, 0x61, 0x63, 0x69, 0x6e, 0x67, 0x3a, 0x2e, 0x31, 0x36, 0x65, 0x6d, 0x3b,
    0x74, 0x65, 0x78, 0x74, 0x2d, 0x74, 0x72, 0x61, 0x6e, 0x73, 0x66, 0x6f, 0x72, 0x6d, 0x3a, 0x75,
    0x70, 0x70, 0x65, 0x72, 0x63, 0x61, 0x73, 0x65, 0x3b, 0x63, 0x6f, 0x6c, 0x6f, 0x72, 0x3a, 0x76,
    0x61, 0x72, 0x28, 0x2d, 0x2d, 0x69, 0x6e, 0x6b, 0x2d, 0x33, 0x29, 0x3b, 0x6d, 0x61, 0x72, 0x67,
    0x69, 0x6e, 0x3a, 0x30, 0x20, 0x30, 0x20, 0x31, 0x34, 0x70, 0x78, 0x3b, 0x0a, 0x7d, 0x0a, 0x23,
    0x69, 0x6e, 0x73, 0x70, 0x2d, 0x70, 0x6f, 0x73, 0x7b, 0x66, 0x6f, 0x6e, 0x74, 0x2d, 0x73, 0x69,
    0x7a, 0x65, 0x3a, 0x31, 0x39, 0x70, 0x78, 0x3b, 0x66, 0x6f, 0x6e, 0x74, 0x2d, 0x77, 0x65, 0x69,
    0x67, 0x68, 0x74, 0x3a, 0x36, 0x35, 0x30, 0x3b, 0x6c, 0x65, 0x74, 0x74, 0x65, 0x72, 0x2d, 0x73,
    0x70, 0x61, 0x63, 0x69, 0x6e, 0x67, 0x3a, 0x2d, 0x2e, 0x30, 0x31, 0x65, 0x6d, 0x3b, 0x63, 0x6f,
    0x6c, 0x6f, 0x72, 0x3a, 0x76, 0x61, 0x72, 0x28, 0x2d, 0x2d, 0x69, 0x6e, 0x6b, 0x29, 0x3b, 0x0a,
    0x20, 0x20, 0x66, 0x6f, 0x6e, 0x74, 0x2d, 0x66, 0x61, 0x6d, 0x69, 0x6c, 0x79, 0x3a, 0x75, 0x69,
    0x2d, 0x6d, 0x6f, 0x6e, 0x6f, 0x73, 0x70, 0x61, 0x63, 0x65, 0x2c, 0x22, 0x53, 0x46, 0x20, 0x4d,
    0x6f, 0x6e, 0x6f, 0x22, 0x2c, 0x4d, 0x65, 0x6e, 0x6c, 0x6f, 0x2c, 0x43, 0x6f, 0x6e, 0x73, 0x6f,
    0x6c, 0x61, 0x73, 0x2c, 0x6d, 0x6f, 0x6e, 0x6f, 0x73, 0x70, 0x61, 0x63, 0x65, 0x7d, 0x0a, 0x23,
    0x69, 0x6e, 0x73, 0x70, 0x2d, 0x77, 0x68, 0x65, 0x72, 0x65, 0x7b, 0x66, 0x6f, 0x6e, 0x74, 0x2d,
    0x73, 0x69, 0x7a, 0x65, 0x3a, 0x31, 0x32, 0x70, 0x78, 0x3b, 0x63, 0x6f, 0x6c, 0x6f, 0x72, 0x3a,
    0x76, 0x61, 0x72, 0x28, 0x2d, 0x2d, 0x69, 0x6e, 0x6b, 0x2d, 0x33, 0x29, 0x3b, 0x6d, 0x61, 0x72,
    0x67, 0x69, 0x6e, 0x3a, 0x32, 0x70, 0x78, 0x20, 0x30, 0x20, 0x31, 0x36, 0x70, 0x78, 0x7d, 0x0a,
    0x23, 0x69, 0x6e, 0x73, 0x70, 0x2d, 0x65, 0x6d, 0x70, 0x74, 0x79, 0x7b, 0x63, 0x6f, 0x6c, 0x6f,
    0x72, 0x3a, 0x76, 0x61, 0x72, 0x28, 0x2d, 0x2d, 0x69, 0x6e, 0x6b, 0x2d, 0x33, 0x29, 0x3b, 0x66,
    0x6f, 0x6e, 0x74, 0x2d, 0x73, 0x69, 0x7a, 0x65, 0x3a, 0x31, 0x33, 0x2e, 0x35, 0x70, 0x78, 0x3b,
    0x6d, 0x61, 0x78, 0x2d, 0x77, 0x69, 0x64, 0x74, 0x68, 0x3a, 0x33, 0x34, 0x63, 0x68, 0x7d, 0x0a,
    0x74, 0x61, 0x62, 0x6c, 0x65, 0x2e, 0x62, 0x69, 0x6e, 0x64, 0x7b, 0x77, 0x69, 0x64, 0x74, 0x68,
    0x3a, 0x31, 0x30, 0x30, 0x25, 0x3b, 0x62, 0x6f, 0x72, 0x64, 0x65, 0x72, 0x2d, 0x63, 0x6f, 0x6c,
    0x6c, 0x61, 0x70, 0x73, 0x65, 0x3a, 0x63, 0x6f, 0x6c, 0x6c, 0x61, 0x70, 0x73, 0x65, 0x3b, 0x66,
    0x6f, 0x6e, 0x74, 0x2d, 0x73, 0x69, 0x7a, 0x65, 0x3a, 0x31, 0x32, 0x2e, 0x35, 0x70, 0x78, 0x7d,
    0x0a, 0x74, 0x61, 0x62, 0x6c, 0x65, 0x2e, 0x62, 0x69, 0x6e, 0x64, 0x20, 0x74, 0x68, 0x7b, 0x0a,
    0x20, 0x20, 0x74, 0x65, 0x78, 0x74, 0x2d, 0x61, 0x6c, 0x69, 0x67, 0x6e, 0x3a, 0x6c, 0x65, 0x66,
    0x74, 0x3b, 0x66, 0x6f, 0x6e, 0x74, 0x2d, 0x73, 0x69, 0x7a, 0x65, 0x3a, 0x31, 0x30, 0x70, 0x78,
    0x3b, 0x6c, 0x65, 0x74, 0x74, 0x65, 0x72, 0x2d, 0x73, 0x70, 0x61, 0x63, 0x69, 0x6e, 0x67, 0x3a,
    0x2e, 0x31, 0x32, 0x65, 0x6d, 0x3b, 0x74, 0x65, 0x78, 0x74, 0x2d, 0x74, 0x72, 0x61, 0x6e, 0x73,
    0x66, 0x6f, 0x72, 0x6d, 0x3a, 0x75, 0x70, 0x70, 0x65, 0x72, 0x63, 0x61, 0x73, 0x65, 0x3b, 0x0a,
    0x20, 0x20, 0x63, 0x6f, 0x6c, 0x6f, 0x72, 0x3a, 0x76, 0x61, 0x72, 0x28, 0x2d, 0x2d, 0x69, 0x6e,
    0x6b, 0x2d, 0x33, 0x29, 0x3b, 0x66, 0x6f, 0x6e, 0x74, 0x2d, 0x77, 0x65, 0x69, 0x67, 0x68, 0x74,
    0x3a, 0x35, 0x30, 0x30, 0x3b, 0x70, 0x61, 0x64, 0x64, 0x69, 0x6e, 0x67, 0x3a, 0x30, 0x20, 0x30,
    0x20, 0x37, 0x70, 0x78, 0x3b, 0x62, 0x6f, 0x72, 0x64, 0x65, 0x72, 0x2d, 0x62, 0x6f, 0x74, 0x74,
    0x6f, 0x6d, 0x3a, 0x31, 0x70, 0x78, 0x20, 0x73, 0x6f, 0x6c, 0x69, 0x64, 0x20, 0x76, 0x61, 0x72,
    0x28, 0x2d, 0x2d, 0x72, 0x75, 0x6c, 0x65, 0x29, 0x0a, 0x7d, 0x0a, 0x74, 0x61, 0x62, 0x6c, 0x65,
    0x2e, 0x62, 0x69, 0x6e, 0x64, 0x20, 0x74, 0x64, 0x7b, 0x70, 0x61, 0x64, 0x64, 0x69, 0x6e, 0x67,
    0x3a, 0x37, 0x70, 0x78, 0x20, 0x30, 0x3b, 0x62, 0x6f, 0x72, 0x64, 0x65, 0x72, 0x2d, 0x62, 0x6f,
    0x74, 0x74, 0x6f, 0x6d, 0x3a, 0x31, 0x70, 0x78, 0x20, 0x73, 0x6f, 0x6c, 0x69, 0x64, 0x20, 0x76,
    0x61, 0x72, 0x28, 0x2d, 0x2d, 0x72, 0x75, 0x6c, 0x65, 0x2d, 0x32, 0x29, 0x3b, 0x76, 0x65, 0x72,
    0x74, 0x69, 0x63, 0x61, 0x6c, 0x2d, 0x61, 0x6c, 0x69, 0x67, 0x6e, 0x3a, 0x74, 0x6f, 0x70, 0x7d,
    0x0a, 0x74, 0x61, 0x62, 0x6c, 0x65, 0x2e, 0x62, 0x69, 0x6e, 0x64, 0x20, 0x74, 0x64, 0x3a, 0x66,
    0x69, 0x72, 0x73, 0x74, 0x2d, 0x63, 0x68, 0x69, 0x6c, 0x64, 0x7b, 0x0a, 0x20, 0x20, 0x77, 0x69,
    0x64, 0x74, 0x68, 0x3a, 0x35, 0x36, 0x70, 0x78, 0x3b, 0x66, 0x6f, 0x6e, 0x74, 0x2d, 0x66, 0x61,
    0x6d, 0x69, 0x6c, 0x79, 0x3a, 0x75, 0x69, 0x2d, 0x6d, 0x6f, 0x6e, 0x6f, 0x73, 0x70, 0x61, 0x63,
    0x65, 0x2c, 0x22, 0x53, 0x46, 0x20, 0x4d, 0x6f, 0x6e, 0x6f, 0x22, 0x2c, 0x4d, 0x65, 0x6e, 0x6c,
    0x6f, 0x2c, 0x43, 0x6f, 0x6e, 0x73, 0x6f, 0x6c, 0x61, 0x73, 0x2c, 0x6d, 0x6f, 0x6e, 0x6f, 0x73,
    0x70, 0x61, 0x63, 0x65, 0x3b, 0x0a, 0x20, 0x20, 0x66, 0x6f, 0x6e, 0x74, 0x2d, 0x73, 0x69, 0x7a,
    0x65, 0x3a, 0x31, 0x31, 0x70, 0x78, 0x3b, 0x66, 0x6f, 0x6e, 0x74, 0x2d, 0x77, 0x65, 0x69, 0x67,
    0x68, 0x74, 0x3a, 0x36, 0x35, 0x30, 0x3b, 0x6c, 0x65, 0x74, 0x74, 0x65, 0x72, 0x2d, 0x73, 0x70,
    0x61, 0x63, 0x69, 0x6e, 0x67, 0x3a, 0x2e, 0x30, 0x36, 0x65, 0x6d, 0x3b, 0x0a, 0x7d, 0x0a, 0x74,
    0x61, 0x62, 0x6c, 0x65, 0x2e, 0x62, 0x69, 0x6e, 0x64, 0x20, 0x74, 0x64, 0x3a, 0x6c, 0x61, 0x73,
    0x74, 0x2d, 0x63, 0x68, 0x69, 0x6c, 0x64, 0x7b, 0x0a, 0x20, 0x20, 0x66, 0x6f, 0x6e, 0x74, 0x2d,
    0x66, 0x61, 0x6d, 0x69, 0x6c, 0x79, 0x3a, 0x75, 0x69, 0x2d, 0x6d, 0x6f, 0x6e, 0x6f, 0x73, 0x70,
    0x61, 0x63, 0x65, 0x2c, 0x22, 0x53, 0x46, 0x20, 0x4d, 0x6f, 0x6e, 0x6f, 0x22, 0x2c, 0x4d, 0x65,
    0x6e, 0x6c, 0x6f, 0x2c, 0x43, 0x6f, 0x6e, 0x73, 0x6f, 0x6c, 0x61, 0x73, 0x2c, 0x6d, 0x6f, 0x6e,
    0x6f, 0x73, 0x70, 0x61, 0x63, 0x65, 0x3b, 0x63, 0x6f, 0x6c, 0x6f, 0x72, 0x3a, 0x76, 0x61, 0x72,
    0x28, 0x2d, 0x2d, 0x69, 0x6e, 0x6b, 0x2d, 0x32, 0x29, 0x3b, 0x0a, 0x20, 0x20, 0x77, 0x6f, 0x72,
    0x64, 0x2d, 0x62, 0x72, 0x65, 0x61, 0x6b, 0x3a, 0x62, 0x72, 0x65, 0x61, 0x6b, 0x2d, 0x77, 0x6f,
    0x72, 0x64, 0x3b, 0x0a, 0x7d, 0x0a, 0x74, 0x72, 0x5b, 0x64, 0x61, 0x74, 0x61, 0x2d, 0x6c, 0x3d,
    0x22, 0x62, 0x61, 0x73, 0x65, 0x22, 0x5d, 0x20, 0x74, 0x64, 0x3a, 0x66, 0x69, 0x72, 0x73, 0x74,
    0x2d, 0x63, 0x68, 0x69, 0x6c, 0x64, 0x7b, 0x63, 0x6f, 0x6c, 0x6f, 0x72, 0x3a, 0x76, 0x61, 0x72,
    0x28, 0x2d, 0x2d, 0x63, 0x2d, 0x62, 0x61, 0x73, 0x65, 0x29, 0x7d, 0x20, 0x74, 0x72, 0x5b, 0x64,
    0x61, 0x74, 0x61, 0x2d, 0x6c, 0x3d, 0x22, 0x78, 0x74, 0x72, 0x61, 0x22, 0x5d, 0x20, 0x74, 0x64,
    0x3a, 0x66, 0x69, 0x72, 0x73, 0x74, 0x2d, 0x63, 0x68, 0x69, 0x6c, 0x64, 0x7b, 0x63, 0x6f, 0x6c,
    0x6f, 0x72, 0x3a, 0x76, 0x61, 0x72, 0x28, 0x2d, 0x2d, 0x63, 0x2d, 0x78, 0x74, 0x72, 0x61, 0x29,
    0x7d, 0x0a, 0x74, 0x72, 0x5b, 0x64, 0x61, 0x74, 0x61, 0x2d, 0x6c, 0x3d, 0x22, 0x66, 0x6e, 0x22,
    0x5d, 0x20, 0x74, 0x64, 0x3a, 0x66, 0x69, 0x72, 0x73, 0x74, 0x2d, 0x63, 0x68, 0x69, 0x6c, 0x64,
    0x7b, 0x63, 0x6f, 0x6c, 0x6f, 0x72, 0x3a, 0x76, 0x61, 0x72, 0x28, 0x2d, 0x2d, 0x63, 0x2d, 0x66,
    0x6e, 0x29, 0x7d, 0x20, 0x20, 0x74, 0x72, 0x5b, 0x64, 0x61, 0x74, 0x61, 0x2d, 0x6c, 0x3d, 0x22,
    0x73, 0x79, 0x73, 0x22, 0x5d, 0x20, 0x74, 0x64, 0x3a, 0x66, 0x69, 0x72, 0x73, 0x74, 0x2d, 0x63,
    0x68, 0x69, 0x6c, 0x64, 0x7b, 0x63, 0x6f, 0x6c, 0x6f, 0x72, 0x3a, 0x76, 0x61, 0x72, 0x28, 0x2d,
    0x2d, 0x63, 0x2d, 0x73, 0x79, 0x73, 0x29, 0x7d, 0x0a, 0x74, 0x72, 0x2e, 0x61, 0x63, 0x74, 0x69,
    0x76, 0x65, 0x20, 0x74, 0x64, 0x7b, 0x62, 0x61, 0x63, 0x6b, 0x67, 0x72, 0x6f, 0x75, 0x6e, 0x64,
    0x3a, 0x76, 0x61, 0x72, 0x28, 0x2d, 0x2d, 0x73, 0x75, 0x72, 0x66, 0x61, 0x63, 0x65, 0x2d, 0x32,
    0x29, 0x7d, 0x0a, 0x74, 0x72, 0x2e, 0x64, 0x69, 0x6d, 0x20, 0x74, 0x64, 0x3a, 0x6c, 0x61, 0x73,
    0x74, 0x2d, 0x63, 0x68, 0x69, 0x6c, 0x64, 0x7b, 0x6f, 0x70, 0x61, 0x63, 0x69, 0x74, 0x79, 0x3a,
    0x2e, 0x34, 0x35, 0x7d, 0x0a, 0x2e, 0x69, 0x6e, 0x73, 0x70, 0x2d, 0x6e, 0x6f, 0x74, 0x65, 0x7b,
    0x6d, 0x61, 0x72, 0x67, 0x69, 0x6e, 0x3a, 0x31, 0x34, 0x70, 0x78, 0x20, 0x30, 0x20, 0x30, 0x3b,
    0x66, 0x6f, 0x6e, 0x74, 0x2d, 0x73, 0x69, 0x7a, 0x65, 0x3a, 0x31, 0x32, 0x70, 0x78, 0x3b, 0x63,
    0x6f, 0x6c, 0x6f, 0x72, 0x3a, 0x76, 0x61, 0x72, 0x28, 0x2d, 0x2d, 0x69, 0x6e, 0x6b, 0x2d, 0x33,
    0x29, 0x3b, 0x6d, 0x61, 0x78, 0x2d, 0x77, 0x69, 0x64, 0x74, 0x68, 0x3a, 0x33, 0x38, 0x63, 0x68,
    0x7d, 0x0a, 0x0a, 0x2f, 0x2a, 0x20, 0x2d, 0x2d, 0x2d, 0x2d, 0x2d, 0x2d, 0x2d, 0x2d, 0x2d, 0x2d,
    0x20, 0x72, 0x65, 0x66, 0x65, 0x72, 0x65, 0x6e, 0x63, 0x65, 0x20, 0x2d, 0x2d, 0x2d, 0x2d, 0x2d,
    0x2d, 0x2d, 0x2d, 0x2d, 0x2d, 0x20, 0x2a, 0x2f, 0x0a, 0x2e, 0x72, 0x65, 0x66, 0x7b, 0x70, 0x61,
    0x64, 0x64, 0x69, 0x6e, 0x67, 0x3a, 0x34, 0x30, 0x70, 0x78, 0x20, 0x30, 0x20, 0x36, 0x30, 0x70,
    0x78, 0x7d, 0x0a, 0x2e, 0x72, 0x65, 0x66, 0x20, 0x68, 0x32, 0x7b, 0x0a, 0x20, 0x20, 0x66, 0x6f,
    0x6e, 0x74, 0x2d, 0x66, 0x61, 0x6d, 0x69, 0x6c, 0x79, 0x3a, 0x75, 0x69, 0x2d, 0x6d, 0x6f, 0x6e,
    0x6f, 0x73, 0x70, 0x61, 0x63, 0x65, 0x2c, 0x22, 0x53, 0x46, 0x20, 0x4d, 0x6f, 0x6e, 0x6f, 0x22,
    0x2c, 0x4d, 0x65, 0x6e, 0x6c, 0x6f, 0x2c, 0x43, 0x6f, 0x6e, 0x73, 0x6f, 0x6c, 0x61, 0x73, 0x2c,
    0x6d, 0x6f, 0x6e, 0x6f, 0x73, 0x70, 0x61, 0x63, 0x65, 0x3b, 0x0a, 0x20, 0x20, 0x66, 0x6f, 0x6e,
    0x74, 0x2d, 0x73, 0x69, 0x7a, 0x65, 0x3a, 0x31, 0x31, 0x70, 0x78, 0x3b, 0x6c, 0x65, 0x74, 0x74,
    0x65, 0x72, 0x2d, 0x73, 0x70, 0x61, 0x63, 0x69, 0x6e, 0x67, 0x3a, 0x2e, 0x31, 0x36, 0x65, 0x6d,
    0x3b, 0x74, 0x65, 0x78, 0x74, 0x2d, 0x74, 0x72, 0x61, 0x6e, 0x73, 0x66, 0x6f, 0x72, 0x6d, 0x3a,
    0x75, 0x70, 0x70, 0x65, 0x72, 0x63, 0x61, 0x73, 0x65, 0x3b, 0x63, 0x6f, 0x6c, 0x6f, 0x72, 0x3a,
    0x76, 0x61, 0x72, 0x28, 0x2d, 0x2d, 0x69, 0x6e, 0x6b, 0x2d, 0x33, 0x29, 0x3b, 0x0a, 0x20, 0x20,
    0x6d, 0x61, 0x72, 0x67, 0x69, 0x6e, 0x3a, 0x30, 0x20, 0x30, 0x20, 0x32, 0x32, 0x70, 0x78, 0x3b,
    0x66, 0x6f, 0x6e, 0x74, 0x2d, 0x77, 0x65, 0x69, 0x67, 0x68, 0x74, 0x3a, 0x35, 0x30, 0x30, 0x3b,
    0x0a, 0x7d, 0x0a, 0x2e, 0x72, 0x65, 0x66, 0x67, 0x72, 0x69, 0x64, 0x7b, 0x64, 0x69, 0x73, 0x70,
    0x6c, 0x61, 0x79, 0x3a, 0x67, 0x72, 0x69, 0x64, 0x3b, 0x67, 0x72, 0x69, 0x64, 0x2d, 0x74, 0x65,
    0x6d, 0x70, 0x6c, 0x61, 0x74, 0x65, 0x2d, 0x63, 0x6f, 0x6c, 0x75, 0x6d, 0x6e, 0x73, 0x3a, 0x72,
    0x65, 0x70, 0x65, 0x61, 0x74, 0x28, 0x33, 0x2c, 0x31, 0x66, 0x72, 0x29, 0x3b, 0x67, 0x61, 0x70,
    0x3a, 0x32, 0x70, 0x78, 0x20, 0x33, 0x34, 0x70, 0x78, 0x7d, 0x0a, 0x2e, 0x72, 0x65, 0x66, 0x67,
    0x72, 0x69, 0x64, 0x20, 0x73, 0x65, 0x63, 0x74, 0x69, 0x6f, 0x6e, 0x7b, 0x62, 0x6f, 0x72, 0x64,
    0x65, 0x72, 0x2d, 0x74, 0x6f, 0x70, 0x3a, 0x31, 0x70, 0x78, 0x20, 0x73, 0x6f, 0x6c, 0x69, 0x64,
    0x20, 0x76, 0x61, 0x72, 0x28, 0x2d, 0x2d, 0x69, 0x6e, 0x6b, 0x2d, 0x33, 0x29, 0x3b, 0x70, 0x61,
    0x64, 0x64, 0x69, 0x6e, 0x67, 0x3a, 0x31, 0x34, 0x70, 0x78, 0x20, 0x30, 0x20, 0x32, 0x32, 0x70,
    0x78, 0x7d, 0x0a, 0x2e, 0x72, 0x65, 0x66, 0x67, 0x72, 0x69, 0x64, 0x20, 0x68, 0x33, 0x7b, 0x0a,
    0x20, 0x20, 0x66, 0x6f, 0x6e, 0x74, 0x2d, 0x73, 0x69, 0x7a, 0x65, 0x3a, 0x31, 0x33, 0x2e, 0x35,
    0x70, 0x78, 0x3b, 0x6d, 0x61, 0x72, 0x67, 0x69, 0x6e, 0x3a, 0x30, 0x20, 0x30, 0x20, 0x38, 0x70,
    0x78, 0x3b, 0x66, 0x6f, 0x6e, 0x74, 0x2d, 0x77, 0x65, 0x69, 0x67, 0x68, 0x74, 0x3a, 0x36, 0x35,
    0x30, 0x3b, 0x6c, 0x65, 0x74, 0x74, 0x65, 0x72, 0x2d, 0x73, 0x70, 0x61, 0x63, 0x69, 0x6e, 0x67,
    0x3a, 0x2d, 0x2e, 0x30, 0x30, 0x35, 0x65, 0x6d, 0x3b, 0x0a, 0x20, 0x20, 0x66, 0x6f, 0x6e, 0x74,
    0x2d, 0x66, 0x61, 0x6d, 0x69, 0x6c, 0x79, 0x3a, 0x75, 0x69, 0x2d, 0x6d, 0x6f, 0x6e, 0x6f, 0x73,
    0x70, 0x61, 0x63, 0x65, 0x2c, 0x22, 0x53, 0x46, 0x20, 0x4d, 0x6f, 0x6e, 0x6f, 0x22, 0x2c, 0x4d,
    0x65, 0x6e, 0x6c, 0x6f, 0x2c, 0x43, 0x6f, 0x6e, 0x73, 0x6f, 0x6c, 0x61, 0x73, 0x2c, 0x6d, 0x6f,
    0x6e, 0x6f, 0x73, 0x70, 0x61, 0x63, 0x65, 0x3b, 0x0a, 0x7d, 0x0a, 0x2e, 0x72, 0x65, 0x66, 0x67,
    0x72, 0x69, 0x64, 0x20, 0x70, 0x7b, 0x6d, 0x61, 0x72, 0x67, 0x69, 0x6e, 0x3a, 0x30, 0x20, 0x30,
    0x20, 0x39, 0x70, 0x78, 0x3b, 0x66, 0x6f, 0x6e, 0x74, 0x2d, 0x73, 0x69, 0x7a, 0x65, 0x3a, 0x31,
    0x33, 0x70, 0x78, 0x3b, 0x63, 0x6f, 0x6c, 0x6f, 0x72, 0x3a, 0x76, 0x61, 0x72, 0x28, 0x2d, 0x2d,
    0x69, 0x6e, 0x6b, 0x2d, 0x32, 0x29, 0x3b, 0x6c, 0x69, 0x6e, 0x65, 0x2d, 0x68, 0x65, 0x69, 0x67,
    0x68, 0x74, 0x3a, 0x31, 0x2e, 0x35, 0x35, 0x7d, 0x0a, 0x2e, 0x72, 0x65, 0x66, 0x67, 0x72, 0x69,
    0x64, 0x20, 0x70, 0x3a, 0x6c, 0x61, 0x73, 0x74, 0x2d, 0x63, 0x68, 0x69, 0x6c, 0x64, 0x7b, 0x6d,
    0x61, 0x72, 0x67, 0x69, 0x6e, 0x2d, 0x62, 0x6f, 0x74, 0x74, 0x6f, 0x6d, 0x3a, 0x30, 0x7d, 0x0a,
    0x2e, 0x72, 0x65, 0x66, 0x67, 0x72, 0x69, 0x64, 0x20, 0x63, 0x6f, 0x64, 0x65, 0x2c, 0x20, 0x2e,
    0x69, 0x6e, 0x6c, 0x69, 0x6e, 0x65, 0x2d, 0x63, 0x6f, 0x64, 0x65, 0x7b, 0x0a, 0x20, 0x20, 0x66,
    0x6f, 0x6e, 0x74, 0x2d, 0x66, 0x61, 0x6d, 0x69, 0x6c, 0x79, 0x3a, 0x75, 0x69, 0x2d, 0x6d, 0x6f,
    0x6e, 0x6f, 0x73, 0x70, 0x61, 0x63, 0x65, 0x2c, 0x22, 0x53, 0x46, 0x20, 0x4d, 0x6f, 0x6e, 0x6f,
    0x22, 0x2c, 0x4d, 0x65, 0x6e, 0x6c, 0x6f, 0x2c, 0x43, 0x6f, 0x6e, 0x73, 0x6f, 0x6c, 0x61, 0x73,
    0x2c, 0x6d, 0x6f, 0x6e, 0x6f, 0x73, 0x70, 0x61, 0x63, 0x65, 0x3b, 0x66, 0x6f, 0x6e, 0x74, 0x2d,
    0x73, 0x69, 0x7a, 0x65, 0x3a, 0x31, 0x32, 0x70, 0x78, 0x3b, 0x0a, 0x20, 0x20, 0x62, 0x61, 0x63,
    0x6b, 0x67, 0x72, 0x6f, 0x75, 0x6e, 0x64, 0x3a, 0x76, 0x61, 0x72, 0x28, 0x2d, 0x2d, 0x73, 0x75,
    0x72, 0x66, 0x61, 0x63, 0x65, 0x2d, 0x32, 0x29, 0x3b, 0x70, 0x61, 0x64, 0x64, 0x69, 0x6e, 0x67,
    0x3a, 0x31, 0x70, 0x78, 0x20, 0x34, 0x70, 0x78, 0x3b, 0x62, 0x6f, 0x72, 0x64, 0x65, 0x72, 0x2d,
    0x72, 0x61, 0x64, 0x69, 0x75, 0x73, 0x3a, 0x33, 0x70, 0x78, 0x3b, 0x63, 0x6f, 0x6c, 0x6f, 0x72,
    0x3a, 0x76, 0x61, 0x72, 0x28, 0x2d, 0x2d, 0x69, 0x6e, 0x6b, 0x29, 0x3b, 0x0a, 0x7d, 0x0a, 0x2e,
    0x70, 0x6f, 0x73, 0x6d, 0x61, 0x70, 0x7b, 0x0a, 0x20, 0x20, 0x6d, 0x61, 0x72, 0x67, 0x69, 0x6e,
    0x3a, 0x32, 0x36, 0x70, 0x78, 0x20, 0x30, 0x20, 0x30, 0x3b, 0x62, 0x61, 0x63, 0x6b, 0x67, 0x72,
    0x6f, 0x75, 0x6e, 0x64, 0x3a, 0x76, 0x61, 0x72, 0x28, 0x2d, 0x2d, 0x73, 0x75, 0x72, 0x66, 0x61,
    0x63, 0x65, 0x29, 0x3b, 0x62, 0x6f, 0x72, 0x64, 0x65, 0x72, 0x3a, 0x31, 0x70, 0x78, 0x20, 0x73,
    0x6f, 0x6c, 0x69, 0x64, 0x20, 0x76, 0x61, 0x72, 0x28, 0x2d, 0x2d, 0x72, 0x75, 0x6c, 0x65, 0x29,
    0x3b, 0x62, 0x6f, 0x72, 0x64, 0x65, 0x72, 0x2d, 0x72, 0x61, 0x64, 0x69, 0x75, 0x73, 0x3a, 0x36,
    0x70, 0x78, 0x3b, 0x0a, 0x20, 0x20, 0x70, 0x61, 0x64, 0x64, 0x69, 0x6e, 0x67, 0x3a, 0x32, 0x30,
    0x70, 0x78, 0x20, 0x32, 0x32, 0x70, 0x78, 0x3b, 0x6f, 0x76, 0x65, 0x72, 0x66, 0x6c, 0x6f, 0x77,
    0x2d, 0x78, 0x3a, 0x61, 0x75, 0x74, 0x6f, 0x3b, 0x0a, 0x7d, 0x0a, 0x2e, 0x70, 0x6f, 0x73, 0x6d,
    0x61, 0x70, 0x20, 0x70, 0x72, 0x65, 0x7b, 0x0a, 0x20, 0x20, 0x6d, 0x61, 0x72, 0x67, 0x69, 0x6e,
    0x3a, 0x30, 0x3b, 0x66, 0x6f, 0x6e, 0x74, 0x2d, 0x66, 0x61, 0x6d, 0x69, 0x6c, 0x79, 0x3a, 0x75,
    0x69, 0x2d, 0x6d, 0x6f, 0x6e, 0x6f, 0x73, 0x70, 0x61, 0x63, 0x65, 0x2c, 0x22, 0x53, 0x46, 0x20,
    0x4d, 0x6f, 0x6e, 0x6f, 0x22, 0x2c, 0x4d, 0x65, 0x6e, 0x6c, 0x6f, 0x2c, 0x43, 0x6f, 0x6e, 0x73,
    0x6f, 0x6c, 0x61, 0x73, 0x2c, 0x6d, 0x6f, 0x6e, 0x6f, 0x73, 0x70, 0x61, 0x63, 0x65, 0x3b, 0x0a,
    0x20, 0x20, 0x66, 0x6f, 0x6e, 0x74, 0x2d, 0x73, 0x69, 0x7a, 0x65, 0x3a, 0x31, 0x32, 0x70, 0x78,
    0x3b, 0x6c, 0x69, 0x6e, 0x65, 0x2d, 0x68, 0x65, 0x69, 0x67, 0x68, 0x74, 0x3a, 0x31, 0x2e, 0x38,
    0x35, 0x3b, 0x63, 0x6f, 0x6c, 0x6f, 0x72, 0x3a, 0x76, 0x61, 0x72, 0x28, 0x2d, 0x2d, 0x69, 0x6e,
    0x6b, 0x2d, 0x32, 0x29, 0x3b, 0x66, 0x6f, 0x6e, 0x74, 0x2d, 0x76, 0x61, 0x72, 0x69, 0x61, 0x6e,
    0x74, 0x2d, 0x6e, 0x75, 0x6d, 0x65, 0x72, 0x69, 0x63, 0x3a, 0x74, 0x61, 0x62, 0x75, 0x6c, 0x61,
    0x72, 0x2d, 0x6e, 0x75, 0x6d, 0x73, 0x3b, 0x0a, 0x7d, 0x0a, 0x2e, 0x70, 0x6f, 0x73, 0x6d, 0x61,
    0x70, 0x20, 0x2e, 0x63, 0x61, 0x70, 0x7b, 0x0a, 0x20, 0x20, 0x66, 0x6f, 0x6e, 0x74, 0x2d, 0x73,
    0x69, 0x7a, 0x65, 0x3a, 0x31, 0x30, 0x2e, 0x35, 0x70, 0x78, 0x3b, 0x6c, 0x65, 0x74, 0x74, 0x65,
    0x72, 0x2d, 0x73, 0x70, 0x61, 0x63, 0x69, 0x6e, 0x67, 0x3a, 0x2e, 0x31, 0x34, 0x65, 0x6d, 0x3b,
    0x74, 0x65, 0x78, 0x74, 0x2d, 0x74, 0x72, 0x61, 0x6e, 0x73, 0x66, 0x6f, 0x72, 0x6d, 0x3a, 0x75,
    0x70, 0x70, 0x65, 0x72, 0x63, 0x61, 0x73, 0x65, 0x3b, 0x63, 0x6f, 0x6c, 0x6f, 0x72, 0x3a, 0x76,
    0x61, 0x72, 0x28, 0x2d, 0x2d, 0x69, 0x6e, 0x6b, 0x2d, 0x33, 0x29, 0x3b, 0x0a, 0x20, 0x20, 0x6d,
    0x61, 0x72, 0x67, 0x69, 0x6e, 0x3a, 0x30, 0x20, 0x30, 0x20, 0x31, 0x32, 0x70, 0x78, 0x3b, 0x66,
    0x6f, 0x6e, 0x74, 0x2d, 0x66, 0x61, 0x6d, 0x69, 0x6c, 0x79, 0x3a, 0x75, 0x69, 0x2d, 0x6d, 0x6f,
    0x6e, 0x6f, 0x73, 0x70, 0x61, 0x63, 0x65, 0x2c, 0x22, 0x53, 0x46, 0x20, 0x4d, 0x6f, 0x6e, 0x6f,
    0x22, 0x2c, 0x4d, 0x65, 0x6e, 0x6c, 0x6f, 0x2c, 0x43, 0x6f, 0x6e, 0x73, 0x6f, 0x6c, 0x61, 0x73,
    0x2c, 0x6d, 0x6f, 0x6e, 0x6f, 0x73, 0x70, 0x61, 0x63, 0x65, 0x3b, 0x0a, 0x7d, 0x0a, 0x66, 0x6f,
    0x6f, 0x74, 0x65, 0x72, 0x7b, 0x62, 0x6f, 0x72, 0x64, 0x65, 0x72, 0x2d, 0x74, 0x6f, 0x70, 0x3a,
    0x31, 0x70, 0x78, 0x20, 0x73, 0x6f, 0x6c, 0x69, 0x64, 0x20, 0x76, 0x61, 0x72, 0x28, 0x2d, 0x2d,
    0x72, 0x75, 0x6c, 0x65, 0x29, 0x3b, 0x70, 0x61, 0x64, 0x64, 0x69, 0x6e, 0x67, 0x3a, 0x32, 0x30,
    0x70, 0x78, 0x20, 0x30, 0x20, 0x34, 0x34, 0x70, 0x78, 0x3b, 0x66, 0x6f, 0x6e, 0x74, 0x2d, 0x73,
    0x69, 0x7a, 0x65, 0x3a, 0x31, 0x32, 0x70, 0x78, 0x3b, 0x63, 0x6f, 0x6c, 0x6f, 0x72, 0x3a, 0x76,
    0x61, 0x72, 0x28, 0x2d, 0x2d, 0x69, 0x6e, 0x6b, 0x2d, 0x33, 0x29, 0x7d, 0x0a, 0x66, 0x6f, 0x6f,
    0x74, 0x65, 0x72, 0x20, 0x63, 0x6f, 0x64, 0x65, 0x7b, 0x66, 0x6f, 0x6e, 0x74, 0x2d, 0x66, 0x61,
    0x6d, 0x69, 0x6c, 0x79, 0x3a, 0x75, 0x69, 0x2d, 0x6d, 0x6f, 0x6e, 0x6f, 0x73, 0x70, 0x61, 0x63,
    0x65, 0x2c, 0x22, 0x53, 0x46, 0x20, 0x4d, 0x6f, 0x6e, 0x6f, 0x22, 0x2c, 0x4d, 0x65, 0x6e, 0x6c,
    0x6f, 0x2c, 0x43, 0x6f, 0x6e, 0x73, 0x6f, 0x6c, 0x61, 0x73, 0x2c, 0x6d, 0x6f, 0x6e, 0x6f, 0x73,
    0x70, 0x61, 0x63, 0x65, 0x7d, 0x0a, 0x0a, 0x40, 0x6d, 0x65, 0x64, 0x69, 0x61, 0x20, 0x28, 0x6d,
    0x61, 0x78, 0x2d, 0x77, 0x69, 0x64, 0x74, 0x68, 0x3a, 0x38, 0x38, 0x30, 0x70, 0x78, 0x29, 0x7b,
    0x0a, 0x20, 0x20, 0x2e, 0x62, 0x6f, 0x61, 0x72, 0x64, 0x2d, 0x66, 0x72, 0x61, 0x6d, 0x65, 0x7b,
    0x70, 0x61, 0x64, 0x64, 0x69, 0x6e, 0x67, 0x3a, 0x32, 0x32, 0x70, 0x78, 0x20, 0x31, 0x36, 0x70,
    0x78, 0x20, 0x31, 0x34, 0x70, 0x78, 0x7d, 0x0a, 0x20, 0x20, 0x2e, 0x62, 0x6f, 0x61, 0x72, 0x64,
    0x7b, 0x74, 0x72, 0x61, 0x6e, 0x73, 0x66, 0x6f, 0x72, 0x6d, 0x3a, 0x73, 0x63, 0x61, 0x6c, 0x65,
    0x28, 0x2e, 0x36, 0x32, 0x29, 0x3b, 0x74, 0x72, 0x61, 0x6e, 0x73, 0x66, 0x6f, 0x72, 0x6d, 0x2d,
    0x6f, 0x72, 0x69, 0x67, 0x69, 0x6e, 0x3a, 0x74, 0x6f, 0x70, 0x20, 0x6c, 0x65, 0x66, 0x74, 0x3b,
    0x6d, 0x61, 0x72, 0x67, 0x69, 0x6e, 0x2d, 0x62, 0x6f, 0x74, 0x74, 0x6f, 0x6d, 0x3a, 0x2d, 0x31,
    0x31, 0x38, 0x70, 0x78, 0x3b, 0x6d, 0x61, 0x72, 0x67, 0x69, 0x6e, 0x2d, 0x72, 0x69, 0x67, 0x68,
    0x74, 0x3a, 0x2d, 0x33, 0x30, 0x36, 0x70, 0x78, 0x7d, 0x0a, 0x20, 0x20, 0x2e, 0x64, 0x75, 0x6f,
    0x7b, 0x67, 0x72, 0x69, 0x64, 0x2d, 0x74, 0x65, 0x6d, 0x70, 0x6c, 0x61, 0x74, 0x65, 0x2d, 0x63,
    0x6f, 0x6c, 0x75, 0x6d, 0x6e, 0x73, 0x3a, 0x31, 0x66, 0x72, 0x7d, 0x0a, 0x20, 0x20, 0x2e, 0x64,
    0x75, 0x6f, 0x20, 0x3e, 0x20, 0x2a, 0x3a, 0x66, 0x69, 0x72, 0x73, 0x74, 0x2d, 0x63, 0x68, 0x69,
    0x6c, 0x64, 0x7b, 0x62, 0x6f, 0x72, 0x64, 0x65, 0x72, 0x2d, 0x72, 0x69, 0x67, 0x68, 0x74, 0x3a,
    0x30, 0x3b, 0x62, 0x6f, 0x72, 0x64, 0x65, 0x72, 0x2d, 0x62, 0x6f, 0x74, 0x74, 0x6f, 0x6d, 0x3a,
    0x31, 0x70, 0x78, 0x20, 0x73, 0x6f, 0x6c, 0x69, 0x64, 0x20, 0x76, 0x61, 0x72, 0x28, 0x2d, 0x2d,
    0x72, 0x75, 0x6c, 0x65, 0x29, 0x3b, 0x70, 0x61, 0x64, 0x64, 0x69, 0x6e, 0x67, 0x2d, 0x72, 0x69,
    0x67, 0x68, 0x74, 0x3a, 0x30, 0x3b, 0x70, 0x61, 0x64, 0x64, 0x69, 0x6e, 0x67, 0x2d, 0x62, 0x6f,
    0x74, 0x74, 0x6f, 0x6d, 0x3a, 0x32, 0x36, 0x70, 0x78, 0x7d, 0x0a, 0x20, 0x20, 0x2e, 0x64, 0x75,
    0x6f, 0x20, 0x3e, 0x20, 0x2a, 0x3a, 0x6c, 0x61, 0x73, 0x74, 0x2d, 0x63, 0x68, 0x69, 0x6c, 0x64,
    0x7b, 0x70, 0x61, 0x64, 0x64, 0x69, 0x6e, 0x67, 0x2d, 0x6c, 0x65, 0x66, 0x74, 0x3a, 0x30, 0x7d,
    0x0a, 0x20, 0x20, 0x2e, 0x72, 0x65, 0x66, 0x67, 0x72, 0x69, 0x64, 0x7b, 0x67, 0x72, 0x69, 0x64,
    0x2d, 0x74, 0x65, 0x6d, 0x70, 0x6c, 0x61, 0x74, 0x65, 0x2d, 0x63, 0x6f, 0x6c, 0x75, 0x6d, 0x6e,
    0x73, 0x3a, 0x31, 0x66, 0x72, 0x7d, 0x0a, 0x20, 0x20, 0x2e, 0x74, 0x61, 0x62, 0x62, 0x61, 0x72,
    0x20, 0x2e, 0x6f, 0x70, 0x74, 0x73, 0x7b, 0x77, 0x69, 0x64, 0x74, 0x68, 0x3a, 0x31, 0x30, 0x30,
    0x25, 0x3b, 0x6f, 0x72, 0x64, 0x65, 0x72, 0x3a, 0x33, 0x3b, 0x6d, 0x61, 0x72, 0x67, 0x69, 0x6e,
    0x2d, 0x6c, 0x65, 0x66, 0x74, 0x3a, 0x30, 0x3b, 0x70, 0x61, 0x64, 0x64, 0x69, 0x6e, 0x67, 0x2d,
    0x62, 0x6f, 0x74, 0x74, 0x6f, 0x6d, 0x3a, 0x31, 0x32, 0x70, 0x78, 0x7d, 0x0a, 0x7d, 0x0a, 0x40,
    0x6d, 0x65, 0x64, 0x69, 0x61, 0x20, 0x28, 0x70, 0x72, 0x65, 0x66, 0x65, 0x72, 0x73, 0x2d, 0x72,
    0x65, 0x64, 0x75, 0x63, 0x65, 0x64, 0x2d, 0x6d, 0x6f, 0x74, 0x69, 0x6f, 0x6e, 0x3a, 0x72, 0x65,
    0x64, 0x75, 0x63, 0x65, 0x29, 0x7b, 0x0a, 0x20, 0x20, 0x2a, 0x7b, 0x74, 0x72, 0x61, 0x6e, 0x73,
    0x69, 0x74, 0x69, 0x6f, 0x6e, 0x3a, 0x6e, 0x6f, 0x6e, 0x65, 0x21, 0x69, 0x6d, 0x70, 0x6f, 0x72,
    0x74, 0x61, 0x6e, 0x74, 0x7d, 0x0a, 0x7d, 0x0a, 0x3c, 0x2f, 0x73, 0x74, 0x79, 0x6c, 0x65, 0x3e,
    0x0a, 0x3c, 0x2f, 0x68, 0x65, 0x61, 0x64, 0x3e, 0x0a, 0x3c, 0x62, 0x6f, 0x64, 0x79, 0x3e, 0x0a,
    0x0a, 0x0a, 0x3c, 0x64, 0x69, 0x76, 0x20, 0x63, 0x6c, 0x61, 0x73, 0x73, 0x3d, 0x22, 0x77, 0x72,
    0x61, 0x70, 0x20, 0x6d, 0x61, 0x73, 0x74, 0x22, 0x3e, 0x0a, 0x20, 0x20, 0x3c, 0x64, 0x69, 0x76,
    0x20, 0x63, 0x6c, 0x61, 0x73, 0x73, 0x3d, 0x22, 0x65, 0x79, 0x65, 0x62, 0x72, 0x6f, 0x77, 0x22,
    0x3e, 0x3c, 0x73, 0x70, 0x61, 0x6e, 0x3e, 0x5a, 0x4d, 0x4b, 0x20, 0x75, 0x73, 0x65, 0x72, 0x20,
    0x63, 0x6f, 0x6e, 0x66, 0x69, 0x67, 0x3c, 0x2f, 0x73, 0x70, 0x61, 0x6e, 0x3e, 0xc2, 0xb7, 0x3c,
    0x62, 0x20, 0x63, 0x6c, 0x61, 0x73, 0x73, 0x3d, 0x22, 0x6d, 0x6f, 0x6e, 0x6f, 0x22, 0x3e, 0x63,
    0x6f, 0x6e, 0x66, 0x69, 0x67, 0x2f, 0x6b, 0x6c, 0x6f, 0x72, 0x2e, 0x6b, 0x65, 0x79, 0x6d, 0x61,
    0x70, 0x3c, 0x2f, 0x62, 0x3e, 0xc2, 0xb7, 0x3c, 0x73, 0x70, 0x61, 0x6e, 0x3e, 0x61, 0x73, 0x20,
    0x63, 0x6f, 0x6d, 0x6d, 0x69, 0x74, 0x74, 0x65, 0x64, 0x3c, 0x2f, 0x73, 0x70, 0x61, 0x6e, 0x3e,
    0x3c, 0x2f, 0x64, 0x69, 0x76, 0x3e, 0x0a, 0x20, 0x20, 0x3c, 0x68, 0x31, 0x3e, 0x4b, 0x4c, 0x4f,
    0x52, 0x20, 0x70, 0x6f, 0x6c, 0x79, 0x64, 0x61, 0x63, 0x74, 0x79, 0x6c, 0x20, 0xe2, 0x80, 0x94,
    0x20, 0x77, 0x6f, 0x72, 0x6b, 0x69, 0x6e, 0x67, 0x20, 0x6b, 0x65, 0x79, 0x6d, 0x61, 0x70, 0x3c,
    0x2f, 0x68, 0x31, 0x3e, 0x0a, 0x20, 0x20, 0x3c, 0x70, 0x20, 0x63, 0x6c, 0x61, 0x73, 0x73, 0x3d,
    0x22, 0x6c, 0x65, 0x64, 0x65, 0x22, 0x3e, 0x46, 0x6f, 0x75, 0x72, 0x20, 0x6c, 0x61, 0x79, 0x65,
    0x72, 0x73, 0x20, 0x6f, 0x76, 0x65, 0x72, 0x20, 0x34, 0x34, 0x20, 0x70, 0x6f, 0x73, 0x69, 0x74,
    0x69, 0x6f, 0x6e, 0x73, 0x2e, 0x20, 0x4e, 0x41, 0x56, 0x20, 0x68, 0x61, 0x73, 0x20, 0x62, 0x65,
    0x65, 0x6e, 0x20, 0x72, 0x65, 0x6d, 0x6f, 0x76, 0x65, 0x64, 0x20, 0x61, 0x6e, 0x64, 0x20, 0x4e,
    0x55, 0x4d, 0x20, 0x69, 0x73, 0x20, 0x6e, 0x6f, 0x77, 0x20, 0x58, 0x54, 0x52, 0x41, 0x20, 0xe2,
    0x80, 0x94, 0x0a, 0x20, 0x20, 0x61, 0x20, 0x73, 0x63, 0x72, 0x61, 0x74, 0x63, 0x68, 0x20, 0x6c,
    0x61, 0x79, 0x65, 0x72, 0x20, 0x66, 0x6f, 0x72, 0x20, 0x77, 0x68, 0x61, 0x74, 0x65, 0x76, 0x65,
    0x72, 0x20, 0x67, 0x65, 0x74, 0x73, 0x20, 0x72, 0x65, 0x61, 0x63, 0x68, 0x65, 0x64, 0x20, 0x66,
    0x6f, 0x72, 0x20, 0x6f, 0x66, 0x74, 0x65, 0x6e, 0x2e, 0x20, 0x4c, 0x61, 0x79, 0x65, 0x72, 0x73,
    0x20, 0x63, 0x68, 0x61, 0x69, 0x6e, 0x20, 0x72, 0x61, 0x74, 0x68, 0x65, 0x72, 0x20, 0x74, 0x68,
    0x61, 0x6e, 0x20, 0x63, 0x6f, 0x6d, 0x62, 0x69, 0x6e, 0x65, 0x3a, 0x0a, 0x20, 0x20, 0x42, 0x41,
    0x53, 0x45, 0x20, 0x69, 0x6e, 0x74, 0x6f, 0x20, 0x58, 0x54, 0x52, 0x41, 0x20, 0x69, 0x6e, 0x74,
    0x6f, 0x20, 0x46, 0x4e, 0x20, 0x69, 0x6e, 0x74, 0x6f, 0x20, 0x53, 0x59, 0x53, 0x2c, 0x20, 0x6f,
    0x6e, 0x65, 0x20, 0x6b, 0x65, 0x79, 0x20, 0x64, 0x65, 0x65, 0x70, 0x65, 0x72, 0x20, 0x65, 0x61,
    0x63, 0x68, 0x20, 0x74, 0x69, 0x6d, 0x65, 0x2e, 0x3c, 0x2f, 0x70, 0x3e, 0x0a, 0x20, 0x20, 0x3c,
    0x64, 0x6c, 0x20, 0x63, 0x6c, 0x61, 0x73, 0x73, 0x3d, 0x22, 0x73, 0x70, 0x65, 0x63, 0x73, 0x22,
    0x3e, 0x0a, 0x20, 0x20, 0x20, 0x20, 0x3c, 0x64, 0x69, 0x76, 0x20, 0x63, 0x6c, 0x61, 0x73, 0x73,
    0x3d, 0x22, 0x73, 0x70, 0x65, 0x63, 0x22, 0x3e, 0x3c, 0x64, 0x74, 0x3e, 0x50, 0x6f, 0x73, 0x69,
    0x74, 0x69, 0x6f, 0x6e, 0x73, 0x3c, 0x2f, 0x64, 0x74, 0x3e, 0x3c, 0x64, 0x64, 0x3e, 0x34, 0x34,
    0x20, 0x26, 0x6e, 0x62, 0x73, 0x70, 0x3b, 0x3c, 0x73, 0x70, 0x61, 0x6e, 0x20, 0x73, 0x74, 0x79,
    0x6c, 0x65, 0x3d, 0x22, 0x63, 0x6f, 0x6c, 0x6f, 0x72, 0x3a, 0x76, 0x61, 0x72, 0x28, 0x2d, 0x2d,
    0x69, 0x6e, 0x6b, 0x2d, 0x33, 0x29, 0x22, 0x3e, 0x28, 0x34, 0x32, 0x20, 0x6b, 0x65, 0x79, 0x73,
    0x20, 0x2b, 0x20, 0x32, 0x20, 0x65, 0x6e, 0x63, 0x6f, 0x64, 0x65, 0x72, 0x20, 0x70, 0x75, 0x73,
    0x68, 0x65, 0x73, 0x29, 0x3c, 0x2f, 0x73, 0x70, 0x61, 0x6e, 0x3e, 0x3c, 0x2f, 0x64, 0x64, 0x3e,
    0x3c, 0x2f, 0x64, 0x69, 0x76, 0x3e, 0x0a, 0x20, 0x20, 0x20, 0x20, 0x3c, 0x64, 0x69, 0x76, 0x20,
    0x63, 0x6c, 0x61, 0x73, 0x73, 0x3d, 0x22, 0x73, 0x70, 0x65, 0x63, 0x22, 0x3e, 0x3c, 0x64, 0x74,
    0x3e, 0x4d, 0x61, 0x74, 0x72, 0x69, 0x78, 0x3c, 0x2f, 0x64, 0x74, 0x3e, 0x3c, 0x64, 0x64, 0x3e,
    0x31, 0x32, 0x20, 0xc3, 0x97, 0x20, 0x34, 0x3c, 0x2f, 0x64, 0x64, 0x3e, 0x3c, 0x2f, 0x64, 0x69,
    0x76, 0x3e, 0x0a, 0x20, 0x20, 0x20, 0x20, 0x3c, 0x64, 0x69, 0x76, 0x20, 0x63, 0x6c, 0x61, 0x73,
    0x73, 0x3d, 0x22, 0x73, 0x70, 0x65, 0x63, 0x22, 0x3e, 0x3c, 0x64, 0x74, 0x3e, 0x4c, 0x61, 0x79,
    0x65, 0x72, 0x73, 0x3c, 0x2f, 0x64, 0x74, 0x3e, 0x3c, 0x64, 0x64, 0x3e, 0x34, 0x3c, 0x2f, 0x64,
    0x64, 0x3e, 0x3c, 0x2f, 0x64, 0x69, 0x76, 0x3e, 0x0a, 0x20, 0x20, 0x20, 0x20, 0x3c, 0x64, 0x69,
    0x76, 0x20, 0x63, 0x6c, 0x61, 0x73, 0x73, 0x3d, 0x22, 0x73, 0x70, 0x65, 0x63, 0x22, 0x3e, 0x3c,
    0x64, 0x74, 0x3e, 0x43, 0x6f, 0x6d, 0x62, 0x6f, 0x73, 0x3c, 0x2f, 0x64, 0x74, 0x3e, 0x3c, 0x64,
    0x64, 0x3e, 0x31, 0x3c, 0x2f, 0x64, 0x64, 0x3e, 0x3c, 0x2f, 0x64, 0x69, 0x76, 0x3e, 0x0a, 0x20,
    0x20, 0x20, 0x20, 0x3c, 0x64, 0x69, 0x76, 0x20, 0x63, 0x6c, 0x61, 0x73, 0x73, 0x3d, 0x22, 0x73,
    0x70, 0x65, 0x63, 0x22, 0x3e, 0x3c, 0x64, 0x74, 0x3e, 0x45, 0x6e, 0x63, 0x6f, 0x64, 0x65, 0x72,
    0x73, 0x3c, 0x2f, 0x64, 0x74, 0x3e, 0x3c, 0x64, 0x64, 0x3e, 0x32, 0x3c, 0x2f, 0x64, 0x64, 0x3e,
    0x3c, 0x2f, 0x64, 0x69, 0x76, 0x3e, 0x0a, 0x20, 0x20, 0x3c, 0x2f, 0x64, 0x6c, 0x3e, 0x0a, 0x3c,
    0x2f, 0x64, 0x69, 0x76, 0x3e, 0x0a, 0x0a, 0x3c, 0x64, 0x69, 0x76, 0x20, 0x63, 0x6c, 0x61, 0x73,
    0x73, 0x3d, 0x22, 0x74, 0x61, 0x62, 0x62, 0x61, 0x72, 0x22, 0x3e, 0x0a, 0x20, 0x20, 0x3c, 0x64,
    0x69, 0x76, 0x20, 0x63, 0x6c, 0x61, 0x73, 0x73, 0x3d, 0x22, 0x77, 0x72, 0x61, 0x70, 0x20, 0x74,
    0x61, 0x62, 0x62, 0x61, 0x72, 0x2d, 0x69, 0x6e, 0x6e, 0x65, 0x72, 0x22, 0x20, 0x72, 0x6f, 0x6c,
    0x65, 0x3d, 0x22, 0x74, 0x61, 0x62, 0x6c, 0x69, 0x73, 0x74, 0x22, 0x20, 0x61, 0x72, 0x69, 0x61,
    0x2d, 0x6c, 0x61, 0x62, 0x65, 0x6c, 0x3d, 0x22, 0x4b, 0x65, 0x79, 0x6d, 0x61, 0x70, 0x20, 0x6c,
    0x61, 0x79, 0x65, 0x72, 0x73, 0x22, 0x3e, 0x0a, 0x20, 0x20, 0x20, 0x20, 0x3c, 0x62, 0x75, 0x74,
    0x74, 0x6f, 0x6e, 0x20, 0x63, 0x6c, 0x61, 0x73, 0x73, 0x3d, 0x22, 0x74, 0x61, 0x62, 0x22, 0x20,
    0x72, 0x6f, 0x6c, 0x65, 0x3d, 0x22, 0x74, 0x61, 0x62, 0x22, 0x20, 0x64, 0x61, 0x74, 0x61, 0x2d,
    0x6c, 0x3d, 0x22, 0x62, 0x61, 0x73, 0x65, 0x22, 0x20, 0x61, 0x72, 0x69, 0x61, 0x2d, 0x73, 0x65,
    0x6c, 0x65, 0x63, 0x74, 0x65, 0x64, 0x3d, 0x22, 0x74, 0x72, 0x75, 0x65, 0x22, 0x3e, 0x3c, 0x73,
    0x70, 0x61, 0x6e, 0x20, 0x63, 0x6c, 0x61, 0x73, 0x73, 0x3d, 0x22, 0x69, 0x64, 0x78, 0x22, 0x3e,
    0x30, 0x3c, 0x2f, 0x73, 0x70, 0x61, 0x6e, 0x3e, 0x42, 0x41, 0x53, 0x45, 0x3c, 0x2f, 0x62, 0x75,
    0x74, 0x74, 0x6f, 0x6e, 0x3e, 0x0a, 0x20, 0x20, 0x20, 0x20, 0x3c, 0x62, 0x75, 0x74, 0x74, 0x6f,
    0x6e, 0x20, 0x63, 0x6c, 0x61, 0x73, 0x73, 0x3d, 0x22, 0x74, 0x61, 0x62, 0x22, 0x20, 0x72, 0x6f,
    0x6c, 0x65, 0x3d, 0x22, 0x74, 0x61, 0x62, 0x22, 0x20, 0x64, 0x61, 0x74, 0x61, 0x2d, 0x6c, 0x3d,
    0x22, 0x78, 0x74, 0x72, 0x61, 0x22, 0x20, 0x61, 0x72, 0x69, 0x61, 0x2d, 0x73, 0x65, 0x6c, 0x65,
    0x63, 0x74, 0x65, 0x64, 0x3d, 0x22, 0x66, 0x61, 0x6c, 0x73, 0x65, 0x22, 0x3e, 0x3c, 0x73, 0x70,
    0x61, 0x6e, 0x20, 0x63, 0x6c, 0x61, 0x73, 0x73, 0x3d, 0x22, 0x69, 0x64, 0x78, 0x22, 0x3e, 0x31,
    0x3c, 0x2f, 0x73, 0x70, 0x61, 0x6e, 0x3e, 0x58, 0x54, 0x52, 0x41, 0x3c, 0x2f, 0x62, 0x75, 0x74,
    0x74, 0x6f, 0x6e, 0x3e, 0x0a, 0x20, 0x20, 0x20, 0x20, 0x3c, 0x62, 0x75, 0x74, 0x74, 0x6f, 0x6e,
    0x20, 0x63, 0x6c, 0x61, 0x73, 0x73, 0x3d, 0x22, 0x74, 0x61, 0x62, 0x22, 0x20, 0x72, 0x6f, 0x6c,
    0x65, 0x3d, 0x22, 0x74, 0x61, 0x62, 0x22, 0x20, 0x64, 0x61, 0x74, 0x61, 0x2d, 0x6c, 0x3d, 0x22,
    0x66, 0x6e, 0x22, 0x20, 0x20, 0x20, 0x61, 0x72, 0x69, 0x61, 0x2d, 0x73, 0x65, 0x6c, 0x65, 0x63,
    0x74, 0x65, 0x64, 0x3d, 0x22, 0x66, 0x61, 0x6c, 0x73, 0x65, 0x22, 0x3e, 0x3c, 0x73, 0x70, 0x61,
    0x6e, 0x20, 0x63, 0x6c, 0x61, 0x73, 0x73, 0x3d, 0x22, 0x69, 0x64, 0x78, 0x22, 0x3e, 0x32, 0x3c,
    0x2f, 0x73, 0x70, 0x61, 0x6e, 0x3e, 0x46, 0x4e, 0x3c, 0x2f, 0x62, 0x75, 0x74, 0x74, 0x6f, 0x6e,
    0x3e, 0x0a, 0x20, 0x20, 0x20, 0x20, 0x3c, 0x62, 0x75, 0x74, 0x74, 0x6f, 0x6e, 0x20, 0x63, 0x6c,
    0x61, 0x73, 0x73, 0x3d, 0x22, 0x74, 0x61, 0x62, 0x22, 0x20, 0x72, 0x6f, 0x6c, 0x65, 0x3d, 0x22,
    0x74, 0x61, 0x62, 0x22, 0x20, 0x64, 0x61, 0x74, 0x61, 0x2d, 0x6c, 0x3d, 0x22, 0x73, 0x79, 0x73,
    0x22, 0x20, 0x20, 0x61, 0x72, 0x69, 0x61, 0x2d, 0x73, 0x65, 0x6c, 0x65, 0x63, 0x74, 0x65, 0x64,
    0x3d, 0x22, 0x66, 0x61, 0x6c, 0x73, 0x65, 0x22, 0x3e, 0x3c, 0x73, 0x70, 0x61, 0x6e, 0x20, 0x63,
    0x6c, 0x61, 0x73, 0x73, 0x3d, 0x22, 0x69, 0x64, 0x78, 0x22, 0x3e, 0x33, 0x3c, 0x2f, 0x73, 0x70,
    0x61, 0x6e, 0x3e, 0x53, 0x59, 0x53, 0x3c, 0x2f, 0x62, 0x75, 0x74, 0x74, 0x6f, 0x6e, 0x3e, 0x0a,
    0x20, 0x20, 0x20, 0x20, 0x3c, 0x64, 0x69, 0x76, 0x20, 0x63, 0x6c, 0x61, 0x73, 0x73, 0x3d, 0x22,
    0x6f, 0x70, 0x74, 0x73, 0x22, 0x3e, 0x0a, 0x20, 0x20, 0x20, 0x20, 0x20, 0x20, 0x3c, 0x6c, 0x61,
    0x62, 0x65, 0x6c, 0x20, 0x63, 0x6c, 0x61, 0x73, 0x73, 0x3d, 0x22, 0x6f, 0x70, 0x74, 0x22, 0x3e,
    0x3c, 0x69, 0x6e, 0x70, 0x75, 0x74, 0x20, 0x74, 0x79, 0x70, 0x65, 0x3d, 0x22, 0x63, 0x68, 0x65,
    0x63, 0x6b, 0x62, 0x6f, 0x78, 0x22, 0x20, 0x69, 0x64, 0x3d, 0x22, 0x74, 0x2d, 0x6e, 0x75, 0x6d,
    0x73, 0x22, 0x20, 0x63, 0x68, 0x65, 0x63, 0x6b, 0x65, 0x64, 0x3e, 0x50, 0x6f, 0x73, 0x69, 0x74,
    0x69, 0x6f, 0x6e, 0x73, 0x3c, 0x2f, 0x6c, 0x61, 0x62, 0x65, 0x6c, 0x3e, 0x0a, 0x20, 0x20, 0x20,
    0x20, 0x20, 0x20, 0x3c, 0x6c, 0x61, 0x62, 0x65, 0x6c, 0x20, 0x63, 0x6c, 0x61, 0x73, 0x73, 0x3d,
    0x22, 0x6f, 0x70, 0x74, 0x22, 0x3e, 0x3c, 0x69, 0x6e, 0x70, 0x75, 0x74, 0x20, 0x74, 0x79, 0x70,
    0x65, 0x3d, 0x22, 0x63, 0x68, 0x65, 0x63, 0x6b, 0x62, 0x6f, 0x78, 0x22, 0x20, 0x69, 0x64, 0x3d,
    0x22, 0x74, 0x2d, 0x66, 0x61, 0x6c, 0x6c, 0x22, 0x20, 0x63, 0x68, 0x65, 0x63, 0x6b, 0x65, 0x64,
    0x3e, 0x46, 0x61, 0x6c, 0x6c, 0x2d, 0x74, 0x68, 0x72, 0x6f, 0x75, 0x67, 0x68, 0x3c, 0x2f, 0x6c,
    0x61, 0x62, 0x65, 0x6c, 0x3e, 0x0a, 0x20, 0x20, 0x20, 0x20, 0x3c, 0x2f, 0x64, 0x69, 0x76, 0x3e,
    0x0a, 0x20, 0x20, 0x3c, 0x2f, 0x64, 0x69, 0x76, 0x3e, 0x0a, 0x3c, 0x2f, 0x64, 0x69, 0x76, 0x3e,
    0x0a, 0x0a, 0x3c, 0x64, 0x69, 0x76, 0x20, 0x63, 0x6c, 0x61, 0x73, 0x73, 0x3d, 0x22, 0x73, 0x74,
    0x61, 0x67, 0x65, 0x22, 0x3e, 0x0a, 0x3c, 0x64, 0x69, 0x76, 0x20, 0x63, 0x6c, 0x61, 0x73, 0x73,
    0x3d, 0x22, 0x77, 0x61, 0x72, 0x6e, 0x62, 0x61, 0x72, 0x22, 0x3e, 0x3c, 0x62, 0x3e, 0x4c, 0x61,
    0x79, 0x65, 0x72, 0x73, 0x20, 0x63, 0x68, 0x61, 0x69, 0x6e, 0x3c, 0x2f, 0x62, 0x3e, 0x20, 0xe2,
    0x80, 0x94, 0x20, 0x42, 0x41, 0x53, 0x45, 0x20, 0xe2, 0x86, 0x92, 0x20, 0x58, 0x54, 0x52, 0x41,
    0x20, 0x28, 0x68, 0x6f, 0x6c, 0x64, 0x20, 0x33, 0x38, 0x29, 0x20, 0xe2, 0x86, 0x92, 0x20, 0x46,
    0x4e, 0x20, 0x28, 0x61, 0x64, 0x64, 0x20, 0x34, 0x31, 0x29, 0x20, 0xe2, 0x86, 0x92, 0x20, 0x53,
    0x59, 0x53, 0x20, 0x28, 0x61, 0x64, 0x64, 0x20, 0x32, 0x32, 0x29, 0x2e, 0x20, 0x4f, 0x6e, 0x6c,
    0x79, 0x20, 0x6f, 0x6e, 0x65, 0x20, 0x6d, 0x6f, 0x6d, 0x65, 0x6e, 0x74, 0x61, 0x72, 0x79, 0x0a,
    0x20, 0x20, 0x20, 0x20, 0x6c, 0x61, 0x79, 0x65, 0x72, 0x20, 0x6b, 0x65, 0x79, 0x20, 0x73, 0x69,
    0x74, 0x73, 0x20, 0x6f, 0x6e, 0x20, 0x42, 0x41, 0x53, 0x45, 0x2c, 0x20, 0x73, 0x6f, 0x20, 0x6e,
    0x6f, 0x74, 0x68, 0x69, 0x6e, 0x67, 0x20, 0x72, 0x65, 0x61, 0x63, 0x68, 0x65, 0x73, 0x20, 0x46,
    0x4e, 0x20, 0x6f, 0x72, 0x20, 0x53, 0x59, 0x53, 0x20, 0x77, 0x69, 0x74, 0x68, 0x6f, 0x75, 0x74,
    0x20, 0x67, 0x6f, 0x69, 0x6e, 0x67, 0x20, 0x74, 0x68, 0x72, 0x6f, 0x75, 0x67, 0x68, 0x20, 0x58,
    0x54, 0x52, 0x41, 0x2e, 0x3c, 0x2f, 0x64, 0x69, 0x76, 0x3e, 0x0a, 0x20, 0x20, 0x3c, 0x64, 0x69,
    0x76, 0x20, 0x63, 0x6c, 0x61, 0x73, 0x73, 0x3d, 0x22, 0x62, 0x6f, 0x61, 0x72, 0x64, 0x2d, 0x66,
    0x72, 0x61, 0x6d, 0x65, 0x22, 0x3e, 0x0a, 0x20, 0x20, 0x20, 0x20, 0x3c, 0x64, 0x69, 0x76, 0x20,
    0x63, 0x6c, 0x61, 0x73, 0x73, 0x3d, 0x22, 0x62, 0x6f, 0x61, 0x72, 0x64, 0x22, 0x20, 0x69, 0x64,
    0x3d, 0x22, 0x62, 0x6f, 0x61, 0x72, 0x64, 0x22, 0x20, 0x64, 0x61, 0x74, 0x61, 0x2d, 0x6c, 0x3d,
    0x22, 0x62, 0x61, 0x73, 0x65, 0x22, 0x3e, 0x3c, 0x2f, 0x64, 0x69, 0x76, 0x3e, 0x0a, 0x20, 0x20,
    0x3c, 0x2f, 0x64, 0x69, 0x76, 0x3e, 0x0a, 0x20, 0x20, 0x3c, 0x64, 0x69, 0x76, 0x20, 0x63, 0x6c,
    0x61, 0x73, 0x73, 0x3d, 0x22, 0x6c, 0x65, 0x67, 0x65, 0x6e, 0x64, 0x22, 0x3e, 0x0a, 0x20, 0x20,
    0x20, 0x20, 0x3c, 0x73, 0x70, 0x61, 0x6e, 0x3e, 0x3c, 0x69, 0x20, 0x63, 0x6c, 0x61, 0x73, 0x73,
    0x3d, 0x22, 0x73, 0x77, 0x22, 0x3e, 0x3c, 0x2f, 0x69, 0x3e, 0x42, 0x6f, 0x75, 0x6e, 0x64, 0x20,
    0x6f, 0x6e, 0x20, 0x74, 0x68, 0x69, 0x73, 0x20, 0x6c, 0x61, 0x79, 0x65, 0x72, 0x3c, 0x2f, 0x73,
    0x70, 0x61, 0x6e, 0x3e, 0x0a, 0x20, 0x20, 0x20, 0x20, 0x3c, 0x73, 0x70, 0x61, 0x6e, 0x3e, 0x3c,
    0x69, 0x20, 0x63, 0x6c, 0x61, 0x73, 0x73, 0x3d, 0x22, 0x73, 0x77, 0x20, 0x74, 0x22, 0x3e, 0x3c,
    0x2f, 0x69, 0x3e, 0x3c, 0x63, 0x6f, 0x64, 0x65, 0x20, 0x63, 0x6c, 0x61, 0x73, 0x73, 0x3d, 0x22,
    0x69, 0x6e, 0x6c, 0x69, 0x6e, 0x65, 0x2d, 0x63, 0x6f, 0x64, 0x65, 0x22, 0x3e, 0x26, 0x61, 0x6d,
    0x70, 0x3b, 0x74, 0x72, 0x61, 0x6e, 0x73, 0x3c, 0x2f, 0x63, 0x6f, 0x64, 0x65, 0x3e, 0x20, 0xe2,
    0x80, 0x94, 0x20, 0x66, 0x61, 0x6c, 0x6c, 0x73, 0x20, 0x74, 0x68, 0x72, 0x6f, 0x75, 0x67, 0x68,
    0x20, 0x74, 0x6f, 0x20, 0x74, 0x68, 0x65, 0x20, 0x6c, 0x61, 0x79, 0x65, 0x72, 0x20, 0x62, 0x65,
    0x6c, 0x6f, 0x77, 0x3c, 0x2f, 0x73, 0x70, 0x61, 0x6e, 0x3e, 0x0a, 0x20, 0x20, 0x20, 0x20, 0x3c,
    0x73, 0x70, 0x61, 0x6e, 0x3e, 0x3c, 0x62, 0x20, 0x73, 0x74, 0x79, 0x6c, 0x65, 0x3d, 0x22, 0x66,
    0x6f, 0x6e, 0x74, 0x2d, 0x66, 0x61, 0x6d, 0x69, 0x6c, 0x79, 0x3a, 0x75, 0x69, 0x2d, 0x6d, 0x6f,
    0x6e, 0x6f, 0x73, 0x70, 0x61, 0x63, 0x65, 0x2c, 0x4d, 0x65, 0x6e, 0x6c, 0x6f, 0x2c, 0x6d, 0x6f,
    0x6e, 0x6f, 0x73, 0x70, 0x61, 0x63, 0x65, 0x22, 0x3e, 0xe2, 0x80, 0x94, 0x3c, 0x2f, 0x62, 0x3e,
    0x3c, 0x63, 0x6f, 0x64, 0x65, 0x20, 0x63, 0x6c, 0x61, 0x73, 0x73, 0x3d, 0x22, 0x69, 0x6e, 0x6c,
    0x69, 0x6e, 0x65, 0x2d, 0x63, 0x6f, 0x64, 0x65, 0x22, 0x3e, 0x26, 0x61, 0x6d, 0x70, 0x3b, 0x6e,
    0x6f, 0x6e, 0x65, 0x3c, 0x2f, 0x63, 0x6f, 0x64, 0x65, 0x3e, 0x20, 0xe2, 0x80, 0x94, 0x20, 0x62,
    0x6f, 0x75, 0x6e, 0x64, 0x20, 0x74, 0x6f, 0x20, 0x6e, 0x6f, 0x74, 0x68, 0x69, 0x6e, 0x67, 0x2c,
    0x20, 0x64, 0x6f, 0x65, 0x73, 0x20, 0x6e, 0x6f, 0x74, 0x20, 0x66, 0x61, 0x6c, 0x6c, 0x20, 0x74,
    0x68, 0x72, 0x6f, 0x75, 0x67, 0x68, 0x3c, 0x2f, 0x73, 0x70, 0x61, 0x6e, 0x3e, 0x0a, 0x20, 0x20,
    0x20, 0x20, 0x3c, 0x73, 0x70, 0x61, 0x6e, 0x3e, 0x3c, 0x69, 0x20, 0x63, 0x6c, 0x61, 0x73, 0x73,
    0x3d, 0x22, 0x73, 0x77, 0x20, 0x68, 0x22, 0x3e, 0x3c, 0x2f, 0x69, 0x3e, 0x48, 0x65, 0x6c, 0x64,
    0x20, 0x74, 0x6f, 0x20, 0x72, 0x65, 0x61, 0x63, 0x68, 0x20, 0x74, 0x68, 0x69, 0x73, 0x20, 0x6c,
    0x61, 0x79, 0x65, 0x72, 0x3c, 0x2f, 0x73, 0x70, 0x61, 0x6e, 0x3e, 0x0a, 0x20, 0x20, 0x20, 0x20,
    0x3c, 0x73, 0x70, 0x61, 0x6e, 0x3e, 0x3c, 0x69, 0x20, 0x63, 0x6c, 0x61, 0x73, 0x73, 0x3d, 0x22,
    0x73, 0x77, 0x20, 0x6d, 0x22, 0x3e, 0x3c, 0x2f, 0x69, 0x3e, 0x4d, 0x6f, 0x6d, 0x65, 0x6e, 0x74,
    0x61, 0x72, 0x79, 0x20, 0x6c, 0x61, 0x79, 0x65, 0x72, 0x20, 0x6b, 0x65, 0x79, 0x3c, 0x2f, 0x73,
    0x70, 0x61, 0x6e, 0x3e, 0x0a, 0x20, 0x20, 0x20, 0x20, 0x3c, 0x73, 0x70, 0x61, 0x6e, 0x3e, 0x3c,
    0x69, 0x20, 0x63, 0x6c, 0x61, 0x73, 0x73, 0x3d, 0x22, 0x73, 0x77, 0x20, 0x64, 0x22, 0x3e, 0x3c,
    0x2f, 0x69, 0x3e, 0x44, 0x65, 0x73, 0x74, 0x72, 0x75, 0x63, 0x74, 0x69, 0x76, 0x65, 0x20, 0xe2,
    0x80, 0x94, 0x20, 0x72, 0x65, 0x66, 0x6c, 0x61, 0x73, 0x68, 0x65, 0x73, 0x20, 0x6f, 0x72, 0x20,
    0x72, 0x65, 0x73, 0x65, 0x74, 0x73, 0x3c, 0x2f, 0x73, 0x70, 0x61, 0x6e, 0x3e, 0x0a, 0x20, 0x20,
    0x3c, 0x2f, 0x64, 0x69, 0x76, 0x3e, 0x0a, 0x3c, 0x2f, 0x64, 0x69, 0x76, 0x3e, 0x0a, 0x0a, 0x3c,
    0x64, 0x69, 0x76, 0x20, 0x63, 0x6c, 0x61, 0x73, 0x73, 0x3d, 0x22, 0x77, 0x72, 0x61, 0x70, 0x20,
    0x64, 0x75, 0x6f, 0x22, 0x3e, 0x0a, 0x20, 0x20, 0x3c, 0x64, 0x69, 0x76, 0x20, 0x69, 0x64, 0x3d,
    0x22, 0x64, 0x65, 0x74, 0x61, 0x69, 0x6c, 0x22, 0x20, 0x64, 0x61, 0x74, 0x61, 0x2d, 0x6c, 0x3d,
    0x22, 0x62, 0x61, 0x73, 0x65, 0x22, 0x3e, 0x0a, 0x20, 0x20, 0x20, 0x20, 0x3c, 0x64, 0x69, 0x76,
    0x20, 0x63, 0x6c, 0x61, 0x73, 0x73, 0x3d, 0x22, 0x70, 0x61, 0x6e, 0x65, 0x6c, 0x2d, 0x68, 0x65,
    0x61, 0x64, 0x22, 0x3e, 0x0a, 0x20, 0x20, 0x20, 0x20, 0x20, 0x20, 0x3c, 0x68, 0x32, 0x20, 0x69,
    0x64, 0x3d, 0x22, 0x64, 0x2d, 0x6e, 0x61, 0x6d, 0x65, 0x22, 0x3e, 0x42, 0x41, 0x53, 0x45, 0x3c,
    0x2f, 0x68, 0x32, 0x3e, 0x0a, 0x20, 0x20, 0x20, 0x20, 0x20, 0x20, 0x3c, 0x73, 0x70, 0x61, 0x6e,
    0x20, 0x63, 0x6c, 0x61, 0x73, 0x73, 0x3d, 0x22, 0x72, 0x65, 0x61, 0x63, 0x68, 0x22, 0x20, 0x69,
    0x64, 0x3d, 0x22, 0x64, 0x2d, 0x72, 0x65, 0x61, 0x63, 0x68, 0x22, 0x3e, 0x64, 0x65, 0x66, 0x61,
    0x75, 0x6c, 0x74, 0x20, 0x6c, 0x61, 0x79, 0x65, 0x72, 0x3c, 0x2f, 0x73, 0x70, 0x61, 0x6e, 0x3e,
    0x0a, 0x20, 0x20, 0x20, 0x20, 0x3c, 0x2f, 0x64, 0x69, 0x76, 0x3e, 0x0a, 0x20, 0x20, 0x20, 0x20,
    0x3c, 0x70, 0x20, 0x69, 0x64, 0x3d, 0x22, 0x64, 0x2d, 0x62, 0x6f, 0x64, 0x79, 0x22, 0x3e, 0x3c,
    0x2f, 0x70, 0x3e, 0x0a, 0x20, 0x20, 0x20, 0x20, 0x3c, 0x64, 0x6c, 0x20, 0x63, 0x6c, 0x61, 0x73,
    0x73, 0x3d, 0x22, 0x6b, 0x76, 0x22, 0x20, 0x69, 0x64, 0x3d, 0x22, 0x64, 0x2d, 0x6b, 0x76, 0x22,
    0x3e, 0x3c, 0x2f, 0x64, 0x6c, 0x3e, 0x0a, 0x20, 0x20, 0x3c, 0x2f, 0x64, 0x69, 0x76, 0x3e, 0x0a,
    0x20, 0x20, 0x3c, 0x64, 0x69, 0x76, 0x20, 0x69, 0x64, 0x3d, 0x22, 0x69, 0x6e, 0x73, 0x70, 0x65,
    0x63, 0x74, 0x6f, 0x72, 0x22, 0x3e, 0x0a, 0x20, 0x20, 0x20, 0x20, 0x3c, 0x70, 0x20, 0x63, 0x6c,
    0x61, 0x73, 0x73, 0x3d, 0x22, 0x69, 0x6e, 0x73, 0x70, 0x2d, 0x74, 0x69, 0x74, 0x6c, 0x65, 0x22,
    0x3e, 0x4b, 0x65, 0x79, 0x20, 0x69, 0x6e, 0x73, 0x70, 0x65, 0x63, 0x74, 0x6f, 0x72, 0x3c, 0x2f,
    0x70, 0x3e, 0x0a, 0x20, 0x20, 0x20, 0x20, 0x3c, 0x64, 0x69, 0x76, 0x20, 0x69, 0x64, 0x3d, 0x22,
    0x69, 0x6e, 0x73, 0x70, 0x2d, 0x65, 0x6d, 0x70, 0x74, 0x79, 0x22, 0x3e, 0x43, 0x6c, 0x69, 0x63,
    0x6b, 0x20, 0x61, 0x6e, 0x79, 0x20, 0x6b, 0x65, 0x79, 0x20, 0x6f, 0x72, 0x20, 0x65, 0x6e, 0x63,
    0x6f, 0x64, 0x65, 0x72, 0x20, 0x74, 0x6f, 0x20, 0x73, 0x65, 0x65, 0x20, 0x77, 0x68, 0x61, 0x74,
    0x20, 0x69, 0x74, 0x20, 0x64, 0x6f, 0x65, 0x73, 0x20, 0x6f, 0x6e, 0x20, 0x61, 0x6c, 0x6c, 0x20,
    0x66, 0x6f, 0x75, 0x72, 0x20, 0x6c, 0x61, 0x79, 0x65, 0x72, 0x73, 0x20, 0xe2, 0x80, 0x94, 0x20,
    0x61, 0x6e, 0x64, 0x20, 0x74, 0x68, 0x65, 0x20, 0x65, 0x78, 0x61, 0x63, 0x74, 0x20, 0x62, 0x69,
    0x6e, 0x64, 0x69, 0x6e, 0x67, 0x20, 0x74, 0x6f, 0x20, 0x65, 0x64, 0x69, 0x74, 0x2e, 0x3c, 0x2f,
    0x64, 0x69, 0x76, 0x3e, 0x0a, 0x20, 0x20, 0x20, 0x20, 0x3c, 0x64, 0x69, 0x76, 0x20, 0x69, 0x64,
    0x3d, 0x22, 0x69, 0x6e, 0x73, 0x70, 0x2d, 0x62, 0x6f, 0x64, 0x79, 0x22, 0x20, 0x68, 0x69, 0x64,
    0x64, 0x65, 0x6e, 0x3e, 0x0a, 0x20, 0x20, 0x20, 0x20, 0x20, 0x20, 0x3c, 0x64, 0x69, 0x76, 0x20,
    0x69, 0x64, 0x3d, 0x22, 0x69, 0x6e, 0x73, 0x70, 0x2d, 0x70, 0x6f, 0x73, 0x22, 0x3e, 0x3c, 0x2f,
    0x64, 0x69, 0x76, 0x3e, 0x0a, 0x20, 0x20, 0x20, 0x20, 0x20, 0x20, 0x3c, 0x64, 0x69, 0x76, 0x20,
    0x69, 0x64, 0x3d, 0x22, 0x69, 0x6e, 0x73, 0x70, 0x2d, 0x77, 0x68, 0x65, 0x72, 0x65, 0x22, 0x3e,
    0x3c, 0x2f, 0x64, 0x69, 0x76, 0x3e, 0x0a, 0x20, 0x20, 0x20, 0x20, 0x20, 0x20, 0x3c, 0x74, 0x61,
    0x62, 0x6c, 0x65, 0x20, 0x63, 0x6c, 0x61, 0x73, 0x73, 0x3d, 0x22, 0x62, 0x69, 0x6e, 0x64, 0x22,
    0x3e, 0x0a, 0x20, 0x20, 0x20, 0x20, 0x20, 0x20, 0x20, 0x20, 0x3c, 0x74, 0x68, 0x65, 0x61, 0x64,
    0x3e, 0x3c, 0x74, 0x72, 0x3e, 0x3c, 0x74, 0x68, 0x3e, 0x4c, 0x61, 0x79, 0x65, 0x72, 0x3c, 0x2f,
    0x74, 0x68, 0x3e, 0x3c, 0x74, 0x68, 0x3e, 0x42, 0x69, 0x6e, 0x64, 0x69, 0x6e, 0x67, 0x3c, 0x2f,
    0x74, 0x68, 0x3e, 0x3c, 0x2f, 0x74, 0x72, 0x3e, 0x3c, 0x2f, 0x74, 0x68, 0x65, 0x61, 0x64, 0x3e,
    0x0a, 0x20, 0x20, 0x20, 0x20, 0x20, 0x20, 0x20, 0x20, 0x3c, 0x74, 0x62, 0x6f, 0x64, 0x79, 0x20,
    0x69, 0x64, 0x3d, 0x22, 0x69, 0x6e, 0x73, 0x70, 0x2d, 0x72, 0x6f, 0x77, 0x73, 0x22, 0x3e, 0x3c,
    0x2f, 0x74, 0x62, 0x6f, 0x64, 0x79, 0x3e, 0x0a, 0x20, 0x20, 0x20, 0x20, 0x20, 0x20, 0x3c, 0x2f,
    0x74, 0x61, 0x62, 0x6c, 0x65, 0x3e, 0x0a, 0x20, 0x20, 0x20, 0x20, 0x20, 0x20, 0x3c, 0x70, 0x20,
    0x63, 0x6c, 0x61, 0x73, 0x73, 0x3d, 0x22, 0x69, 0x6e, 0x73, 0x70, 0x2d, 0x6e, 0x6f, 0x74, 0x65,
    0x22, 0x20, 0x69, 0x64, 0x3d, 0x22, 0x69, 0x6e, 0x73, 0x70, 0x2d, 0x6e, 0x6f, 0x74, 0x65, 0x22,
    0x3e, 0x3c, 0x2f, 0x70, 0x3e, 0x0a, 0x20, 0x20, 0x20, 0x20, 0x3c, 0x2f, 0x64, 0x69, 0x76, 0x3e,
    0x0a, 0x20, 0x20, 0x3c, 0x2f, 0x64, 0x69, 0x76, 0x3e, 0x0a, 0x3c, 0x2f, 0x64, 0x69, 0x76, 0x3e,
    0x0a, 0x0a, 0x3c, 0x64, 0x69, 0x76, 0x20, 0x63, 0x6c, 0x61, 0x73, 0x73, 0x3d, 0x22, 0x77, 0x72,
    0x61, 0x70, 0x20, 0x72, 0x65, 0x66, 0x22, 0x3e, 0x0a, 0x20, 0x20, 0x3c, 0x68, 0x32, 0x3e, 0x42,
    0x65, 0x66, 0x6f, 0x72, 0x65, 0x20, 0x79, 0x6f, 0x75, 0x20, 0x63, 0x68, 0x61, 0x6e, 0x67, 0x65,
    0x20, 0x61, 0x6e, 0x79, 0x74, 0x68, 0x69, 0x6e, 0x67, 0x3c, 0x2f, 0x68, 0x32, 0x3e, 0x0a, 0x20,
    0x20, 0x3c, 0x64, 0x69, 0x76, 0x20, 0x63, 0x6c, 0x61, 0x73, 0x73, 0x3d, 0x22, 0x72, 0x65, 0x66,
    0x67, 0x72, 0x69, 0x64, 0x22, 0x3e, 0x0a, 0x20, 0x20, 0x20, 0x20, 0x3c, 0x73, 0x65, 0x63, 0x74,
    0x69, 0x6f, 0x6e, 0x3e, 0x0a, 0x20, 0x20, 0x20, 0x20, 0x20, 0x20, 0x3c, 0x68, 0x33, 0x3e, 0x45,
    0x64, 0x69, 0x74, 0x20, 0x74, 0x68, 0x65, 0x20, 0x72, 0x69, 0x67, 0x68, 0x74, 0x20, 0x66, 0x69,
    0x6c, 0x65, 0x3c, 0x2f, 0x68, 0x33, 0x3e, 0x0a, 0x20, 0x20, 0x20, 0x20, 0x20, 0x20, 0x3c, 0x70,
    0x3e, 0x3c, 0x63, 0x6f, 0x64, 0x65, 0x3e, 0x63, 0x6f, 0x6e, 0x66, 0x69, 0x67, 0x2f, 0x6b, 0x6c,
    0x6f, 0x72, 0x2e, 0x6b, 0x65, 0x79, 0x6d, 0x61, 0x70, 0x3c, 0x2f, 0x63, 0x6f, 0x64, 0x65, 0x3e,
    0x20, 0x69, 0x73, 0x20, 0x74, 0x68, 0x65, 0x20, 0x6c, 0x69, 0x76, 0x65, 0x20, 0x6f, 0x6e, 0x65,
    0x2e, 0x20, 0x54, 0x68, 0x65, 0x20, 0x69, 0x64, 0x65, 0x6e, 0x74, 0x69, 0x63, 0x61, 0x6c, 0x6c,
    0x79, 0x2d, 0x6e, 0x61, 0x6d, 0x65, 0x64, 0x20, 0x63, 0x6f, 0x70, 0x79, 0x20, 0x75, 0x6e, 0x64,
    0x65, 0x72, 0x0a, 0x20, 0x20, 0x20, 0x20, 0x20, 0x20, 0x3c, 0x63, 0x6f, 0x64, 0x65, 0x3e, 0x62,
    0x6f, 0x61, 0x72, 0x64, 0x73, 0x2f, 0x73, 0x68, 0x69, 0x65, 0x6c, 0x64, 0x73, 0x2f, 0x6b, 0x6c,
    0x6f, 0x72, 0x2f, 0x3c, 0x2f, 0x63, 0x6f, 0x64, 0x65, 0x3e, 0x20, 0x69, 0x73, 0x20, 0x73, 0x68,
    0x61, 0x64, 0x6f, 0x77, 0x65, 0x64, 0x20, 0x62, 0x79, 0x20, 0x69, 0x74, 0x20, 0x61, 0x6e, 0x64,
    0x20, 0x64, 0x6f, 0x65, 0x73, 0x20, 0x6e, 0x6f, 0x74, 0x68, 0x69, 0x6e, 0x67, 0x20, 0xe2, 0x80,
    0x94, 0x20, 0x65, 0x64, 0x69, 0x74, 0x69, 0x6e, 0x67, 0x20, 0x74, 0x68, 0x61, 0x74, 0x0a, 0x20,
    0x20, 0x20, 0x20, 0x20, 0x20, 0x6f, 0x6e, 0x65, 0x20, 0x70, 0x72, 0x6f, 0x64, 0x75, 0x63, 0x65,
    0x73, 0x20, 0x61, 0x20, 0x62, 0x75, 0x69, 0x6c, 0x64, 0x20, 0x77, 0x69, 0x74, 0x68, 0x20, 0x6e,
    0x6f, 0x20, 0x76, 0x69, 0x73, 0x69, 0x62, 0x6c, 0x65, 0x20, 0x63, 0x68, 0x61, 0x6e, 0x67, 0x65,
    0x2e, 0x3c, 0x2f, 0x70, 0x3e, 0x0a, 0x20, 0x20, 0x20, 0x20, 0x3c, 0x2f, 0x73, 0x65, 0x63, 0x74,
    0x69, 0x6f, 0x6e, 0x3e, 0x0a, 0x20, 0x20, 0x20, 0x20, 0x3c, 0x73, 0x65, 0x63, 0x74, 0x69, 0x6f,
    0x6e, 0x3e, 0x0a, 0x20, 0x20, 0x20, 0x20, 0x20, 0x20, 0x3c, 0x68, 0x33, 0x3e, 0x54, 0x68, 0x65,
    0x20, 0x63, 0x6f, 0x75, 0x6e, 0x74, 0x20, 0x74, 0x68, 0x61, 0x74, 0x20, 0x6d, 0x75, 0x73, 0x74,
    0x20, 0x68, 0x6f, 0x6c, 0x64, 0x3c, 0x2f, 0x68, 0x33, 0x3e, 0x0a, 0x20, 0x20, 0x20, 0x20, 0x20,
    0x20, 0x3c, 0x70, 0x3e, 0x45, 0x76, 0x65, 0x72, 0x79, 0x20, 0x6c, 0x61, 0x79, 0x65, 0x72, 0x20,
    0x6e, 0x65, 0x65, 0x64, 0x73, 0x20, 0x65, 0x78, 0x61, 0x63, 0x74, 0x6c, 0x79, 0x20, 0x3c, 0x73,
    0x74, 0x72, 0x6f, 0x6e, 0x67, 0x3e, 0x34, 0x34, 0x20, 0x62, 0x69, 0x6e, 0x64, 0x69, 0x6e, 0x67,
    0x73, 0x3c, 0x2f, 0x73, 0x74, 0x72, 0x6f, 0x6e, 0x67, 0x3e, 0x20, 0x61, 0x6e, 0x64, 0x20, 0x3c,
    0x73, 0x74, 0x72, 0x6f, 0x6e, 0x67, 0x3e, 0x32, 0x20, 0x73, 0x65, 0x6e, 0x73, 0x6f, 0x72, 0x2d,
    0x62, 0x69, 0x6e, 0x64, 0x69, 0x6e, 0x67, 0x73, 0x3c, 0x2f, 0x73, 0x74, 0x72, 0x6f, 0x6e, 0x67,
    0x3e, 0x2c, 0x0a, 0x20, 0x20, 0x20, 0x20, 0x20, 0x20, 0x6c, 0x65, 0x66, 0x74, 0x20, 0x65, 0x6e,
    0x63, 0x6f, 0x64, 0x65, 0x72, 0x20, 0x66, 0x69, 0x72, 0x73, 0x74, 0x2e, 0x20, 0x4c, 0x61, 0x79,
    0x65, 0x72, 0x20, 0x69, 0x6e, 0x64, 0x69, 0x63, 0x65, 0x73, 0x20, 0x61, 0x72, 0x65, 0x20, 0x70,
    0x6f, 0x73, 0x69, 0x74, 0x69, 0x6f, 0x6e, 0x61, 0x6c, 0x20, 0x74, 0x6f, 0x6f, 0x3a, 0x20, 0x64,
    0x65, 0x6c, 0x65, 0x74, 0x69, 0x6e, 0x67, 0x20, 0x61, 0x20, 0x6c, 0x61, 0x79, 0x65, 0x72, 0x20,
    0x72, 0x65, 0x6e, 0x75, 0x6d, 0x62, 0x65, 0x72, 0x73, 0x20, 0x65, 0x76, 0x65, 0x72, 0x79, 0x0a,
    0x20, 0x20, 0x20, 0x20, 0x20, 0x20, 0x6c, 0x61, 0x79, 0x65, 0x72, 0x20, 0x62, 0x65, 0x6c, 0x6f,
    0x77, 0x20, 0x69, 0x74, 0x2c, 0x20, 0x73, 0x6f, 0x20, 0x74, 0x68, 0x65, 0x20, 0x3c, 0x63, 0x6f,
    0x64, 0x65, 0x3e, 0x23, 0x64, 0x65, 0x66, 0x69, 0x6e, 0x65, 0x3c, 0x2f, 0x63, 0x6f, 0x64, 0x65,
    0x3e, 0x20, 0x62, 0x6c, 0x6f, 0x63, 0x6b, 0x20, 0x61, 0x6e, 0x64, 0x20, 0x74, 0x68, 0x65, 0x20,
    0x6e, 0x6f, 0x64, 0x65, 0x20, 0x6f, 0x72, 0x64, 0x65, 0x72, 0x20, 0x6d, 0x75, 0x73, 0x74, 0x20,
    0x73, 0x74, 0x61, 0x79, 0x20, 0x69, 0x6e, 0x20, 0x73, 0x79, 0x6e, 0x63, 0x2e, 0x3c, 0x2f, 0x70,
    0x3e, 0x0a, 0x20, 0x20, 0x20, 0x20, 0x3c, 0x2f, 0x73, 0x65, 0x63, 0x74, 0x69, 0x6f, 0x6e, 0x3e,
    0x0a, 0x20, 0x20, 0x20, 0x20, 0x3c, 0x73, 0x65, 0x63, 0x74, 0x69, 0x6f, 0x6e, 0x3e, 0x0a, 0x20,
    0x20, 0x20, 0x20, 0x20, 0x20, 0x3c, 0x68, 0x33, 0x3e, 0x4e, 0x6f, 0x20, 0x6c, 0x6f, 0x63, 0x61,
    0x6c, 0x20, 0x62, 0x75, 0x69, 0x6c, 0x64, 0x3c, 0x2f, 0x68, 0x33, 0x3e, 0x0a, 0x20, 0x20, 0x20,
    0x20, 0x20, 0x20, 0x3c, 0x70, 0x3e, 0x54, 0x68, 0x65, 0x72, 0x65, 0x20, 0x69, 0x73, 0x20, 0x6e,
    0x6f, 0x20, 0x77, 0x65, 0x73, 0x74, 0x2c, 0x20, 0x64, 0x6f, 0x63, 0x6b, 0x65, 0x72, 0x2c, 0x20,
    0x6f, 0x72, 0x20, 0x70, 0x69, 0x70, 0x20, 0x68, 0x65, 0x72, 0x65, 0x20, 0xe2, 0x80, 0x94, 0x20,
    0x43, 0x49, 0x20, 0x69, 0x73, 0x20, 0x74, 0x68, 0x65, 0x20, 0x6f, 0x6e, 0x6c, 0x79, 0x20, 0x63,
    0x6f, 0x6d, 0x70, 0x69, 0x6c, 0x65, 0x72, 0x2e, 0x20, 0x50, 0x75, 0x73, 0x68, 0x2c, 0x20, 0x6f,
    0x70, 0x65, 0x6e, 0x20, 0x74, 0x68, 0x65, 0x20, 0x41, 0x63, 0x74, 0x69, 0x6f, 0x6e, 0x73, 0x0a,
    0x20, 0x20, 0x20, 0x20, 0x20, 0x20, 0x74, 0x61, 0x62, 0x2c, 0x20, 0x64, 0x6f, 0x77, 0x6e, 0x6c,
    0x6f, 0x61, 0x64, 0x20, 0x74, 0x68, 0x65, 0x20, 0x3c, 0x63, 0x6f, 0x64, 0x65, 0x3e, 0x66, 0x69,
    0x72, 0x6d, 0x77, 0x61, 0x72, 0x65, 0x3c, 0x2f, 0x63, 0x6f, 0x64, 0x65, 0x3e, 0x20, 0x61, 0x72,
    0x74, 0x69, 0x66, 0x61, 0x63, 0x74, 0x2c, 0x20, 0x64, 0x6f, 0x75, 0x62, 0x6c, 0x65, 0x2d, 0x74,
    0x61, 0x70, 0x20, 0x72, 0x65, 0x73, 0x65, 0x74, 0x20, 0x6f, 0x6e, 0x20, 0x65, 0x61, 0x63, 0x68,
    0x20, 0x68, 0x61, 0x6c, 0x66, 0x20, 0x61, 0x6e, 0x64, 0x20, 0x64, 0x72, 0x61, 0x67, 0x20, 0x74,
    0x68, 0x65, 0x0a, 0x20, 0x20, 0x20, 0x20, 0x20, 0x20, 0x6d, 0x61, 0x74, 0x63, 0x68, 0x69, 0x6e,
    0x67, 0x20, 0x3c, 0x63, 0x6f, 0x64, 0x65, 0x3e, 0x2e, 0x75, 0x66, 0x32, 0x3c, 0x2f, 0x63, 0x6f,
    0x64, 0x65, 0x3e, 0x20, 0x6f, 0x6e, 0x74, 0x6f, 0x20, 0x74, 0x68, 0x65, 0x20, 0x64, 0x72, 0x69,
    0x76, 0x65, 0x2e, 0x3c, 0x2f, 0x70, 0x3e, 0x0a, 0x20, 0x20, 0x20, 0x20, 0x3c, 0x2f, 0x73, 0x65,
    0x63, 0x74, 0x69, 0x6f, 0x6e, 0x3e, 0x0a, 0x20, 0x20, 0x20, 0x20, 0x3c, 0x73, 0x65, 0x63, 0x74,
    0x69, 0x6f, 0x6e, 0x3e, 0x0a, 0x20, 0x20, 0x20, 0x20, 0x20, 0x20, 0x3c, 0x68, 0x33, 0x3e, 0x54,
    0x77, 0x6f, 0x20, 0x68, 0x6f, 0x6c, 0x64, 0x2d, 0x74, 0x61, 0x70, 0x73, 0x2c, 0x20, 0x6f, 0x6e,
    0x65, 0x20, 0x69, 0x6e, 0x20, 0x75, 0x73, 0x65, 0x3c, 0x2f, 0x68, 0x33, 0x3e, 0x0a, 0x20, 0x20,
    0x20, 0x20, 0x20, 0x20, 0x3c, 0x70, 0x3e, 0x3c, 0x63, 0x6f, 0x64, 0x65, 0x3e, 0x73, 0x70, 0x63,
    0x3c, 0x2f, 0x63, 0x6f, 0x64, 0x65, 0x3e, 0x20, 0x64, 0x72, 0x69, 0x76, 0x65, 0x73, 0x20, 0x70,
    0x6f, 0x73, 0x69, 0x74, 0x69, 0x6f, 0x6e, 0x20, 0x33, 0x39, 0x20, 0xe2, 0x80, 0x94, 0x20, 0x74,
    0x61, 0x70, 0x20, 0x53, 0x70, 0x61, 0x63, 0x65, 0x2c, 0x20, 0x68, 0x6f, 0x6c, 0x64, 0x20, 0x53,
    0x75, 0x70, 0x65, 0x72, 0x2e, 0x20, 0x49, 0x74, 0x20, 0x69, 0x73, 0x20, 0x6e, 0x6f, 0x74, 0x20,
    0x74, 0x68, 0x65, 0x20, 0x62, 0x75, 0x69, 0x6c, 0x74, 0x2d, 0x69, 0x6e, 0x0a, 0x20, 0x20, 0x20,
    0x20, 0x20, 0x20, 0x3c, 0x63, 0x6f, 0x64, 0x65, 0x3e, 0x26, 0x61, 0x6d, 0x70, 0x3b, 0x6d, 0x74,
    0x3c, 0x2f, 0x63, 0x6f, 0x64, 0x65, 0x3e, 0x2c, 0x20, 0x77, 0x68, 0x6f, 0x73, 0x65, 0x20, 0x3c,
    0x63, 0x6f, 0x64, 0x65, 0x3e, 0x68, 0x6f, 0x6c, 0x64, 0x2d, 0x70, 0x72, 0x65, 0x66, 0x65, 0x72,
    0x72, 0x65, 0x64, 0x3c, 0x2f, 0x63, 0x6f, 0x64, 0x65, 0x3e, 0x20, 0x66, 0x6c, 0x61, 0x76, 0x6f,
    0x75, 0x72, 0x20, 0x72, 0x65, 0x73, 0x6f, 0x6c, 0x76, 0x65, 0x73, 0x20, 0x74, 0x6f, 0x20, 0x74,
    0x68, 0x65, 0x20, 0x68, 0x6f, 0x6c, 0x64, 0x20, 0x74, 0x68, 0x65, 0x20, 0x6d, 0x6f, 0x6d, 0x65,
    0x6e, 0x74, 0x0a, 0x20, 0x20, 0x20, 0x20, 0x20, 0x20, 0x61, 0x6e, 0x6f, 0x74, 0x68, 0x65, 0x72,
    0x20, 0x6b, 0x65, 0x79, 0x20, 0x69, 0x73, 0x20, 0x70, 0x72, 0x65, 0x73, 0x73, 0x65, 0x64, 0x20,
    0x69, 0x6e, 0x73, 0x69, 0x64, 0x65, 0x20, 0x74, 0x68, 0x65, 0x20, 0x74, 0x61, 0x70, 0x70, 0x69,
    0x6e, 0x67, 0x20, 0x74, 0x65, 0x72, 0x6d, 0x2c, 0x20, 0x74, 0x75, 0x72, 0x6e, 0x69, 0x6e, 0x67,
    0x20, 0x22, 0x74, 0x68, 0x65, 0x20, 0x71, 0x75, 0x69, 0x63, 0x6b, 0x22, 0x20, 0x69, 0x6e, 0x74,
    0x6f, 0x20, 0x53, 0x75, 0x70, 0x65, 0x72, 0x2b, 0x71, 0x2e, 0x0a, 0x20, 0x20, 0x20, 0x20, 0x20,
    0x20, 0x3c, 0x63, 0x6f, 0x64, 0x65, 0x3e, 0x74, 0x61, 0x70, 0x2d, 0x70, 0x72, 0x65, 0x66, 0x65,
    0x72, 0x72, 0x65, 0x64, 0x3c, 0x2f, 0x63, 0x6f, 0x64, 0x65, 0x3e, 0x20, 0x70, 0x6c, 0x75, 0x73,
    0x20, 0x3c, 0x63, 0x6f, 0x64, 0x65, 0x3e, 0x72, 0x65, 0x71, 0x75, 0x69, 0x72, 0x65, 0x2d, 0x70,
    0x72, 0x69, 0x6f, 0x72, 0x2d, 0x69, 0x64, 0x6c, 0x65, 0x2d, 0x6d, 0x73, 0x3c, 0x2f, 0x63, 0x6f,
    0x64, 0x65, 0x3e, 0x20, 0x69, 0x73, 0x20, 0x77, 0x68, 0x61, 0x74, 0x20, 0x6c, 0x65, 0x74, 0x73,
    0x20, 0x61, 0x20, 0x68, 0x6f, 0x6c, 0x64, 0x2d, 0x74, 0x61, 0x70, 0x0a, 0x20, 0x20, 0x20, 0x20,
    0x20, 0x20, 0x73, 0x75, 0x72, 0x76, 0x69, 0x76, 0x65, 0x20, 0x6f, 0x6e, 0x20, 0x74, 0x68, 0x65,
    0x20, 0x6d, 0x6f, 0x73, 0x74, 0x2d, 0x70, 0x72, 0x65, 0x73, 0x73, 0x65, 0x64, 0x20, 0x6b, 0x65,
    0x79, 0x20, 0x6f, 0x6e, 0x20, 0x74, 0x68, 0x65, 0x20, 0x62, 0x6f, 0x61, 0x72, 0x64, 0x2e, 0x3c,
    0x2f, 0x70, 0x3e, 0x0a, 0x20, 0x20, 0x20, 0x20, 0x20, 0x20, 0x3c, 0x70, 0x3e, 0x3c, 0x63, 0x6f,
    0x64, 0x65, 0x3e, 0x68, 0x6d, 0x3c, 0x2f, 0x63, 0x6f, 0x64, 0x65, 0x3e, 0x20, 0x69, 0x73, 0x20,
    0x64, 0x65, 0x66, 0x69, 0x6e, 0x65, 0x64, 0x20, 0x61, 0x6e, 0x64, 0x20, 0x64, 0x65, 0x6c, 0x69,
    0x62, 0x65, 0x72, 0x61, 0x74, 0x65, 0x6c, 0x79, 0x20, 0x75, 0x6e, 0x75, 0x73, 0x65, 0x64, 0x2e,
    0x20, 0x53, 0x77, 0x61, 0x70, 0x20, 0x3c, 0x63, 0x6f, 0x64, 0x65, 0x3e, 0x26, 0x61, 0x6d, 0x70,
    0x3b, 0x6b, 0x70, 0x20, 0x46, 0x3c, 0x2f, 0x63, 0x6f, 0x64, 0x65, 0x3e, 0x20, 0x66, 0x6f, 0x72,
    0x0a, 0x20, 0x20, 0x20, 0x20, 0x20, 0x20, 0x3c, 0x63, 0x6f, 0x64, 0x65, 0x3e, 0x26, 0x61, 0x6d,
    0x70, 0x3b, 0x68, 0x6d, 0x20, 0x4c, 0x53, 0x48, 0x46, 0x54, 0x20, 0x46, 0x3c, 0x2f, 0x63, 0x6f,
    0x64, 0x65, 0x3e, 0x20, 0x6f, 0x6e, 0x20, 0x61, 0x6e, 0x79, 0x20, 0x61, 0x6c, 0x70, 0x68, 0x61,
    0x20, 0x74, 0x6f, 0x20, 0x67, 0x65, 0x74, 0x20, 0x68, 0x6f, 0x6d, 0x65, 0x2d, 0x72, 0x6f, 0x77,
    0x20, 0x6d, 0x6f, 0x64, 0x73, 0x2e, 0x3c, 0x2f, 0x70, 0x3e, 0x0a, 0x20, 0x20, 0x20, 0x20, 0x3c,
    0x2f, 0x73, 0x65, 0x63, 0x74, 0x69, 0x6f, 0x6e, 0x3e, 0x0a, 0x20, 0x20, 0x20, 0x20, 0x3c, 0x73,
    0x65, 0x63, 0x74, 0x69, 0x6f, 0x6e, 0x3e, 0x0a, 0x20, 0x20, 0x20, 0x20, 0x20, 0x20, 0x3c, 0x68,
    0x33, 0x3e, 0x4f, 0x6e, 0x65, 0x20, 0x63, 0x6f, 0x6d, 0x62, 0x6f, 0x3c, 0x2f, 0x68, 0x33, 0x3e,
    0x0a, 0x20, 0x20, 0x20, 0x20, 0x20, 0x20, 0x3c, 0x70, 0x3e, 0x3c, 0x73, 0x74, 0x72, 0x6f, 0x6e,
    0x67, 0x3e, 0x51, 0x20, 0x2b, 0x20, 0x57, 0x3c, 0x2f, 0x73, 0x74, 0x72, 0x6f, 0x6e, 0x67, 0x3e,
    0x20, 0x28, 0x70, 0x6f, 0x73, 0x69, 0x74, 0x69, 0x6f, 0x6e, 0x73, 0x20, 0x30, 0x20, 0x61, 0x6e,
    0x64, 0x20, 0x31, 0x29, 0x20, 0x73, 0x65, 0x6e, 0x64, 0x73, 0x20, 0x54, 0x61, 0x62, 0x2c, 0x20,
    0x35, 0x30, 0x20, 0x6d, 0x73, 0x20, 0x77, 0x69, 0x6e, 0x64, 0x6f, 0x77, 0x3b, 0x20, 0x45, 0x73,
    0x63, 0x61, 0x70, 0x65, 0x20, 0x68, 0x61, 0x73, 0x20, 0x69, 0x74, 0x73, 0x20, 0x6f, 0x77, 0x6e,
    0x0a, 0x20, 0x20, 0x20, 0x20, 0x20, 0x20, 0x6b, 0x65, 0x79, 0x20, 0x61, 0x74, 0x20, 0x31, 0x30,
    0x2e, 0x3c, 0x2f, 0x70, 0x3e, 0x0a, 0x20, 0x20, 0x20, 0x20, 0x20, 0x20, 0x3c, 0x70, 0x3e, 0x54,
    0x68, 0x65, 0x72, 0x65, 0x20, 0x77, 0x61, 0x73, 0x20, 0x61, 0x20, 0x3c, 0x73, 0x74, 0x72, 0x6f,
    0x6e, 0x67, 0x3e, 0x33, 0x38, 0x20, 0x2b, 0x20, 0x33, 0x39, 0x3c, 0x2f, 0x73, 0x74, 0x72, 0x6f,
    0x6e, 0x67, 0x3e, 0x20, 0x53, 0x75, 0x70, 0x65, 0x72, 0x20, 0x63, 0x6f, 0x6d, 0x62, 0x6f, 0x2e,
    0x20, 0x49, 0x74, 0x20, 0x77, 0x61, 0x73, 0x20, 0x72, 0x65, 0x6d, 0x6f, 0x76, 0x65, 0x64, 0x3a,
    0x20, 0x61, 0x20, 0x63, 0x6f, 0x6d, 0x62, 0x6f, 0x20, 0x6e, 0x65, 0x65, 0x64, 0x73, 0x20, 0x62,
    0x6f, 0x74, 0x68, 0x20, 0x6b, 0x65, 0x79, 0x73, 0x0a, 0x20, 0x20, 0x20, 0x20, 0x20, 0x20, 0x69,
    0x6e, 0x73, 0x69, 0x64, 0x65, 0x20, 0x35, 0x30, 0x20, 0x6d, 0x73, 0x20, 0x3c, 0x65, 0x6d, 0x3e,
    0x65, 0x76, 0x65, 0x72, 0x79, 0x3c, 0x2f, 0x65, 0x6d, 0x3e, 0x20, 0x74, 0x69, 0x6d, 0x65, 0x2c,
    0x20, 0x77, 0x68, 0x69, 0x63, 0x68, 0x20, 0x69, 0x73, 0x20, 0x70, 0x6f, 0x6f, 0x72, 0x20, 0x66,
    0x6f, 0x72, 0x20, 0x61, 0x20, 0x6d, 0x6f, 0x64, 0x69, 0x66, 0x69, 0x65, 0x72, 0x20, 0x79, 0x6f,
    0x75, 0x20, 0x68, 0x6f, 0x6c, 0x64, 0x20, 0x74, 0x68, 0x72, 0x6f, 0x75, 0x67, 0x68, 0x20, 0x61,
    0x20, 0x63, 0x68, 0x6f, 0x72, 0x64, 0x2c, 0x20, 0x61, 0x6e, 0x64, 0x0a, 0x20, 0x20, 0x20, 0x20,
    0x20, 0x20, 0x69, 0x74, 0x20, 0x73, 0x77, 0x61, 0x6c, 0x6c, 0x6f, 0x77, 0x65, 0x64, 0x20, 0x62,
    0x6f, 0x74, 0x68, 0x20, 0x70, 0x72, 0x65, 0x73, 0x73, 0x65, 0x73, 0x20, 0x73, 0x6f, 0x20, 0x58,
    0x54, 0x52, 0x41, 0x20, 0x6e, 0x65, 0x76, 0x65, 0x72, 0x20, 0x65, 0x6e, 0x67, 0x61, 0x67, 0x65,
    0x64, 0x2e, 0x20, 0x53, 0x75, 0x70, 0x65, 0x72, 0x20, 0x69, 0x73, 0x20, 0x61, 0x20, 0x68, 0x6f,
    0x6c, 0x64, 0x2d, 0x74, 0x61, 0x70, 0x20, 0x6f, 0x6e, 0x20, 0x33, 0x39, 0x20, 0x6e, 0x6f, 0x77,
    0x2e, 0x3c, 0x2f, 0x70, 0x3e, 0x0a, 0x20, 0x20, 0x20, 0x20, 0x3c, 0x2f, 0x73, 0x65, 0x63, 0x74,
    0x69, 0x6f, 0x6e, 0x3e, 0x0a, 0x20, 0x20, 0x20, 0x20, 0x3c, 0x73, 0x65, 0x63, 0x74, 0x69, 0x6f,
    0x6e, 0x3e, 0x0a, 0x20, 0x20, 0x20, 0x20, 0x20, 0x20, 0x3c, 0x68, 0x33, 0x3e, 0x57, 0x68, 0x61,
    0x74, 0x20, 0x5a, 0x4d, 0x4b, 0x20, 0x77, 0x69, 0x6c, 0x6c, 0x20, 0x6e, 0x6f, 0x74, 0x20, 0x64,
    0x6f, 0x3c, 0x2f, 0x68, 0x33, 0x3e, 0x0a, 0x20, 0x20, 0x20, 0x20, 0x20, 0x20, 0x3c, 0x70, 0x3e,
    0x4e, 0x6f, 0x20, 0x73, 0x70, 0x65, 0x61, 0x6b, 0x65, 0x72, 0x20, 0x61, 0x6e, 0x64, 0x20, 0x6e,
    0x6f, 0x20, 0x68, 0x61, 0x70, 0x74, 0x69, 0x63, 0x20, 0xe2, 0x80, 0x94, 0x20, 0x74, 0x68, 0x6f,
    0x73, 0x65, 0x20, 0x61, 0x72, 0x65, 0x20, 0x51, 0x4d, 0x4b, 0x2d, 0x6f, 0x6e, 0x6c, 0x79, 0x20,
    0x6f, 0x6e, 0x20, 0x74, 0x68, 0x69, 0x73, 0x20, 0x50, 0x43, 0x42, 0x2e, 0x3c, 0x2f, 0x70, 0x3e,
    0x0a, 0x20, 0x20, 0x20, 0x20, 0x20, 0x20, 0x3c, 0x70, 0x3e, 0x3c, 0x65, 0x6d, 0x3e, 0x4d, 0x61,
    0x69, 0x6e, 0x6c, 0x69, 0x6e, 0x65, 0x3c, 0x2f, 0x65, 0x6d, 0x3e, 0x20, 0x5a, 0x4d, 0x4b, 0x20,
    0x68, 0x61, 0x73, 0x20, 0x6f, 0x6e, 0x6c, 0x79, 0x20, 0x77, 0x68, 0x6f, 0x6c, 0x65, 0x2d, 0x73,
    0x74, 0x72, 0x69, 0x70, 0x20, 0x75, 0x6e, 0x64, 0x65, 0x72, 0x67, 0x6c, 0x6f, 0x77, 0x2c, 0x20,
    0x73, 0x6f, 0x20, 0x74, 0x68, 0x69, 0x73, 0x20, 0x63, 0x6f, 0x6e, 0x66, 0x69, 0x67, 0x20, 0x72,
    0x65, 0x70, 0x6c, 0x61, 0x63, 0x65, 0x73, 0x20, 0x69, 0x74, 0x20, 0x77, 0x69, 0x74, 0x68, 0x20,
    0x61, 0x0a, 0x20, 0x20, 0x20, 0x20, 0x20, 0x20, 0x63, 0x75, 0x73, 0x74, 0x6f, 0x6d, 0x20, 0x6d,
    0x6f, 0x64, 0x75, 0x6c, 0x65, 0x3a, 0x20, 0x77, 0x68, 0x69, 0x74, 0x65, 0x20, 0x61, 0x74, 0x20,
    0x31, 0x30, 0x25, 0x2c, 0x20, 0x61, 0x6e, 0x64, 0x20, 0x74, 0x68, 0x65, 0x20, 0x4c, 0x45, 0x44,
    0x20, 0x75, 0x6e, 0x64, 0x65, 0x72, 0x20, 0x61, 0x20, 0x70, 0x72, 0x65, 0x73, 0x73, 0x65, 0x64,
    0x20, 0x6b, 0x65, 0x79, 0x20, 0x72, 0x69, 0x73, 0x65, 0x73, 0x20, 0x74, 0x6f, 0x20, 0x36, 0x30,
    0x25, 0x2e, 0x20, 0x54, 0x68, 0x61, 0x74, 0x20, 0x6d, 0x61, 0x6b, 0x65, 0x73, 0x0a, 0x20, 0x20,
    0x20, 0x20, 0x20, 0x20, 0x65, 0x76, 0x65, 0x72, 0x79, 0x20, 0x3c, 0x63, 0x6f, 0x64, 0x65, 0x3e,
    0x26, 0x61, 0x6d, 0x70, 0x3b, 0x72, 0x67, 0x62, 0x5f, 0x75, 0x67, 0x3c, 0x2f, 0x63, 0x6f, 0x64,
    0x65, 0x3e, 0x20, 0x62, 0x69, 0x6e, 0x64, 0x69, 0x6e, 0x67, 0x20, 0x3c, 0x73, 0x74, 0x72, 0x6f,
    0x6e, 0x67, 0x3e, 0x69, 0x6e, 0x65, 0x72, 0x74, 0x3c, 0x2f, 0x73, 0x74, 0x72, 0x6f, 0x6e, 0x67,
    0x3e, 0x20, 0xe2, 0x80, 0x94, 0x20, 0x74, 0x68, 0x65, 0x79, 0x20, 0x73, 0x74, 0x69, 0x6c, 0x6c,
    0x20, 0x62, 0x75, 0x69, 0x6c, 0x64, 0x2c, 0x20, 0x62, 0x65, 0x63, 0x61, 0x75, 0x73, 0x65, 0x20,
    0x5a, 0x4d, 0x4b, 0x0a, 0x20, 0x20, 0x20, 0x20, 0x20, 0x20, 0x64, 0x65, 0x63, 0x6c, 0x61, 0x72,
    0x65, 0x73, 0x20, 0x74, 0x68, 0x65, 0x20, 0x62, 0x65, 0x68, 0x61, 0x76, 0x69, 0x6f, 0x75, 0x72,
    0x20, 0x75, 0x6e, 0x63, 0x6f, 0x6e, 0x64, 0x69, 0x74, 0x69, 0x6f, 0x6e, 0x61, 0x6c, 0x6c, 0x79,
    0x20, 0x61, 0x6e, 0x64, 0x20, 0x67, 0x61, 0x74, 0x65, 0x73, 0x20, 0x6f, 0x6e, 0x6c, 0x79, 0x20,
    0x74, 0x68, 0x65, 0x20, 0x64, 0x72, 0x69, 0x76, 0x65, 0x72, 0x2c, 0x20, 0x77, 0x68, 0x69, 0x63,
    0x68, 0x20, 0x69, 0x73, 0x20, 0x68, 0x6f, 0x77, 0x20, 0x74, 0x77, 0x65, 0x6c, 0x76, 0x65, 0x20,
    0x64, 0x65, 0x61, 0x64, 0x0a, 0x20, 0x20, 0x20, 0x20, 0x20, 0x20, 0x6b, 0x65, 0x79, 0x73, 0x20,
    0x73, 0x61, 0x74, 0x20, 0x6f, 0x6e, 0x20, 0x53, 0x59, 0x53, 0x20, 0x75, 0x6e, 0x6e, 0x6f, 0x74,
    0x69, 0x63, 0x65, 0x64, 0x2e, 0x20, 0x54, 0x68, 0x65, 0x79, 0x20, 0x68, 0x61, 0x76, 0x65, 0x20,
    0x62, 0x65, 0x65, 0x6e, 0x20, 0x72, 0x65, 0x70, 0x6c, 0x61, 0x63, 0x65, 0x64, 0x20, 0x62, 0x79,
    0x20, 0x3c, 0x63, 0x6f, 0x64, 0x65, 0x3e, 0x26, 0x61, 0x6d, 0x70, 0x3b, 0x72, 0x67, 0x62, 0x3c,
    0x2f, 0x63, 0x6f, 0x64, 0x65, 0x3e, 0x20, 0x6f, 0x6e, 0x20, 0x70, 0x6f, 0x73, 0x69, 0x74, 0x69,
    0x6f, 0x6e, 0x20, 0x35, 0x2c, 0x0a, 0x20, 0x20, 0x20, 0x20, 0x20, 0x20, 0x61, 0x6e, 0x20, 0x6f,
    0x6e, 0x2f, 0x6f, 0x66, 0x66, 0x20, 0x73, 0x77, 0x69, 0x74, 0x63, 0x68, 0x20, 0x74, 0x68, 0x61,
    0x74, 0x20, 0x72, 0x65, 0x61, 0x63, 0x68, 0x65, 0x73, 0x20, 0x62, 0x6f, 0x74, 0x68, 0x20, 0x68,
    0x61, 0x6c, 0x76, 0x65, 0x73, 0x20, 0x61, 0x6e, 0x64, 0x20, 0x69, 0x73, 0x20, 0x72, 0x65, 0x6d,
    0x65, 0x6d, 0x62, 0x65, 0x72, 0x65, 0x64, 0x20, 0x61, 0x63, 0x72, 0x6f, 0x73, 0x73, 0x20, 0x72,
    0x65, 0x62, 0x6f, 0x6f, 0x74, 0x73, 0x2e, 0x3c, 0x2f, 0x70, 0x3e, 0x0a, 0x20, 0x20, 0x20, 0x20,
    0x20, 0x20, 0x3c, 0x70, 0x3e, 0x42, 0x6f, 0x74, 0x68, 0x20, 0x4f, 0x4c, 0x45, 0x44, 0x73, 0x20,
    0x64, 0x72, 0x61, 0x77, 0x20, 0x74, 0x68, 0x65, 0x69, 0x72, 0x20, 0x6f, 0x77, 0x6e, 0x20, 0x68,
    0x61, 0x6c, 0x66, 0x20, 0x6f, 0x66, 0x20, 0x74, 0x68, 0x69, 0x73, 0x20, 0x6b, 0x65, 0x79, 0x6d,
    0x61, 0x70, 0x2c, 0x20, 0x69, 0x6e, 0x76, 0x65, 0x72, 0x74, 0x20, 0x74, 0x68, 0x65, 0x20, 0x6b,
    0x65, 0x79, 0x20, 0x79, 0x6f, 0x75, 0x20, 0x70, 0x72, 0x65, 0x73, 0x73, 0x2c, 0x20, 0x61, 0x6e,
    0x64, 0x20, 0x66, 0x6f, 0x6c, 0x6c, 0x6f, 0x77, 0x20, 0x74, 0x68, 0x65, 0x0a, 0x20, 0x20, 0x20,
    0x20, 0x20, 0x20, 0x61, 0x63, 0x74, 0x69, 0x76, 0x65, 0x20, 0x6c, 0x61, 0x79, 0x65, 0x72, 0x2e,
    0x20, 0x54, 0x68, 0x65, 0x20, 0x72, 0x69, 0x67, 0x68, 0x74, 0x20, 0x6f, 0x6e, 0x65, 0x20, 0x6f,
    0x6e, 0x6c, 0x79, 0x20, 0x6d, 0x61, 0x6e, 0x61, 0x67, 0x65, 0x73, 0x20, 0x74, 0x68, 0x65, 0x20,
    0x6c, 0x61, 0x73, 0x74, 0x20, 0x6f, 0x66, 0x20, 0x74, 0x68, 0x6f, 0x73, 0x65, 0x20, 0x62, 0x65,
    0x63, 0x61, 0x75, 0x73, 0x65, 0x20, 0x74, 0x68, 0x65, 0x20, 0x6c, 0x61, 0x79, 0x65, 0x72, 0x20,
    0x69, 0x73, 0x0a, 0x20, 0x20, 0x20, 0x20, 0x20, 0x20, 0x3c, 0x65, 0x6d, 0x3e, 0x70, 0x75, 0x73,
    0x68, 0x65, 0x64, 0x3c, 0x2f, 0x65, 0x6d, 0x3e, 0x20, 0x74, 0x6f, 0x20, 0x69, 0x74, 0x3a, 0x20,
    0x61, 0x20, 0x70, 0x65, 0x72, 0x69, 0x70, 0x68, 0x65, 0x72, 0x61, 0x6c, 0x20, 0x6e, 0x65, 0x76,
    0x65, 0x72, 0x20, 0x72, 0x75, 0x6e, 0x73, 0x20, 0x74, 0x68, 0x65, 0x20, 0x6b, 0x65, 0x79, 0x6d,
    0x61, 0x70, 0x2c, 0x20, 0x73, 0x6f, 0x20, 0x74, 0x68, 0x65, 0x20, 0x63, 0x65, 0x6e, 0x74, 0x72,
    0x61, 0x6c, 0x20, 0x73, 0x65, 0x6e, 0x64, 0x73, 0x20, 0x74, 0x68, 0x65, 0x20, 0x6c, 0x61, 0x79,
    0x65, 0x72, 0x0a, 0x20, 0x20, 0x20, 0x20, 0x20, 0x20, 0x69, 0x6e, 0x64, 0x65, 0x78, 0x20, 0x61,
    0x63, 0x72, 0x6f, 0x73, 0x73, 0x20, 0x74, 0x68, 0x65, 0x20, 0x73, 0x70, 0x6c, 0x69, 0x74, 0x20,
    0x6c, 0x69, 0x6e, 0x6b, 0x20, 0x69, 0x6e, 0x20, 0x61, 0x20, 0x62, 0x65, 0x68, 0x61, 0x76, 0x69,
    0x6f, 0x75, 0x72, 0x20, 0x70, 0x61, 0x72, 0x61, 0x6d, 0x65, 0x74, 0x65, 0x72, 0x2e, 0x3c, 0x2f,
    0x70, 0x3e, 0x0a, 0x20, 0x20, 0x20, 0x20, 0x3c, 0x2f, 0x73, 0x65, 0x63, 0x74, 0x69, 0x6f, 0x6e,
    0x3e, 0x0a, 0x20, 0x20, 0x3c, 0x2f, 0x64, 0x69, 0x76, 0x3e, 0x0a, 0x0a, 0x20, 0x20, 0x3c, 0x64,
    0x69, 0x76, 0x20, 0x63, 0x6c, 0x61, 0x73, 0x73, 0x3d, 0x22, 0x70, 0x6f, 0x73, 0x6d, 0x61, 0x70,
    0x22, 0x3e, 0x0a, 0x20, 0x20, 0x20, 0x20, 0x3c, 0x70, 0x20, 0x63, 0x6c, 0x61, 0x73, 0x73, 0x3d,
    0x22, 0x63, 0x61, 0x70, 0x22, 0x3e, 0x50, 0x6f, 0x73, 0x69, 0x74, 0x69, 0x6f, 0x6e, 0x20, 0x6d,
    0x61, 0x70, 0x20, 0xe2, 0x80, 0x94, 0x20, 0x74, 0x68, 0x65, 0x20, 0x6f, 0x72, 0x64, 0x65, 0x72,
    0x20, 0x62, 0x69, 0x6e, 0x64, 0x69, 0x6e, 0x67, 0x73, 0x20, 0x61, 0x72, 0x65, 0x20, 0x6c, 0x69,
    0x73, 0x74, 0x65, 0x64, 0x20, 0x69, 0x6e, 0x3c, 0x2f, 0x70, 0x3e, 0x0a, 0x20, 0x20, 0x20, 0x20,
    0x3c, 0x70, 0x72, 0x65, 0x3e, 0x20, 0x20, 0x20, 0x20, 0x20, 0x20, 0x30, 0x20, 0x20, 0x20, 0x31,
    0x20, 0x20, 0x20, 0x32, 0x20, 0x20, 0x20, 0x33, 0x20, 0x20, 0x20, 0x34, 0x20, 0x20, 0x20, 0x20,
    0x20, 0x20, 0x20, 0x20, 0x20, 0x20, 0x20, 0x20, 0x20, 0x20, 0x20, 0x20, 0x20, 0x20, 0x20, 0x20,
    0x20, 0x35, 0x20, 0x20, 0x20, 0x36, 0x20, 0x20, 0x20, 0x37, 0x20, 0x20, 0x20, 0x38, 0x20, 0x20,
    0x20, 0x39, 0x0a, 0x20, 0x31, 0x30, 0x20, 0x20, 0x31, 0x31, 0x20, 0x20, 0x31, 0x32, 0x20, 0x20,
    0x31, 0x33, 0x20, 0x20, 0x31, 0x34, 0x20, 0x20, 0x31, 0x35, 0x20, 0x20, 0x20, 0x20, 0x20, 0x20,
    0x20, 0x20, 0x20, 0x20, 0x20, 0x20, 0x20, 0x20, 0x20, 0x20, 0x20, 0x20, 0x20, 0x20, 0x31, 0x36,
    0x20, 0x20, 0x31, 0x37, 0x20, 0x20, 0x31, 0x38, 0x20, 0x20, 0x31, 0x39, 0x20, 0x20, 0x32, 0x30,
    0x20, 0x20, 0x32, 0x31, 0x0a, 0x20, 0x32, 0x32, 0x20, 0x20, 0x32, 0x33, 0x20, 0x20, 0x32, 0x34,
    0x20, 0x20, 0x32, 0x35, 0x20, 0x20, 0x32, 0x36, 0x20, 0x20, 0x32, 0x37, 0x20, 0x20, 0x20, 0x28,
    0x32, 0x38, 0x29, 0x20, 0x20, 0x20, 0x20, 0x20, 0x20, 0x28, 0x32, 0x39, 0x29, 0x20, 0x20, 0x20,
    0x33, 0x30, 0x20, 0x20, 0x33, 0x31, 0x20, 0x20, 0x33, 0x32, 0x20, 0x20, 0x33, 0x33, 0x20, 0x20,
    0x33, 0x34, 0x20, 0x20, 0x33, 0x35, 0x0a, 0x20, 0x20, 0x20, 0x20, 0x20, 0x20, 0x20, 0x20, 0x20,
    0x20, 0x20, 0x20, 0x20, 0x20, 0x20, 0x20, 0x20, 0x33, 0x36, 0x20, 0x20, 0x33, 0x37, 0x20, 0x20,
    0x33, 0x38, 0x20, 0x20, 0x33, 0x39, 0x20, 0x20, 0x20, 0x20, 0x20, 0x20, 0x34, 0x30, 0x20, 0x20,
    0x34, 0x31, 0x20, 0x20, 0x34, 0x32, 0x20, 0x20, 0x34, 0x33, 0x3c, 0x2f, 0x70, 0x72, 0x65, 0x3e,
    0x0a, 0x20, 0x20, 0x3c, 0x2f, 0x64, 0x69, 0x76, 0x3e, 0x0a, 0x3c, 0x2f, 0x64, 0x69, 0x76, 0x3e,
    0x0a, 0x0a, 0x3c, 0x64, 0x69, 0x76, 0x20, 0x63, 0x6c, 0x61, 0x73, 0x73, 0x3d, 0x22, 0x77, 0x72,
    0x61, 0x70, 0x22, 0x3e, 0x3c, 0x66, 0x6f, 0x6f, 0x74, 0x65, 0x72, 0x3e, 0x0a, 0x20, 0x20, 0x52,
    0x65, 0x6e, 0x64, 0x65, 0x72, 0x65, 0x64, 0x20, 0x66, 0x72, 0x6f, 0x6d, 0x20, 0x3c, 0x63, 0x6f,
    0x64, 0x65, 0x3e, 0x63, 0x6f, 0x6e, 0x66, 0x69, 0x67, 0x2f, 0x6b, 0x6c, 0x6f, 0x72, 0x2e, 0x6b,
    0x65, 0x79, 0x6d, 0x61, 0x70, 0x3c, 0x2f, 0x63, 0x6f, 0x64, 0x65, 0x3e, 0x20, 0xc2, 0xb7, 0x20,
    0x5a, 0x4d, 0x4b, 0x20, 0x70, 0x69, 0x6e, 0x6e, 0x65, 0x64, 0x20, 0x61, 0x74, 0x20, 0x3c, 0x63,
    0x6f, 0x64, 0x65, 0x3e, 0x36, 0x65, 0x32, 0x65, 0x66, 0x34, 0x31, 0x3c, 0x2f, 0x63, 0x6f, 0x64,
    0x65, 0x3e, 0x20, 0xc2, 0xb7, 0x0a, 0x20, 0x20, 0x62, 0x6f, 0x61, 0x72, 0x64, 0x20, 0x74, 0x61,
    0x72, 0x67, 0x65, 0x74, 0x20, 0x3c, 0x63, 0x6f, 0x64, 0x65, 0x3e, 0x6e, 0x69, 0x63, 0x65, 0x5f,
    0x6e, 0x61, 0x6e, 0x6f, 0x2f, 0x2f, 0x7a, 0x6d, 0x6b, 0x3c, 0x2f, 0x63, 0x6f, 0x64, 0x65, 0x3e,
    0x0a, 0x3c, 0x2f, 0x66, 0x6f, 0x6f, 0x74, 0x65, 0x72, 0x3e, 0x3c, 0x2f, 0x64, 0x69, 0x76, 0x3e,
    0x0a, 0x0a, 0x3c, 0x73, 0x63, 0x72, 0x69, 0x70, 0x74, 0x3e, 0x0a, 0x28, 0x66, 0x75, 0x6e, 0x63,
    0x74, 0x69, 0x6f, 0x6e, 0x28, 0x29, 0x7b, 0x0a, 0x22, 0x75, 0x73, 0x65, 0x20, 0x73, 0x74, 0x72,
    0x69, 0x63, 0x74, 0x22, 0x3b, 0x0a, 0x0a, 0x2f, 0x2a, 0x20, 0x2d, 0x2d, 0x2d, 0x2d, 0x20, 0x70,
    0x68, 0x79, 0x73, 0x69, 0x63, 0x61, 0x6c, 0x20, 0x6c, 0x61, 0x79, 0x6f, 0x75, 0x74, 0x20, 0x2d,
    0x2d, 0x2d, 0x2d, 0x2d, 0x2d, 0x2d, 0x2d, 0x2d, 0x2d, 0x2d, 0x2d, 0x2d, 0x2d, 0x2d, 0x2d, 0x2d,
    0x2d, 0x2d, 0x2d, 0x2d, 0x2d, 0x2d, 0x2d, 0x2d, 0x2d, 0x2d, 0x2d, 0x2d, 0x2d, 0x2d, 0x2d, 0x2d,
    0x2d, 0x2d, 0x2d, 0x2d, 0x2d, 0x2d, 0x2d, 0x2d, 0x2d, 0x2d, 0x2d, 0x2d, 0x2d, 0x2d, 0x2d, 0x20,
    0x2a, 0x2f, 0x0a, 0x76, 0x61, 0x72, 0x20, 0x55, 0x20, 0x3d, 0x20, 0x35, 0x36, 0x2c, 0x20, 0x54,
    0x4f, 0x50, 0x20, 0x3d, 0x20, 0x32, 0x38, 0x2c, 0x20, 0x52, 0x58, 0x30, 0x20, 0x3d, 0x20, 0x34,
    0x37, 0x32, 0x3b, 0x0a, 0x76, 0x61, 0x72, 0x20, 0x53, 0x54, 0x41, 0x47, 0x20, 0x20, 0x20, 0x3d,
    0x20, 0x5b, 0x31, 0x38, 0x2c, 0x31, 0x38, 0x2c, 0x36, 0x2c, 0x30, 0x2c, 0x37, 0x2c, 0x31, 0x36,
    0x2c, 0x20, 0x31, 0x36, 0x2c, 0x37, 0x2c, 0x30, 0x2c, 0x36, 0x2c, 0x31, 0x38, 0x2c, 0x31, 0x38,
    0x5d, 0x3b, 0x0a, 0x76, 0x61, 0x72, 0x20, 0x46, 0x49, 0x4e, 0x47, 0x45, 0x52, 0x20, 0x3d, 0x20,
    0x5b, 0x22, 0x6f, 0x75, 0x74, 0x65, 0x72, 0x22, 0x2c, 0x22, 0x70, 0x69, 0x6e, 0x6b, 0x79, 0x22,
    0x2c, 0x22, 0x72, 0x69, 0x6e, 0x67, 0x22, 0x2c, 0x22, 0x6d, 0x69, 0x64, 0x64, 0x6c, 0x65, 0x22,
    0x2c, 0x22, 0x69, 0x6e, 0x64, 0x65, 0x78, 0x22, 0x2c, 0x22, 0x69, 0x6e, 0x6e, 0x65, 0x72, 0x22,
    0x2c, 0x0a, 0x20, 0x20, 0x20, 0x20, 0x20, 0x20, 0x20, 0x20, 0x20, 0x20, 0x20, 0x20, 0x20, 0x20,
    0x22, 0x69, 0x6e, 0x6e, 0x65, 0x72, 0x22, 0x2c, 0x22, 0x69, 0x6e, 0x64, 0x65, 0x78, 0x22, 0x2c,
    0x22, 0x6d, 0x69, 0x64, 0x64, 0x6c, 0x65, 0x22, 0x2c, 0x22, 0x72, 0x69, 0x6e, 0x67, 0x22, 0x2c,
    0x22, 0x70, 0x69, 0x6e, 0x6b, 0x79, 0x22, 0x2c, 0x22, 0x6f, 0x75, 0x74, 0x65, 0x72, 0x22, 0x5d,
    0x3b, 0x0a, 0x76, 0x61, 0x72, 0x20, 0x41, 0x52, 0x43, 0x20, 0x3d, 0x20, 0x5b, 0x30, 0x2c, 0x36,
    0x2c, 0x31, 0x34, 0x2c, 0x32, 0x36, 0x5d, 0x2c, 0x20, 0x53, 0x48, 0x49, 0x46, 0x54, 0x20, 0x3d,
    0x20, 0x5b, 0x31, 0x36, 0x2c, 0x31, 0x36, 0x2c, 0x31, 0x34, 0x2c, 0x31, 0x30, 0x5d, 0x3b, 0x0a,
    0x0a, 0x66, 0x75, 0x6e, 0x63, 0x74, 0x69, 0x6f, 0x6e, 0x20, 0x63, 0x6f, 0x6c, 0x58, 0x28, 0x63,
    0x29, 0x7b, 0x20, 0x72, 0x65, 0x74, 0x75, 0x72, 0x6e, 0x20, 0x63, 0x20, 0x3c, 0x20, 0x36, 0x20,
    0x3f, 0x20, 0x63, 0x2a, 0x55, 0x20, 0x3a, 0x20, 0x52, 0x58, 0x30, 0x20, 0x2b, 0x20, 0x28, 0x63,
    0x2d, 0x36, 0x29, 0x2a, 0x55, 0x3b, 0x20, 0x7d, 0x0a, 0x0a, 0x76, 0x61, 0x72, 0x20, 0x73, 0x6c,
    0x6f, 0x74, 0x73, 0x20, 0x3d, 0x20, 0x5b, 0x5d, 0x2c, 0x20, 0x70, 0x20, 0x3d, 0x20, 0x30, 0x3b,
    0x0a, 0x5b, 0x31, 0x2c, 0x32, 0x2c, 0x33, 0x2c, 0x34, 0x2c, 0x35, 0x2c, 0x36, 0x2c, 0x37, 0x2c,
    0x38, 0x2c, 0x39, 0x2c, 0x31, 0x30, 0x5d, 0x2e, 0x66, 0x6f, 0x72, 0x45, 0x61, 0x63, 0x68, 0x28,
    0x66, 0x75, 0x6e, 0x63, 0x74, 0x69, 0x6f, 0x6e, 0x28, 0x63, 0x29, 0x7b, 0x20, 0x73, 0x6c, 0x6f,
    0x74, 0x73, 0x2e, 0x70, 0x75, 0x73, 0x68, 0x28, 0x7b, 0x70, 0x3a, 0x70, 0x2b, 0x2b, 0x2c, 0x20,
    0x63, 0x3a, 0x63, 0x2c, 0x20, 0x72, 0x3a, 0x30, 0x2c, 0x20, 0x74, 0x3a, 0x22, 0x6b, 0x65, 0x79,
    0x22, 0x7d, 0x29, 0x3b, 0x20, 0x7d, 0x29, 0x3b, 0x0a, 0x5b, 0x30, 0x2c, 0x31, 0x2c, 0x32, 0x2c,
    0x33, 0x2c, 0x34, 0x2c, 0x35, 0x2c, 0x36, 0x2c, 0x37, 0x2c, 0x38, 0x2c, 0x39, 0x2c, 0x31, 0x30,
    0x2c, 0x31, 0x31, 0x5d, 0x2e, 0x66, 0x6f, 0x72, 0x45, 0x61, 0x63, 0x68, 0x28, 0x66, 0x75, 0x6e,
    0x63, 0x74, 0x69, 0x6f, 0x6e, 0x28, 0x63, 0x29, 0x7b, 0x20, 0x73, 0x6c, 0x6f, 0x74, 0x73, 0x2e,
    0x70, 0x75, 0x73, 0x68, 0x28, 0x7b, 0x70, 0x3a, 0x70, 0x2b, 0x2b, 0x2c, 0x20, 0x63, 0x3a, 0x63,
    0x2c, 0x20, 0x72, 0x3a, 0x31, 0x2c, 0x20, 0x74, 0x3a, 0x22, 0x6b, 0x65, 0x79, 0x22, 0x7d, 0x29,
    0x3b, 0x20, 0x7d, 0x29, 0x3b, 0x0a, 0x5b, 0x30, 0x2c, 0x31, 0x2c, 0x32, 0x2c, 0x33, 0x2c, 0x34,
    0x2c, 0x35, 0x5d, 0x2e, 0x66, 0x6f, 0x72, 0x45, 0x61, 0x63, 0x68, 0x28, 0x66, 0x75, 0x6e, 0x63,
    0x74, 0x69, 0x6f, 0x6e, 0x28, 0x63, 0x29, 0x7b, 0x20, 0x73, 0x6c, 0x6f, 0x74, 0x73, 0x2e, 0x70,
    0x75, 0x73, 0x68, 0x28, 0x7b, 0x70, 0x3a, 0x70, 0x2b, 0x2b, 0x2c, 0x20, 0x63, 0x3a, 0x63, 0x2c,
    0x20, 0x72, 0x3a, 0x32, 0x2c, 0x20, 0x74, 0x3a, 0x22, 0x6b, 0x65, 0x79, 0x22, 0x7d, 0x29, 0x3b,
    0x20, 0x7d, 0x29, 0x3b, 0x0a, 0x73, 0x6c, 0x6f, 0x74, 0x73, 0x2e, 0x70, 0x75, 0x73, 0x68, 0x28,
    0x7b, 0x70, 0x3a, 0x70, 0x2b, 0x2b, 0x2c, 0x20, 0x74, 0x3a, 0x22, 0x65, 0x6e, 0x63, 0x22, 0x2c,
    0x20, 0x73, 0x69, 0x64, 0x65, 0x3a, 0x22, 0x4c, 0x22, 0x7d, 0x29, 0x3b, 0x0a, 0x73, 0x6c, 0x6f,
    0x74, 0x73, 0x2e, 0x70, 0x75, 0x73, 0x68, 0x28, 0x7b, 0x70, 0x3a, 0x70, 0x2b, 0x2b, 0x2c, 0x20,
    0x74, 0x3a, 0x22, 0x65, 0x6e, 0x63, 0x22, 0x2c, 0x20, 0x73, 0x69, 0x64, 0x65, 0x3a, 0x22, 0x52,
    0x22, 0x7d, 0x29, 0x3b, 0x0a, 0x5b, 0x36, 0x2c, 0x37, 0x2c, 0x38, 0x2c, 0x39, 0x2c, 0x31, 0x30,
    0x2c, 0x31, 0x31, 0x5d, 0x2e, 0x66, 0x6f, 0x72, 0x45, 0x61, 0x63, 0x68, 0x28, 0x66, 0x75, 0x6e,
    0x63, 0x74, 0x69, 0x6f, 0x6e, 0x28, 0x63, 0x29, 0x7b, 0x20, 0x73, 0x6c, 0x6f, 0x74, 0x73, 0x2e,
    0x70, 0x75, 0x73, 0x68, 0x28, 0x7b, 0x70, 0x3a, 0x70, 0x2b, 0x2b, 0x2c, 0x20, 0x63, 0x3a, 0x63,
    0x2c, 0x20, 0x72, 0x3a, 0x32, 0x2c, 0x20, 0x74, 0x3a, 0x22, 0x6b, 0x65, 0x79, 0x22, 0x7d, 0x29,
    0x3b, 0x20, 0x7d, 0x29, 0x3b, 0x0a, 0x5b, 0x31, 0x2c, 0x32, 0x2c, 0x33, 0x2c, 0x34, 0x5d, 0x2e,
    0x66, 0x6f, 0x72, 0x45, 0x61, 0x63, 0x68, 0x28, 0x66, 0x75, 0x6e, 0x63, 0x74, 0x69, 0x6f, 0x6e,
    0x28, 0x63, 0x2c, 0x69, 0x29, 0x7b, 0x20, 0x73, 0x6c, 0x6f, 0x74, 0x73, 0x2e, 0x70, 0x75, 0x73,
    0x68, 0x28, 0x7b, 0x70, 0x3a, 0x70, 0x2b, 0x2b, 0x2c, 0x20, 0x63, 0x3a, 0x63, 0x2c, 0x20, 0x72,
    0x3a, 0x33, 0x2c, 0x20, 0x74, 0x3a, 0x22, 0x74, 0x68, 0x75, 0x6d, 0x62, 0x22, 0x2c, 0x20, 0x69,
    0x3a, 0x69, 0x7d, 0x29, 0x3b, 0x20, 0x7d, 0x29, 0x3b, 0x0a, 0x5b, 0x37, 0x2c, 0x38, 0x2c, 0x39,
    0x2c, 0x31, 0x30, 0x5d, 0x2e, 0x66, 0x6f, 0x72, 0x45, 0x61, 0x63, 0x68, 0x28, 0x66, 0x75, 0x6e,
    0x63, 0x74, 0x69, 0x6f, 0x6e, 0x28, 0x63, 0x2c, 0x69, 0x29, 0x7b, 0x20, 0x73, 0x6c, 0x6f, 0x74,
    0x73, 0x2e, 0x70, 0x75, 0x73, 0x68, 0x28, 0x7b, 0x70, 0x3a, 0x70, 0x2b, 0x2b, 0x2c, 0x20, 0x63,
    0x3a, 0x63, 0x2c, 0x20, 0x72, 0x3a, 0x33, 0x2c, 0x20, 0x74, 0x3a, 0x22, 0x74, 0x68, 0x75, 0x6d,
    0x62, 0x22, 0x2c, 0x20, 0x69, 0x3a, 0x69, 0x7d, 0x29, 0x3b, 0x20, 0x7d, 0x29, 0x3b, 0x0a, 0x0a,
    0x73, 0x6c, 0x6f, 0x74, 0x73, 0x2e, 0x66, 0x6f, 0x72, 0x45, 0x61, 0x63, 0x68, 0x28, 0x66, 0x75,
    0x6e, 0x63, 0x74, 0x69, 0x6f, 0x6e, 0x28, 0x73, 0x29, 0x7b, 0x0a, 0x20, 0x20, 0x69, 0x66, 0x20,
    0x28, 0x73, 0x2e, 0x74, 0x20, 0x3d, 0x3d, 0x3d, 0x20, 0x22, 0x65, 0x6e, 0x63, 0x22, 0x29, 0x7b,
    0x0a, 0x20, 0x20, 0x20, 0x20, 0x73, 0x2e, 0x78, 0x20, 0x3d, 0x20, 0x73, 0x2e, 0x73, 0x69, 0x64,
    0x65, 0x20, 0x3d, 0x3d, 0x3d, 0x20, 0x22, 0x4c, 0x22, 0x20, 0x3f, 0x20, 0x33, 0x33, 0x36, 0x20,
    0x3a, 0x20, 0x34, 0x30, 0x38, 0x3b, 0x20, 0x73, 0x2e, 0x79, 0x20, 0x3d, 0x20, 0x31, 0x35, 0x32,
    0x3b, 0x20, 0x72, 0x65, 0x74, 0x75, 0x72, 0x6e, 0x3b, 0x0a, 0x20, 0x20, 0x7d, 0x0a, 0x20, 0x20,
    0x69, 0x66, 0x20, 0x28, 0x73, 0x2e, 0x74, 0x20, 0x3d, 0x3d, 0x3d, 0x20, 0x22, 0x74, 0x68, 0x75,
    0x6d, 0x62, 0x22, 0x29, 0x7b, 0x0a, 0x20, 0x20, 0x20, 0x20, 0x76, 0x61, 0x72, 0x20, 0x6b, 0x20,
    0x3d, 0x20, 0x73, 0x2e, 0x63, 0x20, 0x3c, 0x20, 0x36, 0x20, 0x3f, 0x20, 0x73, 0x2e, 0x69, 0x20,
    0x3a, 0x20, 0x33, 0x20, 0x2d, 0x20, 0x73, 0x2e, 0x69, 0x3b, 0x0a, 0x20, 0x20, 0x20, 0x20, 0x73,
    0x2e, 0x78, 0x20, 0x3d, 0x20, 0x63, 0x6f, 0x6c, 0x58, 0x28, 0x73, 0x2e, 0x63, 0x29, 0x20, 0x2b,
    0x20, 0x28, 0x73, 0x2e, 0x63, 0x20, 0x3c, 0x20, 0x36, 0x20, 0x3f, 0x20, 0x53, 0x48, 0x49, 0x46,
    0x54, 0x5b, 0x6b, 0x5d, 0x20, 0x3a, 0x20, 0x2d, 0x53, 0x48, 0x49, 0x46, 0x54, 0x5b, 0x6b, 0x5d,
    0x29, 0x3b, 0x0a, 0x20, 0x20, 0x20, 0x20, 0x73, 0x2e, 0x79, 0x20, 0x3d, 0x20, 0x32, 0x32, 0x34,
    0x20, 0x2b, 0x20, 0x41, 0x52, 0x43, 0x5b, 0x6b, 0x5d, 0x3b, 0x0a, 0x20, 0x20, 0x20, 0x20, 0x72,
    0x65, 0x74, 0x75, 0x72, 0x6e, 0x3b, 0x0a, 0x20, 0x20, 0x7d, 0x0a, 0x20, 0x20, 0x73, 0x2e, 0x78,
    0x20, 0x3d, 0x20, 0x63, 0x6f, 0x6c, 0x58, 0x28, 0x73, 0x2e, 0x63, 0x29, 0x3b, 0x0a, 0x20, 0x20,
    0x73, 0x2e, 0x79, 0x20, 0x3d, 0x20, 0x73, 0x2e, 0x72, 0x2a, 0x55, 0x20, 0x2b, 0x20, 0x53, 0x54,
    0x41, 0x47, 0x5b, 0x73, 0x2e, 0x63, 0x5d, 0x20, 0x2b, 0x20, 0x54, 0x4f, 0x50, 0x3b, 0x0a, 0x7d,
    0x29, 0x3b, 0x0a, 0x0a, 0x66, 0x75, 0x6e, 0x63, 0x74, 0x69, 0x6f, 0x6e, 0x20, 0x77, 0x68, 0x65,
    0x72, 0x65, 0x28, 0x73, 0x29, 0x7b, 0x0a, 0x20, 0x20, 0x69, 0x66, 0x20, 0x28, 0x73, 0x2e, 0x74,
    0x20, 0x3d, 0x3d, 0x3d, 0x20, 0x22, 0x65, 0x6e, 0x63, 0x22, 0x29, 0x20, 0x72, 0x65, 0x74, 0x75,
    0x72, 0x6e, 0x20, 0x22, 0x52, 0x6f, 0x74, 0x61, 0x72, 0x79, 0x20, 0x65, 0x6e, 0x63, 0x6f, 0x64,
    0x65, 0x72, 0x20, 0xc2, 0xb7, 0x20, 0x22, 0x20, 0x2b, 0x20, 0x28, 0x73, 0x2e, 0x73, 0x69, 0x64,
    0x65, 0x3d, 0x3d, 0x3d, 0x22, 0x4c, 0x22, 0x3f, 0x22, 0x6c, 0x65, 0x66, 0x74, 0x22, 0x3a, 0x22,
    0x72, 0x69, 0x67, 0x68, 0x74, 0x22, 0x29, 0x20, 0x2b, 0x20, 0x22, 0x20, 0x68, 0x61, 0x6c, 0x66,
    0x20, 0xc2, 0xb7, 0x20, 0x70, 0x75, 0x73, 0x68, 0x20, 0x73, 0x77, 0x69, 0x74, 0x63, 0x68, 0x22,
    0x3b, 0x0a, 0x20, 0x20, 0x76, 0x61, 0x72, 0x20, 0x68, 0x61, 0x6c, 0x66, 0x20, 0x3d, 0x20, 0x73,
    0x2e, 0x63, 0x20, 0x3c, 0x20, 0x36, 0x20, 0x3f, 0x20, 0x22, 0x6c, 0x65, 0x66, 0x74, 0x22, 0x20,
    0x3a, 0x20, 0x22, 0x72, 0x69, 0x67, 0x68, 0x74, 0x22, 0x3b, 0x0a, 0x20, 0x20, 0x69, 0x66, 0x20,
    0x28, 0x73, 0x2e, 0x74, 0x20, 0x3d, 0x3d, 0x3d, 0x20, 0x22, 0x74, 0x68, 0x75, 0x6d, 0x62, 0x22,
    0x29, 0x7b, 0x0a, 0x20, 0x20, 0x20, 0x20, 0x76, 0x61, 0x72, 0x20, 0x6e, 0x74, 0x68, 0x20, 0x3d,
    0x20, 0x73, 0x2e, 0x63, 0x20, 0x3c, 0x20, 0x36, 0x20, 0x3f, 0x20, 0x73, 0x2e, 0x69, 0x20, 0x2b,
    0x20, 0x31, 0x20, 0x3a, 0x20, 0x34, 0x20, 0x2d, 0x20, 0x73, 0x2e, 0x69, 0x3b, 0x0a, 0x20, 0x20,
    0x20, 0x20, 0x76, 0x61, 0x72, 0x20, 0x6e, 0x61, 0x6d, 0x65, 0x20, 0x3d, 0x20, 0x6e, 0x74, 0x68,
    0x20, 0x3d, 0x3d, 0x3d, 0x20, 0x34, 0x20, 0x3f, 0x20, 0x22, 0x69, 0x6e, 0x6e, 0x65, 0x72, 0x6d,
    0x6f, 0x73, 0x74, 0x22, 0x20, 0x3a, 0x20, 0x6e, 0x74, 0x68, 0x20, 0x3d, 0x3d, 0x3d, 0x20, 0x31,
    0x20, 0x3f, 0x20, 0x22, 0x6f, 0x75, 0x74, 0x65, 0x72, 0x6d, 0x6f, 0x73, 0x74, 0x22, 0x20, 0x3a,
    0x20, 0x22, 0x74, 0x68, 0x75, 0x6d, 0x62, 0x20, 0x22, 0x20, 0x2b, 0x20, 0x6e, 0x74, 0x68, 0x3b,
    0x0a, 0x20, 0x20, 0x20, 0x20, 0x72, 0x65, 0x74, 0x75, 0x72, 0x6e, 0x20, 0x22, 0x54, 0x68, 0x75,
    0x6d, 0x62, 0x20, 0x63, 0x6c, 0x75, 0x73, 0x74, 0x65, 0x72, 0x20, 0xc2, 0xb7, 0x20, 0x22, 0x20,
    0x2b, 0x20, 0x68, 0x61, 0x6c, 0x66, 0x20, 0x2b, 0x20, 0x22, 0x20, 0x68, 0x61, 0x6c, 0x66, 0x20,
    0xc2, 0xb7, 0x20, 0x22, 0x20, 0x2b, 0x20, 0x6e, 0x61, 0x6d, 0x65, 0x3b, 0x0a, 0x20, 0x20, 0x7d,
    0x0a, 0x20, 0x20, 0x72, 0x65, 0x74, 0x75, 0x72, 0x6e, 0x20, 0x22, 0x52, 0x6f, 0x77, 0x20, 0x22,
    0x20, 0x2b, 0x20, 0x28, 0x73, 0x2e, 0x72, 0x2b, 0x31, 0x29, 0x20, 0x2b, 0x20, 0x22, 0x20, 0xc2,
    0xb7, 0x20, 0x22, 0x20, 0x2b, 0x20, 0x68, 0x61, 0x6c, 0x66, 0x20, 0x2b, 0x20, 0x22, 0x20, 0x68,
    0x61, 0x6c, 0x66, 0x20, 0xc2, 0xb7, 0x20, 0x22, 0x20, 0x2b, 0x20, 0x46, 0x49, 0x4e, 0x47, 0x45,
    0x52, 0x5b, 0x73, 0x2e, 0x63, 0x5d, 0x20, 0x2b, 0x20, 0x22, 0x20, 0x63, 0x6f, 0x6c, 0x75, 0x6d,
    0x6e, 0x22, 0x3b, 0x0a, 0x7d, 0x0a, 0x0a, 0x2f, 0x2a, 0x20, 0x2d, 0x2d, 0x2d, 0x2d, 0x20, 0x62,
    0x69, 0x6e, 0x64, 0x69, 0x6e, 0x67, 0x73, 0x20, 0x2d, 0x2d, 0x2d, 0x2d, 0x2d, 0x2d, 0x2d, 0x2d,
    0x2d, 0x2d, 0x2d, 0x2d, 0x2d, 0x2d, 0x2d, 0x2d, 0x2d, 0x2d, 0x2d, 0x2d, 0x2d, 0x2d, 0x2d, 0x2d,
    0x2d, 0x2d, 0x2d, 0x2d, 0x2d, 0x2d, 0x2d, 0x2d, 0x2d, 0x2d, 0x2d, 0x2d, 0x2d, 0x2d, 0x2d, 0x2d,
    0x2d, 0x2d, 0x2d, 0x2d, 0x2d, 0x2d, 0x2d, 0x2d, 0x2d, 0x2d, 0x2d, 0x2d, 0x2d, 0x2d, 0x2d, 0x2d,
    0x20, 0x2a, 0x2f, 0x0a, 0x76, 0x61, 0x72, 0x20, 0x74, 0x20, 0x3d, 0x20, 0x5b, 0x22, 0x22, 0x2c,
    0x20, 0x22, 0x26, 0x74, 0x72, 0x61, 0x6e, 0x73, 0x22, 0x2c, 0x20, 0x22, 0x74, 0x72, 0x61, 0x6e,
    0x73, 0x22, 0x5d, 0x3b, 0x0a, 0x0a, 0x76, 0x61, 0x72, 0x20, 0x42, 0x41, 0x53, 0x45, 0x20, 0x3d,
    0x20, 0x5b, 0x0a, 0x20, 0x5b, 0x22, 0x51, 0x22, 0x2c, 0x22, 0x26, 0x6b, 0x70, 0x20, 0x51, 0x22,
    0x5d, 0x2c, 0x5b, 0x22, 0x57, 0x22, 0x2c, 0x22, 0x26, 0x6b, 0x70, 0x20, 0x57, 0x22, 0x5d, 0x2c,
    0x5b, 0x22, 0x45, 0x22, 0x2c, 0x22, 0x26, 0x6b, 0x70, 0x20, 0x45, 0x22, 0x5d, 0x2c, 0x5b, 0x22,
    0x52, 0x22, 0x2c, 0x22, 0x26, 0x6b, 0x70, 0x20, 0x52, 0x22, 0x5d, 0x2c, 0x5b, 0x22, 0x54, 0x22,
    0x2c, 0x22, 0x26, 0x6b, 0x70, 0x20, 0x54, 0x22, 0x5d, 0x2c, 0x0a, 0x20, 0x5b, 0x22, 0x59, 0x22,
    0x2c, 0x22, 0x26, 0x6b, 0x70, 0x20, 0x59, 0x22, 0x5d, 0x2c, 0x5b, 0x22, 0x55, 0x22, 0x2c, 0x22,
    0x26, 0x6b, 0x70, 0x20, 0x55, 0x22, 0x5d, 0x2c, 0x5b, 0x22, 0x49, 0x22, 0x2c, 0x22, 0x26, 0x6b,
    0x70, 0x20, 0x49, 0x22, 0x5d, 0x2c, 0x5b, 0x22, 0x4f, 0x22, 0x2c, 0x22, 0x26, 0x6b, 0x70, 0x20,
    0x4f, 0x22, 0x5d, 0x2c, 0x5b, 0x22, 0x50, 0x22, 0x2c, 0x22, 0x26, 0x6b, 0x70, 0x20, 0x50, 0x22,
    0x5d, 0x2c, 0x0a, 0x20, 0x5b, 0x22, 0x45, 0x73, 0x63, 0x22, 0x2c, 0x22, 0x26, 0x6b, 0x70, 0x20,
    0x45, 0x53, 0x43, 0x22, 0x5d, 0x2c, 0x5b, 0x22, 0x41, 0x22, 0x2c, 0x22, 0x26, 0x6b, 0x70, 0x20,
    0x41, 0x22, 0x5d, 0x2c, 0x5b, 0x22, 0x53, 0x22, 0x2c, 0x22, 0x26, 0x6b, 0x70, 0x20, 0x53, 0x22,
    0x5d, 0x2c, 0x5b, 0x22, 0x44, 0x22, 0x2c, 0x22, 0x26, 0x6b, 0x70, 0x20, 0x44, 0x22, 0x5d, 0x2c,
    0x5b, 0x22, 0x46, 0x22, 0x2c, 0x22, 0x26, 0x6b, 0x70, 0x20, 0x46, 0x22, 0x5d, 0x2c, 0x5b, 0x22,
    0x47, 0x22, 0x2c, 0x22, 0x26, 0x6b, 0x70, 0x20, 0x47, 0x22, 0x5d, 0x2c, 0x0a, 0x20, 0x5b, 0x22,
    0x48, 0x22, 0x2c, 0x22, 0x26, 0x6b, 0x70, 0x20, 0x48, 0x22, 0x5d, 0x2c, 0x5b, 0x22, 0x4a, 0x22,
    0x2c, 0x22, 0x26, 0x6b, 0x70, 0x20, 0x4a, 0x22, 0x5d, 0x2c, 0x5b, 0x22, 0x4b, 0x22, 0x2c, 0x22,
    0x26, 0x6b, 0x70, 0x20, 0x4b, 0x22, 0x5d, 0x2c, 0x5b, 0x22, 0x4c, 0x22, 0x2c, 0x22, 0x26, 0x6b,
    0x70, 0x20, 0x4c, 0x22, 0x5d, 0x2c, 0x5b, 0x22, 0x5d, 0x22, 0x2c, 0x22, 0x26, 0x6b, 0x70, 0x20,
    0x52, 0x42, 0x4b, 0x54, 0x22, 0x5d, 0x2c, 0x5b, 0x22, 0x42, 0x6b, 0x73, 0x70, 0x22, 0x2c, 0x22,
    0x26, 0x6b, 0x70, 0x20, 0x42, 0x53, 0x50, 0x43, 0x22, 0x5d, 0x2c, 0x0a, 0x20, 0x5b, 0x22, 0x53,
    0x68, 0x69, 0x66, 0x74, 0x22, 0x2c, 0x22, 0x26, 0x6b, 0x70, 0x20, 0x4c, 0x53, 0x48, 0x46, 0x54,
    0x22, 0x5d, 0x2c, 0x5b, 0x22, 0x5a, 0x22, 0x2c, 0x22, 0x26, 0x6b, 0x70, 0x20, 0x5a, 0x22, 0x5d,
    0x2c, 0x5b, 0x22, 0x58, 0x22, 0x2c, 0x22, 0x26, 0x6b, 0x70, 0x20, 0x58, 0x22, 0x5d, 0x2c, 0x5b,
    0x22, 0x43, 0x22, 0x2c, 0x22, 0x26, 0x6b, 0x70, 0x20, 0x43, 0x22, 0x5d, 0x2c, 0x5b, 0x22, 0x56,
    0x22, 0x2c, 0x22, 0x26, 0x6b, 0x70, 0x20, 0x56, 0x22, 0x5d, 0x2c, 0x5b, 0x22, 0x42, 0x22, 0x2c,
    0x22, 0x26, 0x6b, 0x70, 0x20, 0x42, 0x22, 0x5d, 0x2c, 0x0a, 0x20, 0x5b, 0x22, 0x4d, 0x75, 0x74,
    0x65, 0x22, 0x2c, 0x22, 0x26, 0x6b, 0x70, 0x20, 0x43, 0x5f, 0x4d, 0x55, 0x54, 0x45, 0x22, 0x5d,
    0x2c, 0x5b, 0x22, 0x50, 0x6c, 0x61, 0x79, 0x22, 0x2c, 0x22, 0x26, 0x6b, 0x70, 0x20, 0x43, 0x5f,
    0x50, 0x50, 0x22, 0x5d, 0x2c, 0x0a, 0x20, 0x5b, 0x22, 0x4e, 0x22, 0x2c, 0x22, 0x26, 0x6b, 0x70,
    0x20, 0x4e, 0x22, 0x5d, 0x2c, 0x5b, 0x22, 0x4d, 0x22, 0x2c, 0x22, 0x26, 0x6b, 0x70, 0x20, 0x4d,
    0x22, 0x5d, 0x2c, 0x5b, 0x22, 0x5b, 0x22, 0x2c, 0x22, 0x26, 0x6b, 0x70, 0x20, 0x4c, 0x42, 0x4b,
    0x54, 0x22, 0x5d, 0x2c, 0x5b, 0x22, 0x3b, 0x22, 0x2c, 0x22, 0x26, 0x6b, 0x70, 0x20, 0x53, 0x45,
    0x4d, 0x49, 0x22, 0x5d, 0x2c, 0x5b, 0x22, 0x5c, 0x5c, 0x22, 0x2c, 0x22, 0x26, 0x6b, 0x70, 0x20,
    0x42, 0x53, 0x4c, 0x48, 0x22, 0x5d, 0x2c, 0x5b, 0x22, 0x45, 0x6e, 0x74, 0x65, 0x72, 0x22, 0x2c,
    0x22, 0x26, 0x6b, 0x70, 0x20, 0x52, 0x45, 0x54, 0x22, 0x5d, 0x2c, 0x0a, 0x20, 0x5b, 0x22, 0x43,
    0x74, 0x72, 0x6c, 0x22, 0x2c, 0x22, 0x26, 0x6b, 0x70, 0x20, 0x4c, 0x43, 0x54, 0x52, 0x4c, 0x22,
    0x5d, 0x2c, 0x5b, 0x22, 0x41, 0x6c, 0x74, 0x22, 0x2c, 0x22, 0x26, 0x6b, 0x70, 0x20, 0x4c, 0x41,
    0x4c, 0x54, 0x22, 0x5d, 0x2c, 0x5b, 0x22, 0x58, 0x54, 0x52, 0x41, 0x22, 0x2c, 0x22, 0x26, 0x6d,
    0x6f, 0x20, 0x58, 0x54, 0x52, 0x41, 0x22, 0x2c, 0x22, 0x6d, 0x6f, 0x22, 0x5d, 0x2c, 0x5b, 0x22,
    0x53, 0x70, 0x61, 0x63, 0x65, 0x20, 0x53, 0x75, 0x70, 0x65, 0x72, 0x22, 0x2c, 0x22, 0x26, 0x73,
    0x70, 0x63, 0x20, 0x4c, 0x47, 0x55, 0x49, 0x20, 0x53, 0x50, 0x41, 0x43, 0x45, 0x22, 0x5d, 0x2c,
    0x0a, 0x20, 0x5b, 0x22, 0x2c, 0x22, 0x2c, 0x22, 0x26, 0x6b, 0x70, 0x20, 0x43, 0x4f, 0x4d, 0x4d,
    0x41, 0x22, 0x5d, 0x2c, 0x5b, 0x22, 0x2e, 0x22, 0x2c, 0x22, 0x26, 0x6b, 0x70, 0x20, 0x44, 0x4f,
    0x54, 0x22, 0x5d, 0x2c, 0x5b, 0x22, 0x2f, 0x22, 0x2c, 0x22, 0x26, 0x6b, 0x70, 0x20, 0x46, 0x53,
    0x4c, 0x48, 0x22, 0x5d, 0x2c, 0x5b, 0x22, 0x27, 0x22, 0x2c, 0x22, 0x26, 0x6b, 0x70, 0x20, 0x53,
    0x51, 0x54, 0x22, 0x5d, 0x0a, 0x5d, 0x3b, 0x0a, 0x0a, 0x76, 0x61, 0x72, 0x20, 0x58, 0x54, 0x52,
    0x41, 0x20, 0x3d, 0x20, 0x5b, 0x0a, 0x20, 0x5b, 0x22, 0x60, 0x22, 0x2c, 0x22, 0x26, 0x6b, 0x70,
    0x20, 0x47, 0x52, 0x41, 0x56, 0x45, 0x22, 0x5d, 0x2c, 0x5b, 0x22, 0x7e, 0x22, 0x2c, 0x22, 0x26,
    0x6b, 0x70, 0x20, 0x54, 0x49, 0x4c, 0x44, 0x45, 0x22, 0x5d, 0x2c, 0x5b, 0x22, 0x21, 0x22, 0x2c,
    0x22, 0x26, 0x6b, 0x70, 0x20, 0x45, 0x58, 0x43, 0x4c, 0x22, 0x5d, 0x2c, 0x5b, 0x22, 0x40, 0x22,
    0x2c, 0x22, 0x26, 0x6b, 0x70, 0x20, 0x41, 0x54, 0x22, 0x5d, 0x2c, 0x5b, 0x22, 0x23, 0x22, 0x2c,
    0x22, 0x26, 0x6b, 0x70, 0x20, 0x48, 0x41, 0x53, 0x48, 0x22, 0x5d, 0x2c, 0x0a, 0x20, 0x5b, 0x22,
    0x31, 0x22, 0x2c, 0x22, 0x26, 0x6b, 0x70, 0x20, 0x4e, 0x31, 0x22, 0x5d, 0x2c, 0x5b, 0x22, 0x32,
    0x22, 0x2c, 0x22, 0x26, 0x6b, 0x70, 0x20, 0x4e, 0x32, 0x22, 0x5d, 0x2c, 0x5b, 0x22, 0x33, 0x22,
    0x2c, 0x22, 0x26, 0x6b, 0x70, 0x20, 0x4e, 0x33, 0x22, 0x5d, 0x2c, 0x5b, 0x22, 0x30, 0x22, 0x2c,
    0x22, 0x26, 0x6b, 0x70, 0x20, 0x4e, 0x30, 0x22, 0x5d, 0x2c, 0x5b, 0x22, 0x2b, 0x22, 0x2c, 0x22,
    0x26, 0x6b, 0x70, 0x20, 0x50, 0x4c, 0x55, 0x53, 0x22, 0x5d, 0x2c, 0x0a, 0x20, 0x74, 0x2c, 0x5b,
    0x22, 0x24, 0x22, 0x2c, 0x22, 0x26, 0x6b, 0x70, 0x20, 0x44, 0x4c, 0x4c, 0x52, 0x22, 0x5d, 0x2c,
    0x5b, 0x22, 0x25, 0x22, 0x2c, 0x22, 0x26, 0x6b, 0x70, 0x20, 0x50, 0x52, 0x43, 0x4e, 0x54, 0x22,
    0x5d, 0x2c, 0x5b, 0x22, 0x5e, 0x22, 0x2c, 0x22, 0x26, 0x6b, 0x70, 0x20, 0x43, 0x41, 0x52, 0x45,
    0x54, 0x22, 0x5d, 0x2c, 0x5b, 0x22, 0x26, 0x22, 0x2c, 0x22, 0x26, 0x6b, 0x70, 0x20, 0x41, 0x4d,
    0x50, 0x53, 0x22, 0x5d, 0x2c, 0x5b, 0x22, 0x5f, 0x22, 0x2c, 0x22, 0x26, 0x6b, 0x70, 0x20, 0x55,
    0x4e, 0x44, 0x45, 0x52, 0x22, 0x5d, 0x2c, 0x0a, 0x20, 0x5b, 0x22, 0x34, 0x22, 0x2c, 0x22, 0x26,
    0x6b, 0x70, 0x20, 0x4e, 0x34, 0x22, 0x5d, 0x2c, 0x5b, 0x22, 0x35, 0x22, 0x2c, 0x22, 0x26, 0x6b,
    0x70, 0x20, 0x4e, 0x35, 0x22, 0x5d, 0x2c, 0x5b, 0x22, 0x36, 0x22, 0x2c, 0x22, 0x26, 0x6b, 0x70,
    0x20, 0x4e, 0x36, 0x22, 0x5d, 0x2c, 0x5b, 0x22, 0x2d, 0x22, 0x2c, 0x22, 0x26, 0x6b, 0x70, 0x20,
    0x4d, 0x49, 0x4e, 0x55, 0x53, 0x22, 0x5d, 0x2c, 0x5b, 0x22, 0x2a, 0x22, 0x2c, 0x22, 0x26, 0x6b,
    0x70, 0x20, 0x41, 0x53, 0x54, 0x52, 0x4b, 0x22, 0x5d, 0x2c, 0x74, 0x2c, 0x0a, 0x20, 0x74, 0x2c,
    0x5b, 0x22, 0x28, 0x22, 0x2c, 0x22, 0x26, 0x6b, 0x70, 0x20, 0x4c, 0x50, 0x41, 0x52, 0x22, 0x5d,
    0x2c, 0x5b, 0x22, 0x29, 0x22, 0x2c, 0x22, 0x26, 0x6b, 0x70, 0x20, 0x52, 0x50, 0x41, 0x52, 0x22,
    0x5d, 0x2c, 0x74, 0x2c, 0x74, 0x2c, 0x74, 0x2c, 0x0a, 0x20, 0x74, 0x2c, 0x74, 0x2c, 0x0a, 0x20,
    0x5b, 0x22, 0x37, 0x22, 0x2c, 0x22, 0x26, 0x6b, 0x70, 0x20, 0x4e, 0x37, 0x22, 0x5d, 0x2c, 0x5b,
    0x22, 0x38, 0x22, 0x2c, 0x22, 0x26, 0x6b, 0x70, 0x20, 0x4e, 0x38, 0x22, 0x5d, 0x2c, 0x5b, 0x22,
    0x39, 0x22, 0x2c, 0x22, 0x26, 0x6b, 0x70, 0x20, 0x4e, 0x39, 0x22, 0x5d, 0x2c, 0x5b, 0x22, 0x2f,
    0x22, 0x2c, 0x22, 0x26, 0x6b, 0x70, 0x20, 0x46, 0x53, 0x4c, 0x48, 0x22, 0x5d, 0x2c, 0x5b, 0x22,
    0x3d, 0x22, 0x2c, 0x22, 0x26, 0x6b, 0x70, 0x20, 0x45, 0x51, 0x55, 0x41, 0x4c, 0x22, 0x5d, 0x2c,
    0x74, 0x2c, 0x0a, 0x20, 0x74, 0x2c, 0x74, 0x2c, 0x74, 0x2c, 0x5b, 0x22, 0x53, 0x75, 0x70, 0x65,
    0x72, 0x22, 0x2c, 0x22, 0x26, 0x6b, 0x70, 0x20, 0x4c, 0x47, 0x55, 0x49, 0x22, 0x5d, 0x2c, 0x74,
    0x2c, 0x5b, 0x22, 0x46, 0x4e, 0x22, 0x2c, 0x22, 0x26, 0x6d, 0x6f, 0x20, 0x46, 0x4e, 0x22, 0x2c,
    0x22, 0x6d, 0x6f, 0x22, 0x5d, 0x2c, 0x74, 0x2c, 0x74, 0x0a, 0x5d, 0x3b, 0x0a, 0x0a, 0x76, 0x61,
    0x72, 0x20, 0x46, 0x4e, 0x20, 0x3d, 0x20, 0x5b, 0x0a, 0x20, 0x5b, 0x22, 0x46, 0x32, 0x22, 0x2c,
    0x22, 0x26, 0x6b, 0x70, 0x20, 0x46, 0x32, 0x22, 0x5d, 0x2c, 0x5b, 0x22, 0x46, 0x33, 0x22, 0x2c,
    0x22, 0x26, 0x6b, 0x70, 0x20, 0x46, 0x33, 0x22, 0x5d, 0x2c, 0x5b, 0x22, 0x46, 0x34, 0x22, 0x2c,
    0x22, 0x26, 0x6b, 0x70, 0x20, 0x46, 0x34, 0x22, 0x5d, 0x2c, 0x5b, 0x22, 0x46, 0x35, 0x22, 0x2c,
    0x22, 0x26, 0x6b, 0x70, 0x20, 0x46, 0x35, 0x22, 0x5d, 0x2c, 0x5b, 0x22, 0x46, 0x36, 0x22, 0x2c,
    0x22, 0x26, 0x6b, 0x70, 0x20, 0x46, 0x36, 0x22, 0x5d, 0x2c, 0x5b, 0x22, 0x46, 0x37, 0x22, 0x2c,
    0x22, 0x26, 0x6b, 0x70, 0x20, 0x46, 0x37, 0x22, 0x5d, 0x2c, 0x5b, 0x22, 0x46, 0x38, 0x22, 0x2c,
    0x22, 0x26, 0x6b, 0x70, 0x20, 0x46, 0x38, 0x22, 0x5d, 0x2c, 0x5b, 0x22, 0x46, 0x39, 0x22, 0x2c,
    0x22, 0x26, 0x6b, 0x70, 0x20, 0x46, 0x39, 0x22, 0x5d, 0x2c, 0x5b, 0x22, 0x46, 0x31, 0x30, 0x22,
    0x2c, 0x22, 0x26, 0x6b, 0x70, 0x20, 0x46, 0x31, 0x30, 0x22, 0x5d, 0x2c, 0x5b, 0x22, 0x46, 0x31,
    0x31, 0x22, 0x2c, 0x22, 0x26, 0x6b, 0x70, 0x20, 0x46, 0x31, 0x31, 0x22, 0x5d, 0x2c, 0x0a, 0x20,
    0x5b, 0x22, 0x46, 0x31, 0x22, 0x2c, 0x22, 0x26, 0x6b, 0x70, 0x20, 0x46, 0x31, 0x22, 0x5d, 0x2c,
    0x5b, 0x22, 0x5c, 0x75, 0x32, 0x30, 0x31, 0x34, 0x22, 0x2c, 0x22, 0x26, 0x6e, 0x6f, 0x6e, 0x65,
    0x22, 0x5d, 0x2c, 0x5b, 0x22, 0x5c, 0x75, 0x32, 0x30, 0x31, 0x34, 0x22, 0x2c, 0x22, 0x26, 0x6e,
    0x6f, 0x6e, 0x65, 0x22, 0x5d, 0x2c, 0x5b, 0x22, 0x5c, 0x75, 0x32, 0x30, 0x31, 0x34, 0x22, 0x2c,
    0x22, 0x26, 0x6e, 0x6f, 0x6e, 0x65, 0x22, 0x5d, 0x2c, 0x5b, 0x22, 0x5c, 0x75, 0x32, 0x30, 0x31,
    0x34, 0x22, 0x2c, 0x22, 0x26, 0x6e, 0x6f, 0x6e, 0x65, 0x22, 0x5d, 0x2c, 0x5b, 0x22, 0x5c, 0x75,
    0x32, 0x30, 0x31, 0x34, 0x22, 0x2c, 0x22, 0x26, 0x6e, 0x6f, 0x6e, 0x65, 0x22, 0x5d, 0x2c, 0x5b,
    0x22, 0x5c, 0x75, 0x32, 0x30, 0x31, 0x34, 0x22, 0x2c, 0x22, 0x26, 0x6e, 0x6f, 0x6e, 0x65, 0x22,
    0x5d, 0x2c, 0x5b, 0x22, 0x5c, 0x75, 0x32, 0x30, 0x31, 0x34, 0x22, 0x2c, 0x22, 0x26, 0x6e, 0x6f,
    0x6e, 0x65, 0x22, 0x5d, 0x2c, 0x5b, 0x22, 0x5c, 0x75, 0x32, 0x30, 0x31, 0x34, 0x22, 0x2c, 0x22,
    0x26, 0x6e, 0x6f, 0x6e, 0x65, 0x22, 0x5d, 0x2c, 0x5b, 0x22, 0x5c, 0x75, 0x32, 0x30, 0x31, 0x34,
    0x22, 0x2c, 0x22, 0x26, 0x6e, 0x6f, 0x6e, 0x65, 0x22, 0x5d, 0x2c, 0x5b, 0x22, 0x5c, 0x75, 0x32,
    0x30, 0x31, 0x34, 0x22, 0x2c, 0x22, 0x26, 0x6e, 0x6f, 0x6e, 0x65, 0x22, 0x5d, 0x2c, 0x5b, 0x22,
    0x46, 0x31, 0x32, 0x22, 0x2c, 0x22, 0x26, 0x6b, 0x70, 0x20, 0x46, 0x31, 0x32, 0x22, 0x5d, 0x2c,
    0x0a, 0x20, 0x5b, 0x22, 0x53, 0x59, 0x53, 0x22, 0x2c, 0x22, 0x26, 0x6d, 0x6f, 0x20, 0x53, 0x59,
    0x53, 0x22, 0x2c, 0x22, 0x6d, 0x6f, 0x22, 0x5d, 0x2c, 0x5b, 0x22, 0x5c, 0x75, 0x32, 0x30, 0x31,
    0x34, 0x22, 0x2c, 0x22, 0x26, 0x6e, 0x6f, 0x6e, 0x65, 0x22, 0x5d, 0x2c, 0x5b, 0x22, 0x5c, 0x75,
    0x32, 0x30, 0x31, 0x34, 0x22, 0x2c, 0x22, 0x26, 0x6e, 0x6f, 0x6e, 0x65, 0x22, 0x5d, 0x2c, 0x5b,
    0x22, 0x5c, 0x75, 0x32, 0x30, 0x31, 0x34, 0x22, 0x2c, 0x22, 0x26, 0x6e, 0x6f, 0x6e, 0x65, 0x22,
    0x5d, 0x2c, 0x5b, 0x22, 0x5c, 0x75, 0x32, 0x30, 0x31, 0x34, 0x22, 0x2c, 0x22, 0x26, 0x6e, 0x6f,
    0x6e, 0x65, 0x22, 0x5d, 0x2c, 0x5b, 0x22, 0x5c, 0x75, 0x32, 0x30, 0x31, 0x34, 0x22, 0x2c, 0x22,
    0x26, 0x6e, 0x6f, 0x6e, 0x65, 0x22, 0x5d, 0x2c, 0x5b, 0x22, 0x5c, 0x75, 0x32, 0x30, 0x31, 0x34,
    0x22, 0x2c, 0x22, 0x26, 0x6e, 0x6f, 0x6e, 0x65, 0x22, 0x5d, 0x2c, 0x5b, 0x22, 0x5c, 0x75, 0x32,
    0x30, 0x31, 0x34, 0x22, 0x2c, 0x22, 0x26, 0x6e, 0x6f, 0x6e, 0x65, 0x22, 0x5d, 0x2c, 0x5b, 0x22,
    0x5c, 0x75, 0x32, 0x30, 0x31, 0x34, 0x22, 0x2c, 0x22, 0x26, 0x6e, 0x6f, 0x6e, 0x65, 0x22, 0x5d,
    0x2c, 0x5b, 0x22, 0x5c, 0x75, 0x32, 0x30, 0x31, 0x34, 0x22, 0x2c, 0x22, 0x26, 0x6e, 0x6f, 0x6e,
    0x65, 0x22, 0x5d, 0x2c, 0x5b, 0x22, 0x5c, 0x75, 0x32, 0x30, 0x31, 0x34, 0x22, 0x2c, 0x22, 0x26,
    0x6e, 0x6f, 0x6e, 0x65, 0x22, 0x5d, 0x2c, 0x5b, 0x22, 0x5c, 0x75, 0x32, 0x30, 0x31, 0x34, 0x22,
    0x2c, 0x22, 0x26, 0x6e, 0x6f, 0x6e, 0x65, 0x22, 0x5d, 0x2c, 0x5b, 0x22, 0x5c, 0x75, 0x32, 0x30,
    0x31, 0x34, 0x22, 0x2c, 0x22, 0x26, 0x6e, 0x6f, 0x6e, 0x65, 0x22, 0x5d, 0x2c, 0x5b, 0x22, 0x5c,
    0x75, 0x32, 0x30, 0x31, 0x34, 0x22, 0x2c, 0x22, 0x26, 0x6e, 0x6f, 0x6e, 0x65, 0x22, 0x5d, 0x2c,
    0x0a, 0x20, 0x74, 0x2c, 0x74, 0x2c, 0x74, 0x2c, 0x74, 0x2c, 0x5b, 0x22, 0x5c, 0x75, 0x32, 0x30,
    0x31, 0x34, 0x22, 0x2c, 0x22, 0x26, 0x6e, 0x6f, 0x6e, 0x65, 0x22, 0x5d, 0x2c, 0x74, 0x2c, 0x5b,
    0x22, 0x5c, 0x75, 0x32, 0x30, 0x31, 0x34, 0x22, 0x2c, 0x22, 0x26, 0x6e, 0x6f, 0x6e, 0x65, 0x22,
    0x5d, 0x2c, 0x5b, 0x22, 0x5c, 0x75, 0x32, 0x30, 0x31, 0x34, 0x22, 0x2c, 0x22, 0x26, 0x6e, 0x6f,
    0x6e, 0x65, 0x22, 0x5d, 0x0a, 0x5d, 0x3b, 0x0a, 0x0a, 0x76, 0x61, 0x72, 0x20, 0x53, 0x59, 0x53,
    0x20, 0x3d, 0x20, 0x5b, 0x0a, 0x20, 0x5b, 0x22, 0x42, 0x54, 0x20, 0x30, 0x22, 0x2c, 0x22, 0x26,
    0x62, 0x74, 0x20, 0x42, 0x54, 0x5f, 0x53, 0x45, 0x4c, 0x20, 0x30, 0x22, 0x5d, 0x2c, 0x5b, 0x22,
    0x42, 0x54, 0x20, 0x31, 0x22, 0x2c, 0x22, 0x26, 0x62, 0x74, 0x20, 0x42, 0x54, 0x5f, 0x53, 0x45,
    0x4c, 0x20, 0x31, 0x22, 0x5d, 0x2c, 0x5b, 0x22, 0x42, 0x54, 0x20, 0x32, 0x22, 0x2c, 0x22, 0x26,
    0x62, 0x74, 0x20, 0x42, 0x54, 0x5f, 0x53, 0x45, 0x4c, 0x20, 0x32, 0x22, 0x5d, 0x2c, 0x5b, 0x22,
    0x42, 0x54, 0x20, 0x33, 0x22, 0x2c, 0x22, 0x26, 0x62, 0x74, 0x20, 0x42, 0x54, 0x5f, 0x53, 0x45,
    0x4c, 0x20, 0x33, 0x22, 0x5d, 0x2c, 0x5b, 0x22, 0x42, 0x54, 0x20, 0x34, 0x22, 0x2c, 0x22, 0x26,
    0x62, 0x74, 0x20, 0x42, 0x54, 0x5f, 0x53, 0x45, 0x4c, 0x20, 0x34, 0x22, 0x5d, 0x2c, 0x5b, 0x22,
    0x52, 0x47, 0x42, 0x22, 0x2c, 0x22, 0x26, 0x72, 0x67, 0x62, 0x20, 0x4b, 0x4c, 0x4f, 0x52, 0x5f,
    0x52, 0x47, 0x42, 0x5f, 0x54, 0x4f, 0x47, 0x22, 0x5d, 0x2c, 0x5b, 0x22, 0x5c, 0x75, 0x32, 0x30,
    0x31, 0x34, 0x22, 0x2c, 0x22, 0x26, 0x6e, 0x6f, 0x6e, 0x65, 0x22, 0x5d, 0x2c, 0x5b, 0x22, 0x5c,
    0x75, 0x32, 0x30, 0x31, 0x34, 0x22, 0x2c, 0x22, 0x26, 0x6e, 0x6f, 0x6e, 0x65, 0x22, 0x5d, 0x2c,
    0x5b, 0x22, 0x5c, 0x75, 0x32, 0x30, 0x31, 0x34, 0x22, 0x2c, 0x22, 0x26, 0x6e, 0x6f, 0x6e, 0x65,
    0x22, 0x5d, 0x2c, 0x5b, 0x22, 0x5c, 0x75, 0x32, 0x30, 0x31, 0x34, 0x22, 0x2c, 0x22, 0x26, 0x6e,
    0x6f, 0x6e, 0x65, 0x22, 0x5d, 0x2c, 0x0a, 0x20, 0x74, 0x2c, 0x5b, 0x22, 0x42, 0x54, 0x20, 0x43,
    0x6c, 0x72, 0x22, 0x2c, 0x22, 0x26, 0x62, 0x74, 0x20, 0x42, 0x54, 0x5f, 0x43, 0x4c, 0x52, 0x22,
    0x5d, 0x2c, 0x5b, 0x22, 0x42, 0x54, 0x20, 0x50, 0x72, 0x65, 0x76, 0x22, 0x2c, 0x22, 0x26, 0x62,
    0x74, 0x20, 0x42, 0x54, 0x5f, 0x50, 0x52, 0x56, 0x22, 0x5d, 0x2c, 0x5b, 0x22, 0x42, 0x54, 0x20,
    0x4e, 0x65, 0x78, 0x74, 0x22, 0x2c, 0x22, 0x26, 0x62, 0x74, 0x20, 0x42, 0x54, 0x5f, 0x4e, 0x58,
    0x54, 0x22, 0x5d, 0x2c, 0x5b, 0x22, 0x42, 0x54, 0x20, 0x43, 0x6c, 0x72, 0x20, 0x41, 0x6c, 0x6c,
    0x22, 0x2c, 0x22, 0x26, 0x62, 0x74, 0x20, 0x42, 0x54, 0x5f, 0x43, 0x4c, 0x52, 0x5f, 0x41, 0x4c,
    0x4c, 0x22, 0x2c, 0x22, 0x64, 0x61, 0x6e, 0x67, 0x65, 0x72, 0x22, 0x5d, 0x2c, 0x74, 0x2c, 0x5b,
    0x22, 0x5c, 0x75, 0x32, 0x30, 0x31, 0x34, 0x22, 0x2c, 0x22, 0x26, 0x6e, 0x6f, 0x6e, 0x65, 0x22,
    0x5d, 0x2c, 0x5b, 0x22, 0x5c, 0x75, 0x32, 0x30, 0x31, 0x34, 0x22, 0x2c, 0x22, 0x26, 0x6e, 0x6f,
    0x6e, 0x65, 0x22, 0x5d, 0x2c, 0x5b, 0x22, 0x5c, 0x75, 0x32, 0x30, 0x31, 0x34, 0x22, 0x2c, 0x22,
    0x26, 0x6e, 0x6f, 0x6e, 0x65, 0x22, 0x5d, 0x2c, 0x5b, 0x22, 0x5c, 0x75, 0x32, 0x30, 0x31, 0x34,
    0x22, 0x2c, 0x22, 0x26, 0x6e, 0x6f, 0x6e, 0x65, 0x22, 0x5d, 0x2c, 0x5b, 0x22, 0x5c, 0x75, 0x32,
    0x30, 0x31, 0x34, 0x22, 0x2c, 0x22, 0x26, 0x6e, 0x6f, 0x6e, 0x65, 0x22, 0x5d, 0x2c, 0x74, 0x2c,
    0x0a, 0x20, 0x74, 0x2c, 0x5b, 0x22, 0x55, 0x53, 0x42, 0x22, 0x2c, 0x22, 0x26, 0x6f, 0x75, 0x74,
    0x20, 0x4f, 0x55, 0x54, 0x5f, 0x55, 0x53, 0x42, 0x22, 0x5d, 0x2c, 0x5b, 0x22, 0x42, 0x4c, 0x45,
    0x22, 0x2c, 0x22, 0x26, 0x6f, 0x75, 0x74, 0x20, 0x4f, 0x55, 0x54, 0x5f, 0x42, 0x4c, 0x45, 0x22,
    0x5d, 0x2c, 0x5b, 0x22, 0x4f, 0x75, 0x74, 0x20, 0x54, 0x6f, 0x67, 0x22, 0x2c, 0x22, 0x26, 0x6f,
    0x75, 0x74, 0x20, 0x4f, 0x55, 0x54, 0x5f, 0x54, 0x4f, 0x47, 0x22, 0x5d, 0x2c, 0x5b, 0x22, 0x52,
    0x65, 0x73, 0x65, 0x74, 0x22, 0x2c, 0x22, 0x26, 0x73, 0x79, 0x73, 0x5f, 0x72, 0x65, 0x73, 0x65,
    0x74, 0x22, 0x2c, 0x22, 0x64, 0x61, 0x6e, 0x67, 0x65, 0x72, 0x22, 0x5d, 0x2c, 0x5b, 0x22, 0x42,
    0x6f, 0x6f, 0x74, 0x6c, 0x64, 0x72, 0x22, 0x2c, 0x22, 0x26, 0x62, 0x6f, 0x6f, 0x74, 0x6c, 0x6f,
    0x61, 0x64, 0x65, 0x72, 0x22, 0x2c, 0x22, 0x64, 0x61, 0x6e, 0x67, 0x65, 0x72, 0x22, 0x5d, 0x2c,
    0x74, 0x2c, 0x74, 0x2c, 0x5b, 0x22, 0x42, 0x6f, 0x6f, 0x74, 0x6c, 0x64, 0x72, 0x22, 0x2c, 0x22,
    0x26, 0x62, 0x6f, 0x6f, 0x74, 0x6c, 0x6f, 0x61, 0x64, 0x65, 0x72, 0x22, 0x2c, 0x22, 0x64, 0x61,
    0x6e, 0x67, 0x65, 0x72, 0x22, 0x5d, 0x2c, 0x5b, 0x22, 0x52, 0x65, 0x73, 0x65, 0x74, 0x22, 0x2c,
    0x22, 0x26, 0x73, 0x79, 0x73, 0x5f, 0x72, 0x65, 0x73, 0x65, 0x74, 0x22, 0x2c, 0x22, 0x64, 0x61,
    0x6e, 0x67, 0x65, 0x72, 0x22, 0x5d, 0x2c, 0x5b, 0x22, 0x45, 0x78, 0x74, 0x20, 0x50, 0x77, 0x72,
    0x22, 0x2c, 0x22, 0x26, 0x65, 0x78, 0x74, 0x5f, 0x70, 0x6f, 0x77, 0x65, 0x72, 0x20, 0x45, 0x50,
    0x5f, 0x54, 0x4f, 0x47, 0x22, 0x5d, 0x2c, 0x5b, 0x22, 0x5c, 0x75, 0x32, 0x30, 0x31, 0x34, 0x22,
    0x2c, 0x22, 0x26, 0x6e, 0x6f, 0x6e, 0x65, 0x22, 0x5d, 0x2c, 0x5b, 0x22, 0x5c, 0x75, 0x32, 0x30,
    0x31, 0x34, 0x22, 0x2c, 0x22, 0x26, 0x6e, 0x6f, 0x6e, 0x65, 0x22, 0x5d, 0x2c, 0x74, 0x2c, 0x0a,
    0x20, 0x74, 0x2c, 0x74, 0x2c, 0x74, 0x2c, 0x74, 0x2c, 0x74, 0x2c, 0x74, 0x2c, 0x74, 0x2c, 0x74,
    0x0a, 0x5d, 0x3b, 0x0a, 0x0a, 0x76, 0x61, 0x72, 0x20, 0x56, 0x4f, 0x4c, 0x20, 0x3d, 0x20, 0x5b,
    0x22, 0x56, 0x6f, 0x6c, 0x75, 0x6d, 0x65, 0x20, 0x75, 0x70, 0x20, 0x2f, 0x20, 0x64, 0x6f, 0x77,
    0x6e, 0x22, 0x2c, 0x22, 0x26, 0x69, 0x6e, 0x63, 0x5f, 0x64, 0x65, 0x63, 0x5f, 0x6b, 0x70, 0x20,
    0x43, 0x5f, 0x56, 0x4f, 0x4c, 0x5f, 0x55, 0x50, 0x20, 0x43, 0x5f, 0x56, 0x4f, 0x4c, 0x5f, 0x44,
    0x4e, 0x22, 0x5d, 0x3b, 0x0a, 0x76, 0x61, 0x72, 0x20, 0x42, 0x52, 0x49, 0x20, 0x3d, 0x20, 0x5b,
    0x22, 0x42, 0x72, 0x69, 0x67, 0x68, 0x74, 0x6e, 0x65, 0x73, 0x73, 0x20, 0x75, 0x70, 0x20, 0x2f,
    0x20, 0x64, 0x6f, 0x77, 0x6e, 0x22, 0x2c, 0x22, 0x26, 0x69, 0x6e, 0x63, 0x5f, 0x64, 0x65, 0x63,
    0x5f, 0x6b, 0x70, 0x20, 0x43, 0x5f, 0x42, 0x52, 0x49, 0x5f, 0x55, 0x50, 0x20, 0x43, 0x5f, 0x42,
    0x52, 0x49, 0x5f, 0x44, 0x4e, 0x22, 0x5d, 0x3b, 0x0a, 0x76, 0x61, 0x72, 0x20, 0x50, 0x41, 0x47,
    0x45, 0x20, 0x3d, 0x20, 0x5b, 0x22, 0x50, 0x61, 0x67, 0x65, 0x20, 0x75, 0x70, 0x20, 0x2f, 0x20,
    0x64, 0x6f, 0x77, 0x6e, 0x22, 0x2c, 0x22, 0x26, 0x69, 0x6e, 0x63, 0x5f, 0x64, 0x65, 0x63, 0x5f,
    0x6b, 0x70, 0x20, 0x50, 0x47, 0x5f, 0x55, 0x50, 0x20, 0x50, 0x47, 0x5f, 0x44, 0x4e, 0x22, 0x5d,
    0x3b, 0x0a, 0x0a, 0x76, 0x61, 0x72, 0x20, 0x4c, 0x41, 0x59, 0x45, 0x52, 0x53, 0x20, 0x3d, 0x20,
    0x7b, 0x0a, 0x20, 0x20, 0x62, 0x61, 0x73, 0x65, 0x3a, 0x7b, 0x0a, 0x20, 0x20, 0x20, 0x20, 0x6b,
    0x65, 0x79, 0x3a, 0x22, 0x62, 0x61, 0x73, 0x65, 0x22, 0x2c, 0x20, 0x6e, 0x61, 0x6d, 0x65, 0x3a,
    0x22, 0x42, 0x41, 0x53, 0x45, 0x22, 0x2c, 0x20, 0x73, 0x75, 0x62, 0x3a, 0x22, 0x51, 0x57, 0x45,
    0x52, 0x54, 0x59, 0x22, 0x2c, 0x20, 0x72, 0x65, 0x61, 0x63, 0x68, 0x3a, 0x22, 0x64, 0x65, 0x66,
    0x61, 0x75, 0x6c, 0x74, 0x20, 0x6c, 0x61, 0x79, 0x65, 0x72, 0x22, 0x2c, 0x20, 0x68, 0x65, 0x6c,
    0x64, 0x3a, 0x5b, 0x5d, 0x2c, 0x0a, 0x20, 0x20, 0x20, 0x20, 0x62, 0x6f, 0x64, 0x79, 0x3a, 0x22,
    0x45, 0x73, 0x63, 0x61, 0x70, 0x65, 0x20, 0x6f, 0x6e, 0x20, 0x31, 0x30, 0x2c, 0x20, 0x45, 0x6e,
    0x74, 0x65, 0x72, 0x20, 0x6f, 0x6e, 0x20, 0x33, 0x35, 0x2c, 0x20, 0x61, 0x6e, 0x64, 0x20, 0x74,
    0x68, 0x65, 0x20, 0x62, 0x72, 0x61, 0x63, 0x6b, 0x65, 0x74, 0x20, 0x63, 0x6c, 0x75, 0x73, 0x74,
    0x65, 0x72, 0x20, 0x66, 0x69, 0x6c, 0x6c, 0x69, 0x6e, 0x67, 0x20, 0x74, 0x68, 0x65, 0x20, 0x72,
    0x69, 0x67, 0x68, 0x74, 0x20, 0x68, 0x61, 0x6e, 0x64, 0x5c, 0x75, 0x32, 0x30, 0x31, 0x39, 0x73,
    0x20, 0x62, 0x6f, 0x74, 0x74, 0x6f, 0x6d, 0x20, 0x72, 0x6f, 0x77, 0x2e, 0x20, 0x54, 0x68, 0x65,
    0x20, 0x72, 0x69, 0x67, 0x68, 0x74, 0x20, 0x74, 0x68, 0x75, 0x6d, 0x62, 0x73, 0x20, 0x63, 0x61,
    0x72, 0x72, 0x79, 0x20, 0x74, 0x68, 0x65, 0x20, 0x70, 0x75, 0x6e, 0x63, 0x74, 0x75, 0x61, 0x74,
    0x69, 0x6f, 0x6e, 0x20, 0x72, 0x75, 0x6e, 0x20, 0x3c, 0x73, 0x74, 0x72, 0x6f, 0x6e, 0x67, 0x3e,
    0x2c, 0x20, 0x2e, 0x20, 0x2f, 0x20, 0x5c, 0x27, 0x3c, 0x2f, 0x73, 0x74, 0x72, 0x6f, 0x6e, 0x67,
    0x3e, 0x2c, 0x20, 0x61, 0x6e, 0x64, 0x20, 0x65, 0x76, 0x65, 0x72, 0x79, 0x20, 0x73, 0x68, 0x69,
    0x66, 0x74, 0x65, 0x64, 0x20, 0x67, 0x6c, 0x79, 0x70, 0x68, 0x20, 0x63, 0x6f, 0x6d, 0x65, 0x73,
    0x20, 0x66, 0x72, 0x65, 0x65, 0x20, 0x66, 0x72, 0x6f, 0x6d, 0x20, 0x74, 0x68, 0x65, 0x20, 0x68,
    0x6f, 0x73, 0x74, 0x20, 0x5c, 0x75, 0x32, 0x30, 0x31, 0x34, 0x20, 0x6e, 0x6f, 0x20, 0x6d, 0x6f,
    0x64, 0x2d, 0x6d, 0x6f, 0x72, 0x70, 0x68, 0x20, 0x62, 0x65, 0x68, 0x61, 0x76, 0x69, 0x6f, 0x72,
    0x73, 0x20, 0x6e, 0x65, 0x65, 0x64, 0x65, 0x64, 0x2e, 0x20, 0x4f, 0x6e, 0x65, 0x20, 0x53, 0x68,
    0x69, 0x66, 0x74, 0x2c, 0x20, 0x61, 0x74, 0x20, 0x32, 0x32, 0x2e, 0x20, 0x53, 0x75, 0x70, 0x65,
    0x72, 0x20, 0x69, 0x73, 0x20, 0x3c, 0x73, 0x74, 0x72, 0x6f, 0x6e, 0x67, 0x3e, 0x70, 0x6f, 0x73,
    0x69, 0x74, 0x69, 0x6f, 0x6e, 0x20, 0x33, 0x39, 0x20, 0x68, 0x65, 0x6c, 0x64, 0x3c, 0x2f, 0x73,
    0x74, 0x72, 0x6f, 0x6e, 0x67, 0x3e, 0x20, 0x5c, 0x75, 0x32, 0x30, 0x31, 0x34, 0x20, 0x61, 0x20,
    0x68, 0x6f, 0x6c, 0x64, 0x2d, 0x74, 0x61, 0x70, 0x20, 0x74, 0x68, 0x61, 0x74, 0x20, 0x74, 0x61,
    0x70, 0x73, 0x20, 0x53, 0x70, 0x61, 0x63, 0x65, 0x20, 0x61, 0x6e, 0x64, 0x20, 0x68, 0x6f, 0x6c,
    0x64, 0x73, 0x20, 0x53, 0x75, 0x70, 0x65, 0x72, 0x2c, 0x20, 0x73, 0x6f, 0x20, 0x74, 0x68, 0x65,
    0x20, 0x61, 0x6c, 0x70, 0x68, 0x61, 0x73, 0x20, 0x73, 0x74, 0x61, 0x79, 0x20, 0x6c, 0x69, 0x76,
    0x65, 0x20, 0x75, 0x6e, 0x64, 0x65, 0x72, 0x6e, 0x65, 0x61, 0x74, 0x68, 0x20, 0x61, 0x6e, 0x64,
    0x20, 0x3c, 0x73, 0x74, 0x72, 0x6f, 0x6e, 0x67, 0x3e, 0x53, 0x75, 0x70, 0x65, 0x72, 0x2b, 0x54,
    0x3c, 0x2f, 0x73, 0x74, 0x72, 0x6f, 0x6e, 0x67, 0x3e, 0x20, 0x77, 0x6f, 0x72, 0x6b, 0x73, 0x2e,
    0x22, 0x2c, 0x0a, 0x20, 0x20, 0x20, 0x20, 0x65, 0x6e, 0x63, 0x3a, 0x5b, 0x56, 0x4f, 0x4c, 0x2c,
    0x20, 0x50, 0x41, 0x47, 0x45, 0x5d, 0x2c, 0x0a, 0x20, 0x20, 0x20, 0x20, 0x6b, 0x76, 0x3a, 0x5b,
    0x5b, 0x22, 0x45, 0x73, 0x63, 0x61, 0x70, 0x65, 0x22, 0x2c, 0x22, 0x50, 0x6f, 0x73, 0x69, 0x74,
    0x69, 0x6f, 0x6e, 0x20, 0x31, 0x30, 0x20, 0x5c, 0x75, 0x32, 0x30, 0x31, 0x34, 0x20, 0x64, 0x65,
    0x64, 0x69, 0x63, 0x61, 0x74, 0x65, 0x64, 0x20, 0x6b, 0x65, 0x79, 0x2c, 0x20, 0x6c, 0x65, 0x66,
    0x74, 0x20, 0x6f, 0x75, 0x74, 0x65, 0x72, 0x20, 0x63, 0x6f, 0x6c, 0x75, 0x6d, 0x6e, 0x22, 0x5d,
    0x2c, 0x0a, 0x20, 0x20, 0x20, 0x20, 0x20, 0x20, 0x20, 0x20, 0x5b, 0x22, 0x54, 0x61, 0x62, 0x22,
    0x2c, 0x22, 0x51, 0x20, 0x2b, 0x20, 0x57, 0x20, 0x63, 0x6f, 0x6d, 0x62, 0x6f, 0x2c, 0x20, 0x35,
    0x30, 0x20, 0x6d, 0x73, 0x20, 0x77, 0x69, 0x6e, 0x64, 0x6f, 0x77, 0x20, 0x5c, 0x75, 0x32, 0x30,
    0x31, 0x34, 0x20, 0x74, 0x68, 0x65, 0x20, 0x6f, 0x6e, 0x6c, 0x79, 0x20, 0x63, 0x6f, 0x6d, 0x62,
    0x6f, 0x22, 0x5d, 0x2c, 0x0a, 0x20, 0x20, 0x20, 0x20, 0x20, 0x20, 0x20, 0x20, 0x5b, 0x22, 0x4c,
    0x65, 0x66, 0x74, 0x20, 0x74, 0x68, 0x75, 0x6d, 0x62, 0x73, 0x22, 0x2c, 0x22, 0x43, 0x74, 0x72,
    0x6c, 0x20, 0x5c, 0x75, 0x30, 0x30, 0x62, 0x37, 0x20, 0x41, 0x6c, 0x74, 0x20, 0x5c, 0x75, 0x30,
    0x30, 0x62, 0x37, 0x20, 0x58, 0x54, 0x52, 0x41, 0x20, 0x5c, 0x75, 0x30, 0x30, 0x62, 0x37, 0x20,
    0x53, 0x70, 0x61, 0x63, 0x65, 0x2f, 0x53, 0x75, 0x70, 0x65, 0x72, 0x22, 0x5d, 0x2c, 0x0a, 0x20,
    0x20, 0x20, 0x20, 0x20, 0x20, 0x20, 0x20, 0x5b, 0x22, 0x52, 0x69, 0x67, 0x68, 0x74, 0x20, 0x74,
    0x68, 0x75, 0x6d, 0x62, 0x73, 0x22, 0x2c, 0x22, 0x2c, 0x20, 0x5c, 0x75, 0x30, 0x30, 0x62, 0x37,
    0x20, 0x2e, 0x20, 0x5c, 0x75, 0x30, 0x30, 0x62, 0x37, 0x20, 0x2f, 0x20, 0x5c, 0x75, 0x30, 0x30,
    0x62, 0x37, 0x20, 0x5c, 0x27, 0x22, 0x5d, 0x2c, 0x0a, 0x20, 0x20, 0x20, 0x20, 0x20, 0x20, 0x20,
    0x20, 0x5b, 0x22, 0x45, 0x6e, 0x63, 0x6f, 0x64, 0x65, 0x72, 0x20, 0x70, 0x75, 0x73, 0x68, 0x65,
    0x73, 0x22, 0x2c, 0x22, 0x32, 0x38, 0x20, 0x4d, 0x75, 0x74, 0x65, 0x20, 0x5c, 0x75, 0x30, 0x30,
    0x62, 0x37, 0x20, 0x32, 0x39, 0x20, 0x50, 0x6c, 0x61, 0x79, 0x2f, 0x50, 0x61, 0x75, 0x73, 0x65,
    0x22, 0x5d, 0x2c, 0x0a, 0x20, 0x20, 0x20, 0x20, 0x20, 0x20, 0x20, 0x20, 0x5b, 0x22, 0x4d, 0x6f,
    0x64, 0x69, 0x66, 0x69, 0x65, 0x72, 0x73, 0x22, 0x2c, 0x22, 0x53, 0x68, 0x69, 0x66, 0x74, 0x20,
    0x32, 0x32, 0x20, 0x5c, 0x75, 0x30, 0x30, 0x62, 0x37, 0x20, 0x43, 0x74, 0x72, 0x6c, 0x20, 0x33,
    0x36, 0x20, 0x5c, 0x75, 0x30, 0x30, 0x62, 0x37, 0x20, 0x41, 0x6c, 0x74, 0x20, 0x33, 0x37, 0x20,
    0x5c, 0x75, 0x30, 0x30, 0x62, 0x37, 0x20, 0x53, 0x75, 0x70, 0x65, 0x72, 0x20, 0x3d, 0x20, 0x68,
    0x6f, 0x6c, 0x64, 0x20, 0x33, 0x39, 0x22, 0x5d, 0x5d, 0x0a, 0x20, 0x20, 0x7d, 0x2c, 0x0a, 0x20,
    0x20, 0x78, 0x74, 0x72, 0x61, 0x3a, 0x7b, 0x0a, 0x20, 0x20, 0x20, 0x20, 0x6b, 0x65, 0x79, 0x3a,
    0x22, 0x78, 0x74, 0x72, 0x61, 0x22, 0x2c, 0x20, 0x6e, 0x61, 0x6d, 0x65, 0x3a, 0x22, 0x58, 0x54,
    0x52, 0x41, 0x22, 0x2c, 0x20, 0x73, 0x75, 0x62, 0x3a, 0x22, 0x74, 0x68, 0x65, 0x20, 0x66, 0x72,
    0x65, 0x71, 0x75, 0x65, 0x6e, 0x74, 0x6c, 0x79, 0x2d, 0x72, 0x65, 0x61, 0x63, 0x68, 0x65, 0x64,
    0x20, 0x6c, 0x61, 0x79, 0x65, 0x72, 0x22, 0x2c, 0x20, 0x72, 0x65, 0x61, 0x63, 0x68, 0x3a, 0x22,
    0x68, 0x6f, 0x6c, 0x64, 0x20, 0x70, 0x6f, 0x73, 0x69, 0x74, 0x69, 0x6f, 0x6e, 0x20, 0x33, 0x38,
    0x20, 0x28, 0x6c, 0x65, 0x66, 0x74, 0x20, 0x69, 0x6e, 0x6e, 0x65, 0x72, 0x20, 0x74, 0x68, 0x75,
    0x6d, 0x62, 0x29, 0x22, 0x2c, 0x20, 0x68, 0x65, 0x6c, 0x64, 0x3a, 0x5b, 0x33, 0x38, 0x5d, 0x2c,
    0x0a, 0x20, 0x20, 0x20, 0x20, 0x62, 0x6f, 0x64, 0x79, 0x3a, 0x22, 0x54, 0x68, 0x65, 0x20, 0x72,
    0x69, 0x67, 0x68, 0x74, 0x20, 0x68, 0x61, 0x6e, 0x64, 0x20, 0x69, 0x73, 0x20, 0x61, 0x20, 0x3c,
    0x73, 0x74, 0x72, 0x6f, 0x6e, 0x67, 0x3e, 0x63, 0x61, 0x6c, 0x63, 0x75, 0x6c, 0x61, 0x74, 0x6f,
    0x72, 0x20, 0x62, 0x6c, 0x6f, 0x63, 0x6b, 0x3c, 0x2f, 0x73, 0x74, 0x72, 0x6f, 0x6e, 0x67, 0x3e,
    0x3a, 0x20, 0x31, 0x5c, 0x75, 0x32, 0x30, 0x31, 0x33, 0x39, 0x20, 0x61, 0x73, 0x20, 0x61, 0x20,
    0x6e, 0x75, 0x6d, 0x70, 0x61, 0x64, 0x20, 0x6f, 0x6e, 0x20, 0x74, 0x68, 0x65, 0x20, 0x74, 0x68,
    0x72, 0x65, 0x65, 0x20, 0x69, 0x6e, 0x6e, 0x65, 0x72, 0x20, 0x63, 0x6f, 0x6c, 0x75, 0x6d, 0x6e,
    0x73, 0x2c, 0x20, 0x30, 0x20, 0x6f, 0x6e, 0x20, 0x74, 0x68, 0x65, 0x20, 0x72, 0x69, 0x6e, 0x67,
    0x20, 0x66, 0x69, 0x6e, 0x67, 0x65, 0x72, 0x2c, 0x20, 0x61, 0x6e, 0x64, 0x20, 0x2b, 0x20, 0x5c,
    0x75, 0x32, 0x32, 0x31, 0x32, 0x20, 0x2a, 0x20, 0x2f, 0x20, 0x3d, 0x20, 0x66, 0x69, 0x6c, 0x6c,
    0x69, 0x6e, 0x67, 0x20, 0x74, 0x68, 0x65, 0x20, 0x74, 0x77, 0x6f, 0x20, 0x6f, 0x75, 0x74, 0x65,
    0x72, 0x20, 0x63, 0x6f, 0x6c, 0x75, 0x6d, 0x6e, 0x73, 0x20, 0x62, 0x65, 0x73, 0x69, 0x64, 0x65,
    0x20, 0x74, 0x68, 0x65, 0x6d, 0x2e, 0x20, 0x54, 0x68, 0x65, 0x20, 0x6c, 0x65, 0x66, 0x74, 0x20,
    0x68, 0x61, 0x6e, 0x64, 0x20, 0x74, 0x61, 0x6b, 0x65, 0x73, 0x20, 0x74, 0x68, 0x65, 0x20, 0x73,
    0x79, 0x6d, 0x62, 0x6f, 0x6c, 0x73, 0x20, 0x74, 0x68, 0x65, 0x20, 0x6f, 0x70, 0x65, 0x72, 0x61,
    0x74, 0x6f, 0x72, 0x20, 0x63, 0x6f, 0x6c, 0x75, 0x6d, 0x6e, 0x20, 0x64, 0x69, 0x64, 0x20, 0x6e,
    0x6f, 0x74, 0x20, 0x63, 0x6c, 0x61, 0x69, 0x6d, 0x2c, 0x20, 0x70, 0x61, 0x63, 0x6b, 0x65, 0x64,
    0x20, 0x66, 0x72, 0x6f, 0x6d, 0x20, 0x70, 0x6f, 0x73, 0x69, 0x74, 0x69, 0x6f, 0x6e, 0x20, 0x30,
    0x20, 0x77, 0x69, 0x74, 0x68, 0x20, 0x6e, 0x6f, 0x20, 0x67, 0x61, 0x70, 0x73, 0x20, 0x5c, 0x75,
    0x32, 0x30, 0x31, 0x34, 0x20, 0x51, 0x57, 0x45, 0x52, 0x54, 0x59, 0x20, 0x6e, 0x75, 0x6d, 0x62,
    0x65, 0x72, 0x2d, 0x72, 0x6f, 0x77, 0x20, 0x6f, 0x72, 0x64, 0x65, 0x72, 0x20, 0x65, 0x78, 0x63,
    0x65, 0x70, 0x74, 0x20, 0x61, 0x74, 0x20, 0x74, 0x68, 0x65, 0x20, 0x74, 0x61, 0x69, 0x6c, 0x2c,
    0x20, 0x77, 0x68, 0x65, 0x72, 0x65, 0x20, 0x3c, 0x73, 0x74, 0x72, 0x6f, 0x6e, 0x67, 0x3e, 0x28,
    0x20, 0x61, 0x6e, 0x64, 0x20, 0x29, 0x20, 0x77, 0x65, 0x72, 0x65, 0x20, 0x70, 0x75, 0x6c, 0x6c,
    0x65, 0x64, 0x20, 0x74, 0x6f, 0x67, 0x65, 0x74, 0x68, 0x65, 0x72, 0x20, 0x6f, 0x6e, 0x74, 0x6f,
    0x20, 0x32, 0x33, 0x20, 0x61, 0x6e, 0x64, 0x20, 0x32, 0x34, 0x3c, 0x2f, 0x73, 0x74, 0x72, 0x6f,
    0x6e, 0x67, 0x3e, 0x20, 0x73, 0x6f, 0x20, 0x74, 0x68, 0x65, 0x20, 0x70, 0x61, 0x69, 0x72, 0x20,
    0x72, 0x6f, 0x6c, 0x6c, 0x73, 0x20, 0x61, 0x63, 0x72, 0x6f, 0x73, 0x73, 0x20, 0x74, 0x77, 0x6f,
    0x20, 0x61, 0x64, 0x6a, 0x61, 0x63, 0x65, 0x6e, 0x74, 0x20, 0x66, 0x69, 0x6e, 0x67, 0x65, 0x72,
    0x73, 0x2e, 0x20, 0x3c, 0x73, 0x74, 0x72, 0x6f, 0x6e, 0x67, 0x3e, 0x2f, 0x20, 0x69, 0x73, 0x20,
    0x61, 0x20, 0x64, 0x65, 0x6c, 0x69, 0x62, 0x65, 0x72, 0x61, 0x74, 0x65, 0x20, 0x64, 0x75, 0x70,
    0x6c, 0x69, 0x63, 0x61, 0x74, 0x65, 0x3c, 0x2f, 0x73, 0x74, 0x72, 0x6f, 0x6e, 0x67, 0x3e, 0x20,
    0x6f, 0x66, 0x20, 0x42, 0x41, 0x53, 0x45, 0x20, 0x34, 0x32, 0x2c, 0x20, 0x73, 0x6f, 0x20, 0x74,
    0x68, 0x65, 0x20, 0x77, 0x68, 0x6f, 0x6c, 0x65, 0x20, 0x63, 0x61, 0x6c, 0x63, 0x75, 0x6c, 0x61,
    0x74, 0x6f, 0x72, 0x20, 0x77, 0x6f, 0x72, 0x6b, 0x73, 0x20, 0x77, 0x69, 0x74, 0x68, 0x6f, 0x75,
    0x74, 0x20, 0x6c, 0x65, 0x61, 0x76, 0x69, 0x6e, 0x67, 0x20, 0x74, 0x68, 0x65, 0x20, 0x6c, 0x61,
    0x79, 0x65, 0x72, 0x2e, 0x22, 0x2c, 0x0a, 0x20, 0x20, 0x20, 0x20, 0x65, 0x6e, 0x63, 0x3a, 0x5b,
    0x42, 0x52, 0x49, 0x2c, 0x20, 0x50, 0x41, 0x47, 0x45, 0x5d, 0x2c, 0x0a, 0x20, 0x20, 0x20, 0x20,
    0x6b, 0x76, 0x3a, 0x5b, 0x5b, 0x22, 0x4e, 0x75, 0x6d, 0x70, 0x61, 0x64, 0x22, 0x2c, 0x22, 0x31,
    0x5c, 0x75, 0x32, 0x30, 0x31, 0x33, 0x39, 0x20, 0x6f, 0x6e, 0x20, 0x35, 0x5c, 0x75, 0x32, 0x30,
    0x31, 0x33, 0x37, 0x2c, 0x20, 0x31, 0x36, 0x5c, 0x75, 0x32, 0x30, 0x31, 0x33, 0x31, 0x38, 0x2c,
    0x20, 0x33, 0x30, 0x5c, 0x75, 0x32, 0x30, 0x31, 0x33, 0x33, 0x32, 0x20, 0x5c, 0x75, 0x30, 0x30,
    0x62, 0x37, 0x20, 0x30, 0x20, 0x6f, 0x6e, 0x20, 0x38, 0x22, 0x5d, 0x2c, 0x0a, 0x20, 0x20, 0x20,
    0x20, 0x20, 0x20, 0x20, 0x20, 0x5b, 0x22, 0x4f, 0x70, 0x65, 0x72, 0x61, 0x74, 0x6f, 0x72, 0x73,
    0x22, 0x2c, 0x22, 0x2b, 0x20, 0x39, 0x20, 0x5c, 0x75, 0x30, 0x30, 0x62, 0x37, 0x20, 0x5c, 0x75,
    0x32, 0x32, 0x31, 0x32, 0x20, 0x31, 0x39, 0x20, 0x5c, 0x75, 0x30, 0x30, 0x62, 0x37, 0x20, 0x2a,
    0x20, 0x32, 0x30, 0x20, 0x5c, 0x75, 0x30, 0x30, 0x62, 0x37, 0x20, 0x2f, 0x20, 0x33, 0x33, 0x20,
    0x5c, 0x75, 0x30, 0x30, 0x62, 0x37, 0x20, 0x3d, 0x20, 0x33, 0x34, 0x22, 0x5d, 0x2c, 0x0a, 0x20,
    0x20, 0x20, 0x20, 0x20, 0x20, 0x20, 0x20, 0x5b, 0x22, 0x4c, 0x65, 0x66, 0x74, 0x20, 0x73, 0x79,
    0x6d, 0x62, 0x6f, 0x6c, 0x73, 0x22, 0x2c, 0x22, 0x60, 0x20, 0x7e, 0x20, 0x21, 0x20, 0x40, 0x20,
    0x23, 0x20, 0x24, 0x20, 0x25, 0x20, 0x5e, 0x20, 0x26, 0x20, 0x5f, 0x20, 0x28, 0x20, 0x29, 0x20,
    0x5c, 0x75, 0x32, 0x30, 0x31, 0x34, 0x20, 0x31, 0x32, 0x20, 0x6b, 0x65, 0x79, 0x73, 0x2c, 0x20,
    0x6e, 0x6f, 0x20, 0x67, 0x61, 0x70, 0x73, 0x22, 0x5d, 0x2c, 0x0a, 0x20, 0x20, 0x20, 0x20, 0x20,
    0x20, 0x20, 0x20, 0x5b, 0x22, 0x50, 0x61, 0x72, 0x65, 0x6e, 0x73, 0x22, 0x2c, 0x22, 0x32, 0x33,
    0x20, 0x61, 0x6e, 0x64, 0x20, 0x32, 0x34, 0x2c, 0x20, 0x61, 0x64, 0x6a, 0x61, 0x63, 0x65, 0x6e,
    0x74, 0x20, 0x5c, 0x75, 0x32, 0x30, 0x31, 0x34, 0x20, 0x70, 0x69, 0x6e, 0x6b, 0x79, 0x20, 0x74,
    0x68, 0x65, 0x6e, 0x20, 0x72, 0x69, 0x6e, 0x67, 0x22, 0x5d, 0x2c, 0x0a, 0x20, 0x20, 0x20, 0x20,
    0x20, 0x20, 0x20, 0x20, 0x5b, 0x22, 0x46, 0x72, 0x65, 0x65, 0x22, 0x2c, 0x22, 0x32, 0x35, 0x2c,
    0x20, 0x32, 0x36, 0x2c, 0x20, 0x32, 0x37, 0x20, 0x61, 0x74, 0x20, 0x74, 0x68, 0x65, 0x20, 0x65,
    0x6e, 0x64, 0x20, 0x6f, 0x66, 0x20, 0x74, 0x68, 0x65, 0x20, 0x6c, 0x65, 0x66, 0x74, 0x20, 0x62,
    0x6c, 0x6f, 0x63, 0x6b, 0x22, 0x5d, 0x2c, 0x0a, 0x20, 0x20, 0x20, 0x20, 0x20, 0x20, 0x20, 0x20,
    0x5b, 0x22, 0x4c, 0x65, 0x66, 0x74, 0x20, 0x65, 0x6e, 0x63, 0x6f, 0x64, 0x65, 0x72, 0x22, 0x2c,
    0x22, 0x62, 0x72, 0x69, 0x67, 0x68, 0x74, 0x6e, 0x65, 0x73, 0x73, 0x20, 0x5c, 0x75, 0x32, 0x30,
    0x31, 0x34, 0x20, 0x6d, 0x6f, 0x76, 0x65, 0x64, 0x20, 0x64, 0x6f, 0x77, 0x6e, 0x20, 0x66, 0x72,
    0x6f, 0x6d, 0x20, 0x46, 0x4e, 0x22, 0x5d, 0x2c, 0x0a, 0x20, 0x20, 0x20, 0x20, 0x20, 0x20, 0x20,
    0x20, 0x5b, 0x22, 0x4c, 0x65, 0x66, 0x74, 0x20, 0x74, 0x72, 0x61, 0x6e, 0x73, 0x70, 0x61, 0x72,
    0x65, 0x6e, 0x74, 0x22, 0x2c, 0x22, 0x5b, 0x20, 0x5d, 0x20, 0x7b, 0x20, 0x7d, 0x20, 0x5c, 0x5c,
    0x20, 0x7c, 0x20, 0x3a, 0x20, 0x5c, 0x22, 0x20, 0x5c, 0x75, 0x32, 0x30, 0x31, 0x34, 0x20, 0x61,
    0x6c, 0x6c, 0x20, 0x72, 0x65, 0x61, 0x63, 0x68, 0x61, 0x62, 0x6c, 0x65, 0x20, 0x66, 0x72, 0x6f,
    0x6d, 0x20, 0x42, 0x41, 0x53, 0x45, 0x22, 0x5d, 0x2c, 0x0a, 0x20, 0x20, 0x20, 0x20, 0x20, 0x20,
    0x20, 0x20, 0x5b, 0x22, 0x53, 0x75, 0x70, 0x65, 0x72, 0x22, 0x2c, 0x22, 0x33, 0x39, 0x20, 0x5c,
    0x75, 0x32, 0x30, 0x31, 0x34, 0x20, 0x61, 0x20, 0x70, 0x6c, 0x61, 0x69, 0x6e, 0x20, 0x26, 0x6b,
    0x70, 0x20, 0x4c, 0x47, 0x55, 0x49, 0x20, 0x68, 0x65, 0x72, 0x65, 0x2c, 0x20, 0x73, 0x6f, 0x20,
    0x53, 0x75, 0x70, 0x65, 0x72, 0x2b, 0x31, 0x5c, 0x75, 0x32, 0x30, 0x31, 0x33, 0x30, 0x20, 0x77,
    0x6f, 0x72, 0x6b, 0x73, 0x20, 0x6f, 0x66, 0x66, 0x20, 0x74, 0x68, 0x65, 0x20, 0x6e, 0x75, 0x6d,
    0x70, 0x61, 0x64, 0x22, 0x5d, 0x2c, 0x0a, 0x20, 0x20, 0x20, 0x20, 0x20, 0x20, 0x20, 0x20, 0x5b,
    0x22, 0x54, 0x6f, 0x20, 0x46, 0x4e, 0x22, 0x2c, 0x22, 0x68, 0x6f, 0x6c, 0x64, 0x20, 0x70, 0x6f,
    0x73, 0x69, 0x74, 0x69, 0x6f, 0x6e, 0x20, 0x34, 0x31, 0x20, 0x77, 0x68, 0x69, 0x6c, 0x65, 0x20,
    0x68, 0x65, 0x72, 0x65, 0x22, 0x5d, 0x5d, 0x0a, 0x20, 0x20, 0x7d, 0x2c, 0x0a, 0x20, 0x20, 0x66,
    0x6e, 0x3a, 0x7b, 0x0a, 0x20, 0x20, 0x20, 0x20, 0x6b, 0x65, 0x79, 0x3a, 0x22, 0x66, 0x6e, 0x22,
    0x2c, 0x20, 0x6e, 0x61, 0x6d, 0x65, 0x3a, 0x22, 0x46, 0x4e, 0x22, 0x2c, 0x20, 0x73, 0x75, 0x62,
    0x3a, 0x22, 0x66, 0x75, 0x6e, 0x63, 0x74, 0x69, 0x6f, 0x6e, 0x20, 0x6b, 0x65, 0x79, 0x73, 0x22,
    0x2c, 0x20, 0x72, 0x65, 0x61, 0x63, 0x68, 0x3a, 0x22, 0x66, 0x72, 0x6f, 0x6d, 0x20, 0x58, 0x54,
    0x52, 0x41, 0x2c, 0x20, 0x68, 0x6f, 0x6c, 0x64, 0x20, 0x70, 0x6f, 0x73, 0x69, 0x74, 0x69, 0x6f,
    0x6e, 0x20, 0x34, 0x31, 0x22, 0x2c, 0x20, 0x68, 0x65, 0x6c, 0x64, 0x3a, 0x5b, 0x33, 0x38, 0x2c,
    0x34, 0x31, 0x5d, 0x2c, 0x0a, 0x20, 0x20, 0x20, 0x20, 0x62, 0x6f, 0x64, 0x79, 0x3a, 0x22, 0x52,
    0x65, 0x61, 0x63, 0x68, 0x65, 0x64, 0x20, 0x62, 0x79, 0x20, 0x63, 0x68, 0x61, 0x69, 0x6e, 0x69,
    0x6e, 0x67, 0x3a, 0x20, 0x68, 0x6f, 0x6c, 0x64, 0x20, 0x33, 0x38, 0x20, 0x66, 0x6f, 0x72, 0x20,
    0x58, 0x54, 0x52, 0x41, 0x2c, 0x20, 0x74, 0x68, 0x65, 0x6e, 0x20, 0x61, 0x64, 0x64, 0x20, 0x34,
    0x31, 0x2e, 0x20, 0x3c, 0x73, 0x74, 0x72, 0x6f, 0x6e, 0x67, 0x3e, 0x46, 0x32, 0x5c, 0x75, 0x32,
    0x30, 0x31, 0x33, 0x46, 0x31, 0x31, 0x20, 0x72, 0x75, 0x6e, 0x20, 0x73, 0x74, 0x72, 0x61, 0x69,
    0x67, 0x68, 0x74, 0x20, 0x61, 0x63, 0x72, 0x6f, 0x73, 0x73, 0x20, 0x74, 0x68, 0x65, 0x20, 0x74,
    0x6f, 0x70, 0x20, 0x72, 0x6f, 0x77, 0x20, 0x69, 0x6e, 0x20, 0x6f, 0x72, 0x64, 0x65, 0x72, 0x3c,
    0x2f, 0x73, 0x74, 0x72, 0x6f, 0x6e, 0x67, 0x3e, 0x2c, 0x20, 0x77, 0x69, 0x74, 0x68, 0x20, 0x46,
    0x31, 0x20, 0x61, 0x6e, 0x64, 0x20, 0x46, 0x31, 0x32, 0x20, 0x6f, 0x6e, 0x20, 0x74, 0x68, 0x65,
    0x20, 0x6f, 0x75, 0x74, 0x65, 0x72, 0x20, 0x63, 0x6f, 0x6c, 0x75, 0x6d, 0x6e, 0x73, 0x20, 0x6f,
    0x66, 0x20, 0x74, 0x68, 0x65, 0x20, 0x72, 0x6f, 0x77, 0x20, 0x62, 0x65, 0x6c, 0x6f, 0x77, 0x2e,
    0x20, 0x45, 0x76, 0x65, 0x72, 0x79, 0x74, 0x68, 0x69, 0x6e, 0x67, 0x20, 0x65, 0x6c, 0x73, 0x65,
    0x20, 0x69, 0x73, 0x20, 0x3c, 0x73, 0x74, 0x72, 0x6f, 0x6e, 0x67, 0x3e, 0x26, 0x6e, 0x6f, 0x6e,
    0x65, 0x20, 0x5c, 0x75, 0x32, 0x30, 0x31, 0x34, 0x20, 0x64, 0x65, 0x6c, 0x69, 0x62, 0x65, 0x72,
    0x61, 0x74, 0x65, 0x6c, 0x79, 0x20, 0x64, 0x65, 0x61, 0x64, 0x2c, 0x20, 0x6e, 0x6f, 0x74, 0x20,
    0x74, 0x72, 0x61, 0x6e, 0x73, 0x70, 0x61, 0x72, 0x65, 0x6e, 0x74, 0x3c, 0x2f, 0x73, 0x74, 0x72,
    0x6f, 0x6e, 0x67, 0x3e, 0x2e, 0x20, 0x49, 0x74, 0x20, 0x75, 0x73, 0x65, 0x64, 0x20, 0x74, 0x6f,
    0x20, 0x62, 0x65, 0x20, 0x74, 0x72, 0x61, 0x6e, 0x73, 0x70, 0x61, 0x72, 0x65, 0x6e, 0x74, 0x2c,
    0x20, 0x77, 0x68, 0x69, 0x63, 0x68, 0x20, 0x6f, 0x6e, 0x20, 0x74, 0x68, 0x69, 0x73, 0x20, 0x6c,
    0x61, 0x79, 0x65, 0x72, 0x20, 0x64, 0x6f, 0x65, 0x73, 0x20, 0x6e, 0x6f, 0x74, 0x20, 0x6d, 0x65,
    0x61, 0x6e, 0x20, 0x65, 0x6d, 0x70, 0x74, 0x79, 0x3a, 0x20, 0x46, 0x4e, 0x20, 0x69, 0x73, 0x20,
    0x6f, 0x6e, 0x6c, 0x79, 0x20, 0x65, 0x76, 0x65, 0x72, 0x20, 0x72, 0x65, 0x61, 0x63, 0x68, 0x65,
    0x64, 0x20, 0x74, 0x68, 0x72, 0x6f, 0x75, 0x67, 0x68, 0x20, 0x58, 0x54, 0x52, 0x41, 0x2c, 0x20,
    0x73, 0x6f, 0x20, 0x61, 0x20, 0x74, 0x72, 0x61, 0x6e, 0x73, 0x70, 0x61, 0x72, 0x65, 0x6e, 0x74,
    0x20, 0x6b, 0x65, 0x79, 0x20, 0x66, 0x65, 0x6c, 0x6c, 0x20, 0x74, 0x68, 0x72, 0x6f, 0x75, 0x67,
    0x68, 0x20, 0x74, 0x6f, 0x20, 0x58, 0x54, 0x52, 0x41, 0x5c, 0x75, 0x32, 0x30, 0x31, 0x39, 0x73,
    0x20, 0x6e, 0x75, 0x6d, 0x70, 0x61, 0x64, 0x20, 0x61, 0x6e, 0x64, 0x20, 0x74, 0x68, 0x65, 0x20,
    0x72, 0x69, 0x67, 0x68, 0x74, 0x20, 0x68, 0x61, 0x6e, 0x64, 0x20, 0x71, 0x75, 0x69, 0x65, 0x74,
    0x6c, 0x79, 0x20, 0x74, 0x79, 0x70, 0x65, 0x64, 0x20, 0x64, 0x69, 0x67, 0x69, 0x74, 0x73, 0x2e,
    0x20, 0x54, 0x68, 0x65, 0x20, 0x73, 0x70, 0x61, 0x63, 0x65, 0x20, 0x69, 0x73, 0x20, 0x6e, 0x6f,
    0x77, 0x20, 0x63, 0x6c, 0x65, 0x61, 0x72, 0x2c, 0x20, 0x77, 0x61, 0x69, 0x74, 0x69, 0x6e, 0x67,
    0x20, 0x6f, 0x6e, 0x20, 0x68, 0x6f, 0x6d, 0x65, 0x2d, 0x61, 0x75, 0x74, 0x6f, 0x6d, 0x61, 0x74,
    0x69, 0x6f, 0x6e, 0x20, 0x63, 0x6f, 0x6e, 0x74, 0x72, 0x6f, 0x6c, 0x73, 0x2e, 0x22, 0x2c, 0x0a,
    0x20, 0x20, 0x20, 0x20, 0x65, 0x6e, 0x63, 0x3a, 0x5b, 0x56, 0x4f, 0x4c, 0x2c, 0x20, 0x5b, 0x22,
    0x54, 0x72, 0x61, 0x63, 0x6b, 0x20, 0x6e, 0x65, 0x78, 0x74, 0x20, 0x2f, 0x20, 0x70, 0x72, 0x65,
    0x76, 0x69, 0x6f, 0x75, 0x73, 0x22, 0x2c, 0x22, 0x26, 0x69, 0x6e, 0x63, 0x5f, 0x64, 0x65, 0x63,
    0x5f, 0x6b, 0x70, 0x20, 0x43, 0x5f, 0x4e, 0x45, 0x58, 0x54, 0x20, 0x43, 0x5f, 0x50, 0x52, 0x45,
    0x56, 0x22, 0x5d, 0x5d, 0x2c, 0x0a, 0x20, 0x20, 0x20, 0x20, 0x6b, 0x76, 0x3a, 0x5b, 0x5b, 0x22,
    0x52, 0x65, 0x61, 0x63, 0x68, 0x65, 0x64, 0x20, 0x62, 0x79, 0x22, 0x2c, 0x22, 0x33, 0x38, 0x20,
    0x74, 0x68, 0x65, 0x6e, 0x20, 0x34, 0x31, 0x20, 0x5c, 0x75, 0x32, 0x30, 0x31, 0x34, 0x20, 0x6e,
    0x6f, 0x20, 0x63, 0x6f, 0x6e, 0x64, 0x69, 0x74, 0x69, 0x6f, 0x6e, 0x61, 0x6c, 0x5f, 0x6c, 0x61,
    0x79, 0x65, 0x72, 0x73, 0x20, 0x6e, 0x6f, 0x64, 0x65, 0x20, 0x61, 0x6e, 0x79, 0x20, 0x6d, 0x6f,
    0x72, 0x65, 0x22, 0x5d, 0x2c, 0x0a, 0x20, 0x20, 0x20, 0x20, 0x20, 0x20, 0x20, 0x20, 0x5b, 0x22,
    0x46, 0x32, 0x5c, 0x75, 0x32, 0x30, 0x31, 0x33, 0x46, 0x31, 0x31, 0x22, 0x2c, 0x22, 0x73, 0x74,
    0x72, 0x61, 0x69, 0x67, 0x68, 0x74, 0x20, 0x61, 0x63, 0x72, 0x6f, 0x73, 0x73, 0x20, 0x74, 0x68,
    0x65, 0x20, 0x74, 0x6f, 0x70, 0x20, 0x72, 0x6f, 0x77, 0x2c, 0x20, 0x30, 0x5c, 0x75, 0x32, 0x30,
    0x31, 0x33, 0x39, 0x22, 0x5d, 0x2c, 0x0a, 0x20, 0x20, 0x20, 0x20, 0x20, 0x20, 0x20, 0x20, 0x5b,
    0x22, 0x46, 0x31, 0x20, 0x61, 0x6e, 0x64, 0x20, 0x46, 0x31, 0x32, 0x22, 0x2c, 0x22, 0x31, 0x30,
    0x20, 0x61, 0x6e, 0x64, 0x20, 0x32, 0x31, 0x20, 0x5c, 0x75, 0x32, 0x30, 0x31, 0x34, 0x20, 0x6f,
    0x75, 0x74, 0x65, 0x72, 0x20, 0x63, 0x6f, 0x6c, 0x75, 0x6d, 0x6e, 0x73, 0x2c, 0x20, 0x62, 0x72,
    0x61, 0x63, 0x6b, 0x65, 0x74, 0x69, 0x6e, 0x67, 0x20, 0x74, 0x68, 0x65, 0x20, 0x72, 0x75, 0x6e,
    0x22, 0x5d, 0x2c, 0x0a, 0x20, 0x20, 0x20, 0x20, 0x20, 0x20, 0x20, 0x20, 0x5b, 0x22, 0x52, 0x69,
    0x67, 0x68, 0x74, 0x20, 0x68, 0x61, 0x6e, 0x64, 0x22, 0x2c, 0x22, 0x26, 0x6e, 0x6f, 0x6e, 0x65,
    0x20, 0x5c, 0x75, 0x32, 0x30, 0x31, 0x34, 0x20, 0x72, 0x65, 0x73, 0x65, 0x72, 0x76, 0x65, 0x64,
    0x20, 0x66, 0x6f, 0x72, 0x20, 0x68, 0x6f, 0x6d, 0x65, 0x20, 0x61, 0x75, 0x74, 0x6f, 0x6d, 0x61,
    0x74, 0x69, 0x6f, 0x6e, 0x22, 0x5d, 0x2c, 0x0a, 0x20, 0x20, 0x20, 0x20, 0x20, 0x20, 0x20, 0x20,
    0x5b, 0x22, 0x53, 0x74, 0x69, 0x6c, 0x6c, 0x20, 0x74, 0x72, 0x61, 0x6e, 0x73, 0x70, 0x61, 0x72,
    0x65, 0x6e, 0x74, 0x22, 0x2c, 0x22, 0x33, 0x36, 0x20, 0x43, 0x74, 0x72, 0x6c, 0x20, 0x5c, 0x75,
    0x30, 0x30, 0x62, 0x37, 0x20, 0x33, 0x37, 0x20, 0x41, 0x6c, 0x74, 0x20, 0x5c, 0x75, 0x30, 0x30,
    0x62, 0x37, 0x20, 0x33, 0x39, 0x20, 0x53, 0x75, 0x70, 0x65, 0x72, 0x2c, 0x20, 0x73, 0x6f, 0x20,
    0x41, 0x6c, 0x74, 0x2b, 0x46, 0x34, 0x20, 0x61, 0x6e, 0x64, 0x20, 0x43, 0x74, 0x72, 0x6c, 0x2b,
    0x46, 0x35, 0x20, 0x73, 0x74, 0x69, 0x6c, 0x6c, 0x20, 0x77, 0x6f, 0x72, 0x6b, 0x20, 0x5c, 0x75,
    0x30, 0x30, 0x62, 0x37, 0x20, 0x33, 0x38, 0x20, 0x61, 0x6e, 0x64, 0x20, 0x34, 0x31, 0x2c, 0x20,
    0x74, 0x68, 0x65, 0x20, 0x6b, 0x65, 0x79, 0x73, 0x20, 0x79, 0x6f, 0x75, 0x20, 0x61, 0x72, 0x65,
    0x20, 0x68, 0x6f, 0x6c, 0x64, 0x69, 0x6e, 0x67, 0x22, 0x5d, 0x2c, 0x0a, 0x20, 0x20, 0x20, 0x20,
    0x20, 0x20, 0x20, 0x20, 0x5b, 0x22, 0x45, 0x6e, 0x63, 0x6f, 0x64, 0x65, 0x72, 0x73, 0x22, 0x2c,
    0x22, 0x76, 0x6f, 0x6c, 0x75, 0x6d, 0x65, 0x20, 0x61, 0x6e, 0x64, 0x20, 0x74, 0x72, 0x61, 0x63,
    0x6b, 0x22, 0x5d, 0x2c, 0x0a, 0x20, 0x20, 0x20, 0x20, 0x20, 0x20, 0x20, 0x20, 0x5b, 0x22, 0x54,
    0x6f, 0x20, 0x53, 0x59, 0x53, 0x22, 0x2c, 0x22, 0x68, 0x6f, 0x6c, 0x64, 0x20, 0x32, 0x32, 0x20,
    0x5c, 0x75, 0x32, 0x30, 0x31, 0x34, 0x20, 0x73, 0x6f, 0x20, 0x33, 0x38, 0x20, 0x2b, 0x20, 0x34,
    0x31, 0x20, 0x2b, 0x20, 0x32, 0x32, 0x20, 0x74, 0x6f, 0x67, 0x65, 0x74, 0x68, 0x65, 0x72, 0x22,
    0x5d, 0x5d, 0x0a, 0x20, 0x20, 0x7d, 0x2c, 0x0a, 0x20, 0x20, 0x73, 0x79, 0x73, 0x3a, 0x7b, 0x0a,
    0x20, 0x20, 0x20, 0x20, 0x6b, 0x65, 0x79, 0x3a, 0x22, 0x73, 0x79, 0x73, 0x22, 0x2c, 0x20, 0x6e,
    0x61, 0x6d, 0x65, 0x3a, 0x22, 0x53, 0x59, 0x53, 0x22, 0x2c, 0x20, 0x73, 0x75, 0x62, 0x3a, 0x22,
    0x72, 0x61, 0x64, 0x69, 0x6f, 0x2c, 0x20, 0x6c, 0x69, 0x67, 0x68, 0x74, 0x69, 0x6e, 0x67, 0x2c,
    0x20, 0x66, 0x69, 0x72, 0x6d, 0x77, 0x61, 0x72, 0x65, 0x22, 0x2c, 0x20, 0x72, 0x65, 0x61, 0x63,
    0x68, 0x3a, 0x22, 0x66, 0x72, 0x6f, 0x6d, 0x20, 0x46, 0x4e, 0x2c, 0x20, 0x68, 0x6f, 0x6c, 0x64,
    0x20, 0x70, 0x6f, 0x73, 0x69, 0x74, 0x69, 0x6f, 0x6e, 0x20, 0x32, 0x32, 0x22, 0x2c, 0x20, 0x68,
    0x65, 0x6c, 0x64, 0x3a, 0x5b, 0x33, 0x38, 0x2c, 0x34, 0x31, 0x2c, 0x32, 0x32, 0x5d, 0x2c, 0x0a,
    0x20, 0x20, 0x20, 0x20, 0x62, 0x6f, 0x64, 0x79, 0x3a, 0x22, 0x54, 0x68, 0x72, 0x65, 0x65, 0x20,
    0x6b, 0x65, 0x79, 0x73, 0x20, 0x64, 0x65, 0x65, 0x70, 0x3a, 0x20, 0x33, 0x38, 0x2c, 0x20, 0x74,
    0x68, 0x65, 0x6e, 0x20, 0x34, 0x31, 0x2c, 0x20, 0x74, 0x68, 0x65, 0x6e, 0x20, 0x32, 0x32, 0x2e,
    0x20, 0x42, 0x6c, 0x75, 0x65, 0x74, 0x6f, 0x6f, 0x74, 0x68, 0x20, 0x70, 0x72, 0x6f, 0x66, 0x69,
    0x6c, 0x65, 0x73, 0x20, 0x6f, 0x6e, 0x20, 0x74, 0x68, 0x65, 0x20, 0x6c, 0x65, 0x66, 0x74, 0x2c,
    0x20, 0x74, 0x68, 0x65, 0x20, 0x75, 0x6e, 0x64, 0x65, 0x72, 0x67, 0x6c, 0x6f, 0x77, 0x20, 0x73,
    0x77, 0x69, 0x74, 0x63, 0x68, 0x20, 0x6f, 0x6e, 0x20, 0x35, 0x2c, 0x20, 0x61, 0x6e, 0x64, 0x20,
    0x3c, 0x73, 0x74, 0x72, 0x6f, 0x6e, 0x67, 0x3e, 0x62, 0x6f, 0x6f, 0x74, 0x6c, 0x6f, 0x61, 0x64,
    0x65, 0x72, 0x20, 0x61, 0x6e, 0x64, 0x20, 0x72, 0x65, 0x73, 0x65, 0x74, 0x20, 0x6d, 0x69, 0x72,
    0x72, 0x6f, 0x72, 0x65, 0x64, 0x20, 0x6f, 0x6e, 0x20, 0x62, 0x6f, 0x74, 0x68, 0x20, 0x68, 0x61,
    0x6e, 0x64, 0x73, 0x3c, 0x2f, 0x73, 0x74, 0x72, 0x6f, 0x6e, 0x67, 0x3e, 0x20, 0x73, 0x6f, 0x20,
    0x65, 0x69, 0x74, 0x68, 0x65, 0x72, 0x20, 0x68, 0x61, 0x6c, 0x66, 0x20, 0x63, 0x61, 0x6e, 0x20,
    0x62, 0x65, 0x20, 0x72, 0x65, 0x66, 0x6c, 0x61, 0x73, 0x68, 0x65, 0x64, 0x2e, 0x20, 0x42, 0x54,
    0x20, 0x30, 0x5c, 0x75, 0x32, 0x30, 0x31, 0x33, 0x34, 0x20, 0x61, 0x72, 0x65, 0x20, 0x70, 0x61,
    0x69, 0x72, 0x69, 0x6e, 0x67, 0x20, 0x73, 0x6c, 0x6f, 0x74, 0x73, 0x3a, 0x20, 0x70, 0x69, 0x63,
    0x6b, 0x20, 0x61, 0x6e, 0x20, 0x75, 0x6e, 0x75, 0x73, 0x65, 0x64, 0x20, 0x6f, 0x6e, 0x65, 0x2c,
    0x20, 0x70, 0x61, 0x69, 0x72, 0x20, 0x74, 0x68, 0x65, 0x20, 0x6d, 0x61, 0x63, 0x68, 0x69, 0x6e,
    0x65, 0x2c, 0x20, 0x74, 0x68, 0x65, 0x6e, 0x20, 0x73, 0x77, 0x69, 0x74, 0x63, 0x68, 0x20, 0x6d,
    0x61, 0x63, 0x68, 0x69, 0x6e, 0x65, 0x73, 0x20, 0x66, 0x72, 0x6f, 0x6d, 0x20, 0x68, 0x65, 0x72,
    0x65, 0x2e, 0x20, 0x54, 0x77, 0x65, 0x6c, 0x76, 0x65, 0x20, 0x26, 0x72, 0x67, 0x62, 0x5f, 0x75,
    0x67, 0x20, 0x6b, 0x65, 0x79, 0x73, 0x20, 0x75, 0x73, 0x65, 0x64, 0x20, 0x74, 0x6f, 0x20, 0x66,
    0x69, 0x6c, 0x6c, 0x20, 0x74, 0x68, 0x65, 0x20, 0x72, 0x69, 0x67, 0x68, 0x74, 0x20, 0x73, 0x69,
    0x64, 0x65, 0x20, 0x5c, 0x75, 0x32, 0x30, 0x31, 0x34, 0x20, 0x65, 0x66, 0x66, 0x65, 0x63, 0x74,
    0x73, 0x2c, 0x20, 0x68, 0x75, 0x65, 0x2c, 0x20, 0x73, 0x61, 0x74, 0x75, 0x72, 0x61, 0x74, 0x69,
    0x6f, 0x6e, 0x2c, 0x20, 0x62, 0x72, 0x69, 0x67, 0x68, 0x74, 0x6e, 0x65, 0x73, 0x73, 0x2c, 0x20,
    0x73, 0x70, 0x65, 0x65, 0x64, 0x20, 0x5c, 0x75, 0x32, 0x30, 0x31, 0x34, 0x20, 0x61, 0x6e, 0x64,
    0x20, 0x3c, 0x73, 0x74, 0x72, 0x6f, 0x6e, 0x67, 0x3e, 0x65, 0x76, 0x65, 0x72, 0x79, 0x20, 0x6f,
    0x6e, 0x65, 0x20, 0x6f, 0x66, 0x20, 0x74, 0x68, 0x65, 0x6d, 0x20, 0x77, 0x61, 0x73, 0x20, 0x69,
    0x6e, 0x65, 0x72, 0x74, 0x3c, 0x2f, 0x73, 0x74, 0x72, 0x6f, 0x6e, 0x67, 0x3e, 0x2c, 0x20, 0x62,
    0x65, 0x63, 0x61, 0x75, 0x73, 0x65, 0x20, 0x5a, 0x4d, 0x4b, 0x5c, 0x75, 0x32, 0x30, 0x31, 0x39,
    0x73, 0x20, 0x75, 0x6e, 0x64, 0x65, 0x72, 0x67, 0x6c, 0x6f, 0x77, 0x20, 0x69, 0x73, 0x20, 0x6f,
    0x66, 0x66, 0x20, 0x73, 0x6f, 0x20, 0x74, 0x68, 0x65, 0x20, 0x63, 0x75, 0x73, 0x74, 0x6f, 0x6d,
    0x20, 0x6d, 0x6f, 0x64, 0x75, 0x6c, 0x65, 0x20, 0x63, 0x61, 0x6e, 0x20, 0x6f, 0x77, 0x6e, 0x20,
    0x74, 0x68, 0x65, 0x20, 0x73, 0x74, 0x72, 0x69, 0x70, 0x2e, 0x20, 0x54, 0x68, 0x65, 0x79, 0x20,
    0x61, 0x72, 0x65, 0x20, 0x67, 0x6f, 0x6e, 0x65, 0x2e, 0x22, 0x2c, 0x0a, 0x20, 0x20, 0x20, 0x20,
    0x65, 0x6e, 0x63, 0x3a, 0x5b, 0x56, 0x4f, 0x4c, 0x2c, 0x20, 0x50, 0x41, 0x47, 0x45, 0x5d, 0x2c,
    0x0a, 0x20, 0x20, 0x20, 0x20, 0x6b, 0x76, 0x3a, 0x5b, 0x5b, 0x22, 0x50, 0x61, 0x69, 0x72, 0x69,
    0x6e, 0x67, 0x22, 0x2c, 0x22, 0x42, 0x54, 0x20, 0x30, 0x5c, 0x75, 0x32, 0x30, 0x31, 0x33, 0x34,
    0x20, 0x73, 0x65, 0x6c, 0x65, 0x63, 0x74, 0x20, 0x5c, 0x75, 0x30, 0x30, 0x62, 0x37, 0x20, 0x42,
    0x54, 0x20, 0x43, 0x6c, 0x72, 0x20, 0x77, 0x69, 0x70, 0x65, 0x73, 0x20, 0x74, 0x68, 0x65, 0x20,
    0x63, 0x75, 0x72, 0x72, 0x65, 0x6e, 0x74, 0x20, 0x73, 0x6c, 0x6f, 0x74, 0x22, 0x5d, 0x2c, 0x0a,
    0x20, 0x20, 0x20, 0x20, 0x20, 0x20, 0x20, 0x20, 0x5b, 0x22, 0x4f, 0x75, 0x74, 0x70, 0x75, 0x74,
    0x22, 0x2c, 0x22, 0x55, 0x53, 0x42, 0x20, 0x5c, 0x75, 0x30, 0x30, 0x62, 0x37, 0x20, 0x42, 0x4c,
    0x45, 0x20, 0x5c, 0x75, 0x30, 0x30, 0x62, 0x37, 0x20, 0x74, 0x6f, 0x67, 0x67, 0x6c, 0x65, 0x20,
    0x6f, 0x6e, 0x20, 0x32, 0x33, 0x5c, 0x75, 0x32, 0x30, 0x31, 0x33, 0x32, 0x35, 0x22, 0x5d, 0x2c,
    0x0a, 0x20, 0x20, 0x20, 0x20, 0x20, 0x20, 0x20, 0x20, 0x5b, 0x22, 0x55, 0x6e, 0x64, 0x65, 0x72,
    0x67, 0x6c, 0x6f, 0x77, 0x22, 0x2c, 0x22, 0x35, 0x20, 0x5c, 0x75, 0x32, 0x30, 0x31, 0x34, 0x20,
    0x6f, 0x6e, 0x2f, 0x6f, 0x66, 0x66, 0x20, 0x66, 0x6f, 0x72, 0x20, 0x74, 0x68, 0x65, 0x20, 0x72,
    0x65, 0x61, 0x63, 0x74, 0x69, 0x76, 0x65, 0x20, 0x6c, 0x69, 0x67, 0x68, 0x74, 0x69, 0x6e, 0x67,
    0x2c, 0x20, 0x72, 0x65, 0x6d, 0x65, 0x6d, 0x62, 0x65, 0x72, 0x65, 0x64, 0x20, 0x61, 0x63, 0x72,
    0x6f, 0x73, 0x73, 0x20, 0x72, 0x65, 0x62, 0x6f, 0x6f, 0x74, 0x73, 0x22, 0x5d, 0x2c, 0x0a, 0x20,
    0x20, 0x20, 0x20, 0x20, 0x20, 0x20, 0x20, 0x5b, 0x22, 0x43, 0x61, 0x72, 0x65, 0x66, 0x75, 0x6c,
    0x22, 0x2c, 0x22, 0x32, 0x36, 0x20, 0x5c, 0x75, 0x30, 0x30, 0x62, 0x37, 0x20, 0x32, 0x37, 0x20,
    0x5c, 0x75, 0x30, 0x30, 0x62, 0x37, 0x20, 0x33, 0x30, 0x20, 0x5c, 0x75, 0x30, 0x30, 0x62, 0x37,
    0x20, 0x33, 0x31, 0x20, 0x72, 0x65, 0x62, 0x6f, 0x6f, 0x74, 0x20, 0x74, 0x68, 0x65, 0x20, 0x68,
    0x61, 0x6c, 0x66, 0x20, 0x79, 0x6f, 0x75, 0x20, 0x70, 0x72, 0x65, 0x73, 0x73, 0x20, 0x74, 0x68,
    0x65, 0x6d, 0x20, 0x6f, 0x6e, 0x22, 0x5d, 0x2c, 0x0a, 0x20, 0x20, 0x20, 0x20, 0x20, 0x20, 0x20,
    0x20, 0x5b, 0x22, 0x55, 0x6e, 0x72, 0x65, 0x61, 0x63, 0x68, 0x61, 0x62, 0x6c, 0x65, 0x22, 0x2c,
    0x22, 0x42, 0x54, 0x20, 0x34, 0x20, 0x61, 0x6e, 0x64, 0x20, 0x74, 0x68, 0x65, 0x20, 0x6c, 0x65,
    0x66, 0x74, 0x20, 0x42, 0x6f, 0x6f, 0x74, 0x6c, 0x64, 0x72, 0x20, 0x73, 0x69, 0x74, 0x20, 0x6f,
    0x6e, 0x20, 0x74, 0x68, 0x65, 0x20, 0x62, 0x72, 0x6f, 0x6b, 0x65, 0x6e, 0x20, 0x50, 0x30, 0x2e,
    0x30, 0x39, 0x20, 0x63, 0x6f, 0x6c, 0x75, 0x6d, 0x6e, 0x22, 0x5d, 0x5d, 0x0a, 0x20, 0x20, 0x7d,
    0x0a, 0x7d, 0x3b, 0x0a, 0x76, 0x61, 0x72, 0x20, 0x4f, 0x52, 0x44, 0x45, 0x52, 0x20, 0x3d, 0x20,
    0x5b, 0x22, 0x62, 0x61, 0x73, 0x65, 0x22, 0x2c, 0x22, 0x78, 0x74, 0x72, 0x61, 0x22, 0x2c, 0x22,
    0x66, 0x6e, 0x22, 0x2c, 0x22, 0x73, 0x79, 0x73, 0x22, 0x5d, 0x3b, 0x0a, 0x76, 0x61, 0x72, 0x20,
    0x44, 0x41, 0x54, 0x41, 0x20, 0x3d, 0x20, 0x7b, 0x62, 0x61, 0x73, 0x65, 0x3a, 0x42, 0x41, 0x53,
    0x45, 0x2c, 0x20, 0x78, 0x74, 0x72, 0x61, 0x3a, 0x58, 0x54, 0x52, 0x41, 0x2c, 0x20, 0x66, 0x6e,
    0x3a, 0x46, 0x4e, 0x2c, 0x20, 0x73, 0x79, 0x73, 0x3a, 0x53, 0x59, 0x53, 0x7d, 0x3b, 0x0a, 0x0a,
    0x2f, 0x2a, 0x20, 0x2d, 0x2d, 0x2d, 0x2d, 0x20, 0x72, 0x65, 0x6e, 0x64, 0x65, 0x72, 0x20, 0x2d,
    0x2d, 0x2d, 0x2d, 0x2d, 0x2d, 0x2d, 0x2d, 0x2d, 0x2d, 0x2d, 0x2d, 0x2d, 0x2d, 0x2d, 0x2d, 0x2d,
    0x2d, 0x2d, 0x2d, 0x2d, 0x2d, 0x2d, 0x2d, 0x2d, 0x2d, 0x2d, 0x2d, 0x2d, 0x2d, 0x2d, 0x2d, 0x2d,
    0x2d, 0x2d, 0x2d, 0x2d, 0x2d, 0x2d, 0x2d, 0x2d, 0x2d, 0x2d, 0x2d, 0x2d, 0x2d, 0x2d, 0x2d, 0x2d,
    0x2d, 0x2d, 0x2d, 0x2d, 0x2d, 0x2d, 0x2d, 0x2d, 0x2d, 0x20, 0x2a, 0x2f, 0x0a, 0x76, 0x61, 0x72,
    0x20, 0x62, 0x6f, 0x61, 0x72, 0x64, 0x20, 0x3d, 0x20, 0x64, 0x6f, 0x63, 0x75, 0x6d, 0x65, 0x6e,
    0x74, 0x2e, 0x67, 0x65, 0x74, 0x45, 0x6c, 0x65, 0x6d, 0x65, 0x6e, 0x74, 0x42, 0x79, 0x49, 0x64,
    0x28, 0x22, 0x62, 0x6f, 0x61, 0x72, 0x64, 0x22, 0x29, 0x3b, 0x0a, 0x76, 0x61, 0x72, 0x20, 0x63,
    0x75, 0x72, 0x72, 0x65, 0x6e, 0x74, 0x20, 0x3d, 0x20, 0x22, 0x62, 0x61, 0x73, 0x65, 0x22, 0x2c,
    0x20, 0x73, 0x65, 0x6c, 0x65, 0x63, 0x74, 0x65, 0x64, 0x20, 0x3d, 0x20, 0x6e, 0x75, 0x6c, 0x6c,
    0x3b, 0x0a, 0x0a, 0x66, 0x75, 0x6e, 0x63, 0x74, 0x69, 0x6f, 0x6e, 0x20, 0x66, 0x73, 0x43, 0x6c,
    0x61, 0x73, 0x73, 0x28, 0x73, 0x29, 0x7b, 0x0a, 0x20, 0x20, 0x76, 0x61, 0x72, 0x20, 0x6e, 0x20,
    0x3d, 0x20, 0x73, 0x2e, 0x6c, 0x65, 0x6e, 0x67, 0x74, 0x68, 0x3b, 0x0a, 0x20, 0x20, 0x72, 0x65,
    0x74, 0x75, 0x72, 0x6e, 0x20, 0x6e, 0x20, 0x3c, 0x3d, 0x20, 0x32, 0x20, 0x3f, 0x20, 0x22, 0x66,
    0x73, 0x2d, 0x31, 0x22, 0x20, 0x3a, 0x20, 0x6e, 0x20, 0x3c, 0x3d, 0x20, 0x34, 0x20, 0x3f, 0x20,
    0x22, 0x66, 0x73, 0x2d, 0x32, 0x22, 0x20, 0x3a, 0x20, 0x6e, 0x20, 0x3c, 0x3d, 0x20, 0x36, 0x20,
    0x3f, 0x20, 0x22, 0x66, 0x73, 0x2d, 0x33, 0x22, 0x20, 0x3a, 0x20, 0x22, 0x66, 0x73, 0x2d, 0x34,
    0x22, 0x3b, 0x0a, 0x7d, 0x0a, 0x0a, 0x76, 0x61, 0x72, 0x20, 0x6e, 0x6f, 0x64, 0x65, 0x73, 0x20,
    0x3d, 0x20, 0x5b, 0x5d, 0x3b, 0x0a, 0x73, 0x6c, 0x6f, 0x74, 0x73, 0x2e, 0x66, 0x6f, 0x72, 0x45,
    0x61, 0x63, 0x68, 0x28, 0x66, 0x75, 0x6e, 0x63, 0x74, 0x69, 0x6f, 0x6e, 0x28, 0x73, 0x29, 0x7b,
    0x0a, 0x20, 0x20, 0x76, 0x61, 0x72, 0x20, 0x65, 0x6c, 0x20, 0x3d, 0x20, 0x64, 0x6f, 0x63, 0x75,
    0x6d, 0x65, 0x6e, 0x74, 0x2e, 0x63, 0x72, 0x65, 0x61, 0x74, 0x65, 0x45, 0x6c, 0x65, 0x6d, 0x65,
    0x6e, 0x74, 0x28, 0x22, 0x62, 0x75, 0x74, 0x74, 0x6f, 0x6e, 0x22, 0x29, 0x3b, 0x0a, 0x20, 0x20,
    0x65, 0x6c, 0x2e, 0x74, 0x79, 0x70, 0x65, 0x20, 0x3d, 0x20, 0x22, 0x62, 0x75, 0x74, 0x74, 0x6f,
    0x6e, 0x22, 0x3b, 0x0a, 0x20, 0x20, 0x65, 0x6c, 0x2e, 0x63, 0x6c, 0x61, 0x73, 0x73, 0x4e, 0x61,
    0x6d, 0x65, 0x20, 0x3d, 0x20, 0x73, 0x2e, 0x74, 0x20, 0x3d, 0x3d, 0x3d, 0x20, 0x22, 0x65, 0x6e,
    0x63, 0x22, 0x20, 0x3f, 0x20, 0x22, 0x65, 0x6e, 0x63, 0x22, 0x20, 0x3a, 0x20, 0x22, 0x6b, 0x65,
    0x79, 0x22, 0x3b, 0x0a, 0x20, 0x20, 0x65, 0x6c, 0x2e, 0x73, 0x74, 0x79, 0x6c, 0x65, 0x2e, 0x6c,
    0x65, 0x66, 0x74, 0x20, 0x3d, 0x20, 0x73, 0x2e, 0x78, 0x20, 0x2b, 0x20, 0x22, 0x70, 0x78, 0x22,
    0x3b, 0x0a, 0x20, 0x20, 0x65, 0x6c, 0x2e, 0x73, 0x74, 0x79, 0x6c, 0x65, 0x2e, 0x74, 0x6f, 0x70,
    0x20, 0x20, 0x3d, 0x20, 0x73, 0x2e, 0x79, 0x20, 0x2b, 0x20, 0x22, 0x70, 0x78, 0x22, 0x3b, 0x0a,
    0x20, 0x20, 0x65, 0x6c, 0x2e, 0x64, 0x61, 0x74, 0x61, 0x73, 0x65, 0x74, 0x2e, 0x70, 0x20, 0x3d,
    0x20, 0x73, 0x2e, 0x70, 0x3b, 0x0a, 0x20, 0x20, 0x65, 0x6c, 0x2e, 0x69, 0x6e, 0x6e, 0x65, 0x72,
    0x48, 0x54, 0x4d, 0x4c, 0x20, 0x3d, 0x20, 0x27, 0x3c, 0x73, 0x70, 0x61, 0x6e, 0x20, 0x63, 0x6c,
    0x61, 0x73, 0x73, 0x3d, 0x22, 0x6e, 0x75, 0x6d, 0x22, 0x3e, 0x27, 0x20, 0x2b, 0x20, 0x73, 0x2e,
    0x70, 0x20, 0x2b, 0x20, 0x27, 0x3c, 0x2f, 0x73, 0x70, 0x61, 0x6e, 0x3e, 0x27, 0x20, 0x2b, 0x0a,
    0x20, 0x20, 0x20, 0x20, 0x20, 0x20, 0x20, 0x20, 0x20, 0x20, 0x20, 0x20, 0x20, 0x20, 0x20, 0x20,
    0x20, 0x28, 0x73, 0x2e, 0x74, 0x20, 0x3d, 0x3d, 0x3d, 0x20, 0x22, 0x65, 0x6e, 0x63, 0x22, 0x20,
    0x3f, 0x20, 0x27, 0x3c, 0x73, 0x70, 0x61, 0x6e, 0x20, 0x63, 0x6c, 0x61, 0x73, 0x73, 0x3d, 0x22,
    0x72, 0x6f, 0x74, 0x22, 0x3e, 0xe2, 0x86, 0xba, 0x20, 0xe2, 0x86, 0xbb, 0x3c, 0x2f, 0x73, 0x70,
    0x61, 0x6e, 0x3e, 0x27, 0x20, 0x3a, 0x20, 0x22, 0x22, 0x29, 0x20, 0x2b, 0x0a, 0x20, 0x20, 0x20,
    0x20, 0x20, 0x20, 0x20, 0x20, 0x20, 0x20, 0x20, 0x20, 0x20, 0x20, 0x20, 0x20, 0x20, 0x27, 0x3c,
    0x73, 0x70, 0x61, 0x6e, 0x20, 0x63, 0x6c, 0x61, 0x73, 0x73, 0x3d, 0x22, 0x6c, 0x62, 0x6c, 0x22,
    0x3e, 0x3c, 0x2f, 0x73, 0x70, 0x61, 0x6e, 0x3e, 0x27, 0x3b, 0x0a, 0x20, 0x20, 0x65, 0x6c, 0x2e,
    0x61, 0x64, 0x64, 0x45, 0x76, 0x65, 0x6e, 0x74, 0x4c, 0x69, 0x73, 0x74, 0x65, 0x6e, 0x65, 0x72,
    0x28, 0x22, 0x63, 0x6c, 0x69, 0x63, 0x6b, 0x22, 0x2c, 0x20, 0x66, 0x75, 0x6e, 0x63, 0x74, 0x69,
    0x6f, 0x6e, 0x28, 0x29, 0x7b, 0x20, 0x73, 0x65, 0x6c, 0x65, 0x63, 0x74, 0x28, 0x73, 0x2e, 0x70,
    0x29, 0x3b, 0x20, 0x7d, 0x29, 0x3b, 0x0a, 0x20, 0x20, 0x62, 0x6f, 0x61, 0x72, 0x64, 0x2e, 0x61,
    0x70, 0x70, 0x65, 0x6e, 0x64, 0x43, 0x68, 0x69, 0x6c, 0x64, 0x28, 0x65, 0x6c, 0x29, 0x3b, 0x0a,
    0x20, 0x20, 0x6e, 0x6f, 0x64, 0x65, 0x73, 0x2e, 0x70, 0x75, 0x73, 0x68, 0x28, 0x65, 0x6c, 0x29,
    0x3b, 0x0a, 0x7d, 0x29, 0x3b, 0x0a, 0x0a, 0x2f, 0x2a, 0x20, 0x63, 0x6f, 0x6d, 0x62, 0x6f, 0x20,
    0x6f, 0x75, 0x74, 0x6c, 0x69, 0x6e, 0x65, 0x73, 0x2c, 0x20, 0x64, 0x72, 0x61, 0x77, 0x6e, 0x20,
    0x61, 0x72, 0x6f, 0x75, 0x6e, 0x64, 0x20, 0x74, 0x68, 0x65, 0x20, 0x74, 0x72, 0x69, 0x67, 0x67,
    0x65, 0x72, 0x20, 0x70, 0x6f, 0x73, 0x69, 0x74, 0x69, 0x6f, 0x6e, 0x73, 0x20, 0x2a, 0x2f, 0x0a,
    0x76, 0x61, 0x72, 0x20, 0x43, 0x4f, 0x4d, 0x42, 0x4f, 0x53, 0x20, 0x3d, 0x20, 0x5b, 0x0a, 0x20,
    0x20, 0x7b, 0x70, 0x6f, 0x73, 0x3a, 0x5b, 0x30, 0x2c, 0x31, 0x5d, 0x2c, 0x20, 0x20, 0x20, 0x6c,
    0x61, 0x62, 0x65, 0x6c, 0x3a, 0x22, 0x54, 0x41, 0x42, 0x22, 0x2c, 0x20, 0x20, 0x20, 0x72, 0x61,
    0x77, 0x3a, 0x22, 0x26, 0x6b, 0x70, 0x20, 0x54, 0x41, 0x42, 0x22, 0x7d, 0x0a, 0x5d, 0x3b, 0x0a,
    0x76, 0x61, 0x72, 0x20, 0x63, 0x6f, 0x6d, 0x62, 0x6f, 0x45, 0x6c, 0x73, 0x20, 0x3d, 0x20, 0x43,
    0x4f, 0x4d, 0x42, 0x4f, 0x53, 0x2e, 0x6d, 0x61, 0x70, 0x28, 0x66, 0x75, 0x6e, 0x63, 0x74, 0x69,
    0x6f, 0x6e, 0x28, 0x63, 0x29, 0x7b, 0x0a, 0x20, 0x20, 0x76, 0x61, 0x72, 0x20, 0x61, 0x20, 0x3d,
    0x20, 0x73, 0x6c, 0x6f, 0x74, 0x73, 0x5b, 0x63, 0x2e, 0x70, 0x6f, 0x73, 0x5b, 0x30, 0x5d, 0x5d,
    0x2c, 0x20, 0x62, 0x20, 0x3d, 0x20, 0x73, 0x6c, 0x6f, 0x74, 0x73, 0x5b, 0x63, 0x2e, 0x70, 0x6f,
    0x73, 0x5b, 0x31, 0x5d, 0x5d, 0x3b, 0x0a, 0x20, 0x20, 0x76, 0x61, 0x72, 0x20, 0x78, 0x30, 0x20,
    0x3d, 0x20, 0x4d, 0x61, 0x74, 0x68, 0x2e, 0x6d, 0x69, 0x6e, 0x28, 0x61, 0x2e, 0x78, 0x2c, 0x20,
    0x62, 0x2e, 0x78, 0x29, 0x20, 0x2d, 0x20, 0x34, 0x2c, 0x20, 0x79, 0x30, 0x20, 0x3d, 0x20, 0x4d,
    0x61, 0x74, 0x68, 0x2e, 0x6d, 0x69, 0x6e, 0x28, 0x61, 0x2e, 0x79, 0x2c, 0x20, 0x62, 0x2e, 0x79,
    0x29, 0x20, 0x2d, 0x20, 0x34, 0x3b, 0x0a, 0x20, 0x20, 0x76, 0x61, 0x72, 0x20, 0x78, 0x31, 0x20,
    0x3d, 0x20, 0x4d, 0x61, 0x74, 0x68, 0x2e, 0x6d, 0x61, 0x78, 0x28, 0x61, 0x2e, 0x78, 0x2c, 0x20,
    0x62, 0x2e, 0x78, 0x29, 0x20, 0x2b, 0x20, 0x35, 0x32, 0x20, 0x2b, 0x20, 0x34, 0x2c, 0x20, 0x79,
    0x31, 0x20, 0x3d, 0x20, 0x4d, 0x61, 0x74, 0x68, 0x2e, 0x6d, 0x61, 0x78, 0x28, 0x61, 0x2e, 0x79,
    0x2c, 0x20, 0x62, 0x2e, 0x79, 0x29, 0x20, 0x2b, 0x20, 0x35, 0x32, 0x20, 0x2b, 0x20, 0x34, 0x3b,
    0x0a, 0x20, 0x20, 0x76, 0x61, 0x72, 0x20, 0x65, 0x20, 0x3d, 0x20, 0x64, 0x6f, 0x63, 0x75, 0x6d,
    0x65, 0x6e, 0x74, 0x2e, 0x63, 0x72, 0x65, 0x61, 0x74, 0x65, 0x45, 0x6c, 0x65, 0x6d, 0x65, 0x6e,
    0x74, 0x28, 0x22, 0x64, 0x69, 0x76, 0x22, 0x29, 0x3b, 0x0a, 0x20, 0x20, 0x65, 0x2e, 0x63, 0x6c,
    0x61, 0x73, 0x73, 0x4e, 0x61, 0x6d, 0x65, 0x20, 0x3d, 0x20, 0x22, 0x63, 0x6f, 0x6d, 0x62, 0x6f,
    0x22, 0x3b, 0x0a, 0x20, 0x20, 0x65, 0x2e, 0x73, 0x74, 0x79, 0x6c, 0x65, 0x2e, 0x6c, 0x65, 0x66,
    0x74, 0x20, 0x3d, 0x20, 0x78, 0x30, 0x20, 0x2b, 0x20, 0x22, 0x70, 0x78, 0x22, 0x3b, 0x20, 0x20,
    0x65, 0x2e, 0x73, 0x74, 0x79, 0x6c, 0x65, 0x2e, 0x74, 0x6f, 0x70, 0x20, 0x3d, 0x20, 0x79, 0x30,
    0x20, 0x2b, 0x20, 0x22, 0x70, 0x78, 0x22, 0x3b, 0x0a, 0x20, 0x20, 0x65, 0x2e, 0x73, 0x74, 0x79,
    0x6c, 0x65, 0x2e, 0x77, 0x69, 0x64, 0x74, 0x68, 0x20, 0x3d, 0x20, 0x28, 0x78, 0x31, 0x20, 0x2d,
    0x20, 0x78, 0x30, 0x29, 0x20, 0x2b, 0x20, 0x22, 0x70, 0x78, 0x22, 0x3b, 0x20, 0x65, 0x2e, 0x73,
    0x74, 0x79, 0x6c, 0x65, 0x2e, 0x68, 0x65, 0x69, 0x67, 0x68, 0x74, 0x20, 0x3d, 0x20, 0x28, 0x79,
    0x31, 0x20, 0x2d, 0x20, 0x79, 0x30, 0x29, 0x20, 0x2b, 0x20, 0x22, 0x70, 0x78, 0x22, 0x3b, 0x0a,
    0x20, 0x20, 0x65, 0x2e, 0x69, 0x6e, 0x6e, 0x65, 0x72, 0x48, 0x54, 0x4d, 0x4c, 0x20, 0x3d, 0x20,
    0x27, 0x3c, 0x73, 0x70, 0x61, 0x6e, 0x20, 0x63, 0x6c, 0x61, 0x73, 0x73, 0x3d, 0x22, 0x63, 0x6f,
    0x6d, 0x62, 0x6f, 0x2d, 0x74, 0x61, 0x67, 0x22, 0x3e, 0x27, 0x20, 0x2b, 0x20, 0x63, 0x2e, 0x6c,
    0x61, 0x62, 0x65, 0x6c, 0x20, 0x2b, 0x20, 0x22, 0x3c, 0x2f, 0x73, 0x70, 0x61, 0x6e, 0x3e, 0x22,
    0x3b, 0x0a, 0x20, 0x20, 0x62, 0x6f, 0x61, 0x72, 0x64, 0x2e, 0x61, 0x70, 0x70, 0x65, 0x6e, 0x64,
    0x43, 0x68, 0x69, 0x6c, 0x64, 0x28, 0x65, 0x29, 0x3b, 0x0a, 0x20, 0x20, 0x72, 0x65, 0x74, 0x75,
    0x72, 0x6e, 0x20, 0x65, 0x3b, 0x0a, 0x7d, 0x29, 0x3b, 0x0a, 0x0a, 0x5b, 0x5b, 0x22, 0x4c, 0x45,
    0x46, 0x54, 0x20, 0xc2, 0xb7, 0x20, 0x43, 0x45, 0x4e, 0x54, 0x52, 0x41, 0x4c, 0x22, 0x2c, 0x20,
    0x30, 0x2c, 0x20, 0x32, 0x39, 0x32, 0x5d, 0x2c, 0x20, 0x5b, 0x22, 0x52, 0x49, 0x47, 0x48, 0x54,
    0x20, 0xc2, 0xb7, 0x20, 0x50, 0x45, 0x52, 0x49, 0x50, 0x48, 0x45, 0x52, 0x41, 0x4c, 0x22, 0x2c,
    0x20, 0x36, 0x39, 0x30, 0x2c, 0x20, 0x32, 0x39, 0x32, 0x5d, 0x5d, 0x2e, 0x66, 0x6f, 0x72, 0x45,
    0x61, 0x63, 0x68, 0x28, 0x66, 0x75, 0x6e, 0x63, 0x74, 0x69, 0x6f, 0x6e, 0x28, 0x6c, 0x29, 0x7b,
    0x0a, 0x20, 0x20, 0x76, 0x61, 0x72, 0x20, 0x65, 0x20, 0x3d, 0x20, 0x64, 0x6f, 0x63, 0x75, 0x6d,
    0x65, 0x6e, 0x74, 0x2e, 0x63, 0x72, 0x65, 0x61, 0x74, 0x65, 0x45, 0x6c, 0x65, 0x6d, 0x65, 0x6e,
    0x74, 0x28, 0x22, 0x64, 0x69, 0x76, 0x22, 0x29, 0x3b, 0x0a, 0x20, 0x20, 0x65, 0x2e, 0x63, 0x6c,
    0x61, 0x73, 0x73, 0x4e, 0x61, 0x6d, 0x65, 0x20, 0x3d, 0x20, 0x22, 0x68, 0x61, 0x6c, 0x66, 0x6c,
    0x61, 0x62, 0x65, 0x6c, 0x22, 0x3b, 0x0a, 0x20, 0x20, 0x65, 0x2e, 0x74, 0x65, 0x78, 0x74, 0x43,
    0x6f, 0x6e, 0x74, 0x65, 0x6e, 0x74, 0x20, 0x3d, 0x20, 0x6c, 0x5b, 0x30, 0x5d, 0x3b, 0x20, 0x65,
    0x2e, 0x73, 0x74, 0x79, 0x6c, 0x65, 0x2e, 0x6c, 0x65, 0x66, 0x74, 0x20, 0x3d, 0x20, 0x6c, 0x5b,
    0x31, 0x5d, 0x20, 0x2b, 0x20, 0x22, 0x70, 0x78, 0x22, 0x3b, 0x20, 0x65, 0x2e, 0x73, 0x74, 0x79,
    0x6c, 0x65, 0x2e, 0x74, 0x6f, 0x70, 0x20, 0x3d, 0x20, 0x6c, 0x5b, 0x32, 0x5d, 0x20, 0x2b, 0x20,
    0x22, 0x70, 0x78, 0x22, 0x3b, 0x0a, 0x20, 0x20, 0x62, 0x6f, 0x61, 0x72, 0x64, 0x2e, 0x61, 0x70,
    0x70, 0x65, 0x6e, 0x64, 0x43, 0x68, 0x69, 0x6c, 0x64, 0x28, 0x65, 0x29, 0x3b, 0x0a, 0x7d, 0x29,
    0x3b, 0x0a, 0x0a, 0x66, 0x75, 0x6e, 0x63, 0x74, 0x69, 0x6f, 0x6e, 0x20, 0x70, 0x61, 0x69, 0x6e,
    0x74, 0x28, 0x29, 0x7b, 0x0a, 0x20, 0x20, 0x76, 0x61, 0x72, 0x20, 0x4c, 0x20, 0x3d, 0x20, 0x44,
    0x41, 0x54, 0x41, 0x5b, 0x63, 0x75, 0x72, 0x72, 0x65, 0x6e, 0x74, 0x5d, 0x2c, 0x20, 0x6d, 0x65,
    0x74, 0x61, 0x20, 0x3d, 0x20, 0x4c, 0x41, 0x59, 0x45, 0x52, 0x53, 0x5b, 0x63, 0x75, 0x72, 0x72,
    0x65, 0x6e, 0x74, 0x5d, 0x3b, 0x0a, 0x20, 0x20, 0x62, 0x6f, 0x61, 0x72, 0x64, 0x2e, 0x64, 0x61,
    0x74, 0x61, 0x73, 0x65, 0x74, 0x2e, 0x6c, 0x20, 0x3d, 0x20, 0x63, 0x75, 0x72, 0x72, 0x65, 0x6e,
    0x74, 0x3b, 0x0a, 0x20, 0x20, 0x63, 0x6f, 0x6d, 0x62, 0x6f, 0x45, 0x6c, 0x73, 0x2e, 0x66, 0x6f,
    0x72, 0x45, 0x61, 0x63, 0x68, 0x28, 0x66, 0x75, 0x6e, 0x63, 0x74, 0x69, 0x6f, 0x6e, 0x28, 0x65,
    0x29, 0x7b, 0x20, 0x65, 0x2e, 0x73, 0x74, 0x79, 0x6c, 0x65, 0x2e, 0x64, 0x69, 0x73, 0x70, 0x6c,
    0x61, 0x79, 0x20, 0x3d, 0x20, 0x63, 0x75, 0x72, 0x72, 0x65, 0x6e, 0x74, 0x20, 0x3d, 0x3d, 0x3d,
    0x20, 0x22, 0x62, 0x61, 0x73, 0x65, 0x22, 0x20, 0x3f, 0x20, 0x22, 0x22, 0x20, 0x3a, 0x20, 0x22,
    0x6e, 0x6f, 0x6e, 0x65, 0x22, 0x3b, 0x20, 0x7d, 0x29, 0x3b, 0x0a, 0x20, 0x20, 0x73, 0x6c, 0x6f,
    0x74, 0x73, 0x2e, 0x66, 0x6f, 0x72, 0x45, 0x61, 0x63, 0x68, 0x28, 0x66, 0x75, 0x6e, 0x63, 0x74,
    0x69, 0x6f, 0x6e, 0x28, 0x73, 0x2c, 0x20, 0x69, 0x29, 0x7b, 0x0a, 0x20, 0x20, 0x20, 0x20, 0x76,
    0x61, 0x72, 0x20, 0x62, 0x20, 0x3d, 0x20, 0x4c, 0x5b, 0x73, 0x2e, 0x70, 0x5d, 0x2c, 0x20, 0x65,
    0x6c, 0x20, 0x3d, 0x20, 0x6e, 0x6f, 0x64, 0x65, 0x73, 0x5b, 0x69, 0x5d, 0x3b, 0x0a, 0x20, 0x20,
    0x20, 0x20, 0x76, 0x61, 0x72, 0x20, 0x69, 0x73, 0x54, 0x72, 0x61, 0x6e, 0x73, 0x20, 0x3d, 0x20,
    0x62, 0x5b, 0x32, 0x5d, 0x20, 0x3d, 0x3d, 0x3d, 0x20, 0x22, 0x74, 0x72, 0x61, 0x6e, 0x73, 0x22,
    0x3b, 0x0a, 0x20, 0x20, 0x20, 0x20, 0x76, 0x61, 0x72, 0x20, 0x6c, 0x61, 0x62, 0x65, 0x6c, 0x20,
    0x3d, 0x20, 0x69, 0x73, 0x54, 0x72, 0x61, 0x6e, 0x73, 0x20, 0x3f, 0x20, 0x42, 0x41, 0x53, 0x45,
    0x5b, 0x73, 0x2e, 0x70, 0x5d, 0x5b, 0x30, 0x5d, 0x20, 0x3a, 0x20, 0x62, 0x5b, 0x30, 0x5d, 0x3b,
    0x0a, 0x20, 0x20, 0x20, 0x20, 0x76, 0x61, 0x72, 0x20, 0x68, 0x65, 0x6c, 0x64, 0x20, 0x3d, 0x20,
    0x6d, 0x65, 0x74, 0x61, 0x2e, 0x68, 0x65, 0x6c, 0x64, 0x2e, 0x69, 0x6e, 0x64, 0x65, 0x78, 0x4f,
    0x66, 0x28, 0x73, 0x2e, 0x70, 0x29, 0x20, 0x21, 0x3d, 0x3d, 0x20, 0x2d, 0x31, 0x3b, 0x0a, 0x20,
    0x20, 0x20, 0x20, 0x76, 0x61, 0x72, 0x20, 0x63, 0x6c, 0x73, 0x20, 0x3d, 0x20, 0x28, 0x73, 0x2e,
    0x74, 0x20, 0x3d, 0x3d, 0x3d, 0x20, 0x22, 0x65, 0x6e, 0x63, 0x22, 0x20, 0x3f, 0x20, 0x22, 0x65,
    0x6e, 0x63, 0x22, 0x20, 0x3a, 0x20, 0x22, 0x6b, 0x65, 0x79, 0x22, 0x29, 0x3b, 0x0a, 0x20, 0x20,
    0x20, 0x20, 0x69, 0x66, 0x20, 0x28, 0x73, 0x2e, 0x74, 0x20, 0x21, 0x3d, 0x3d, 0x20, 0x22, 0x65,
    0x6e, 0x63, 0x22, 0x29, 0x20, 0x63, 0x6c, 0x73, 0x20, 0x2b, 0x3d, 0x20, 0x22, 0x20, 0x22, 0x20,
    0x2b, 0x20, 0x66, 0x73, 0x43, 0x6c, 0x61, 0x73, 0x73, 0x28, 0x6c, 0x61, 0x62, 0x65, 0x6c, 0x29,
    0x3b, 0x0a, 0x20, 0x20, 0x20, 0x20, 0x69, 0x66, 0x20, 0x28, 0x69, 0x73, 0x54, 0x72, 0x61, 0x6e,
    0x73, 0x20, 0x26, 0x26, 0x20, 0x21, 0x68, 0x65, 0x6c, 0x64, 0x29, 0x20, 0x63, 0x6c, 0x73, 0x20,
    0x2b, 0x3d, 0x20, 0x22, 0x20, 0x74, 0x72, 0x61, 0x6e, 0x73, 0x22, 0x3b, 0x0a, 0x20, 0x20, 0x20,
    0x20, 0x69, 0x66, 0x20, 0x28, 0x62, 0x5b, 0x32, 0x5d, 0x20, 0x3d, 0x3d, 0x3d, 0x20, 0x22, 0x6d,
    0x6f, 0x22, 0x29, 0x20, 0x20, 0x20, 0x20, 0x20, 0x63, 0x6c, 0x73, 0x20, 0x2b, 0x3d, 0x20, 0x22,
    0x20, 0x6d, 0x6f, 0x22, 0x3b, 0x0a, 0x20, 0x20, 0x20, 0x20, 0x69, 0x66, 0x20, 0x28, 0x62, 0x5b,
    0x32, 0x5d, 0x20, 0x3d, 0x3d, 0x3d, 0x20, 0x22, 0x64, 0x61, 0x6e, 0x67, 0x65, 0x72, 0x22, 0x29,
    0x20, 0x63, 0x6c, 0x73, 0x20, 0x2b, 0x3d, 0x20, 0x22, 0x20, 0x64, 0x61, 0x6e, 0x67, 0x65, 0x72,
    0x22, 0x3b, 0x0a, 0x20, 0x20, 0x20, 0x20, 0x69, 0x66, 0x20, 0x28, 0x68, 0x65, 0x6c, 0x64, 0x29,
    0x20, 0x20, 0x20, 0x20, 0x20, 0x20, 0x20, 0x20, 0x20, 0x20, 0x20, 0x20, 0x20, 0x20, 0x63, 0x6c,
    0x73, 0x20, 0x2b, 0x3d, 0x20, 0x22, 0x20, 0x68, 0x65, 0x6c, 0x64, 0x22, 0x3b, 0x0a, 0x20, 0x20,
    0x20, 0x20, 0x69, 0x66, 0x20, 0x28, 0x73, 0x65, 0x6c, 0x65, 0x63, 0x74, 0x65, 0x64, 0x20, 0x3d,
    0x3d, 0x3d, 0x20, 0x73, 0x2e, 0x70, 0x29, 0x20, 0x20, 0x63, 0x6c, 0x73, 0x20, 0x2b, 0x3d, 0x20,
    0x22, 0x20, 0x73, 0x65, 0x6c, 0x22, 0x3b, 0x0a, 0x20, 0x20, 0x20, 0x20, 0x65, 0x6c, 0x2e, 0x63,
    0x6c, 0x61, 0x73, 0x73, 0x4e, 0x61, 0x6d, 0x65, 0x20, 0x3d, 0x20, 0x63, 0x6c, 0x73, 0x3b, 0x0a,
    0x20, 0x20, 0x20, 0x20, 0x65, 0x6c, 0x2e, 0x71, 0x75, 0x65, 0x72, 0x79, 0x53, 0x65, 0x6c, 0x65,
    0x63, 0x74, 0x6f, 0x72, 0x28, 0x22, 0x2e, 0x6c, 0x62, 0x6c, 0x22, 0x29, 0x2e, 0x74, 0x65, 0x78,
    0x74, 0x43, 0x6f, 0x6e, 0x74, 0x65, 0x6e, 0x74, 0x20, 0x3d, 0x20, 0x68, 0x65, 0x6c, 0x64, 0x20,
    0x26, 0x26, 0x20, 0x69, 0x73, 0x54, 0x72, 0x61, 0x6e, 0x73, 0x20, 0x3f, 0x20, 0x42, 0x41, 0x53,
    0x45, 0x5b, 0x73, 0x2e, 0x70, 0x5d, 0x5b, 0x30, 0x5d, 0x20, 0x3a, 0x20, 0x6c, 0x61, 0x62, 0x65,
    0x6c, 0x3b, 0x0a, 0x20, 0x20, 0x20, 0x20, 0x65, 0x6c, 0x2e, 0x73, 0x65, 0x74, 0x41, 0x74, 0x74,
    0x72, 0x69, 0x62, 0x75, 0x74, 0x65, 0x28, 0x22, 0x61, 0x72, 0x69, 0x61, 0x2d, 0x6c, 0x61, 0x62,
    0x65, 0x6c, 0x22, 0x2c, 0x20, 0x22, 0x50, 0x6f, 0x73, 0x69, 0x74, 0x69, 0x6f, 0x6e, 0x20, 0x22,
    0x20, 0x2b, 0x20, 0x73, 0x2e, 0x70, 0x20, 0x2b, 0x20, 0x22, 0x2c, 0x20, 0x22, 0x20, 0x2b, 0x20,
    0x28, 0x6c, 0x61, 0x62, 0x65, 0x6c, 0x20, 0x7c, 0x7c, 0x20, 0x22, 0x74, 0x72, 0x61, 0x6e, 0x73,
    0x70, 0x61, 0x72, 0x65, 0x6e, 0x74, 0x22, 0x29, 0x29, 0x3b, 0x0a, 0x20, 0x20, 0x7d, 0x29, 0x3b,
    0x0a, 0x20, 0x20, 0x64, 0x65, 0x74, 0x61, 0x69, 0x6c, 0x28, 0x6d, 0x65, 0x74, 0x61, 0x29, 0x3b,
    0x0a, 0x20, 0x20, 0x69, 0x66, 0x20, 0x28, 0x73, 0x65, 0x6c, 0x65, 0x63, 0x74, 0x65, 0x64, 0x20,
    0x21, 0x3d, 0x3d, 0x20, 0x6e, 0x75, 0x6c, 0x6c, 0x29, 0x20, 0x69, 0x6e, 0x73, 0x70, 0x65, 0x63,
    0x74, 0x28, 0x73, 0x65, 0x6c, 0x65, 0x63, 0x74, 0x65, 0x64, 0x29, 0x3b, 0x0a, 0x7d, 0x0a, 0x0a,
    0x66, 0x75, 0x6e, 0x63, 0x74, 0x69, 0x6f, 0x6e, 0x20, 0x64, 0x65, 0x74, 0x61, 0x69, 0x6c, 0x28,
    0x6d, 0x29, 0x7b, 0x0a, 0x20, 0x20, 0x76, 0x61, 0x72, 0x20, 0x64, 0x20, 0x3d, 0x20, 0x64, 0x6f,
    0x63, 0x75, 0x6d, 0x65, 0x6e, 0x74, 0x2e, 0x67, 0x65, 0x74, 0x45, 0x6c, 0x65, 0x6d, 0x65, 0x6e,
    0x74, 0x42, 0x79, 0x49, 0x64, 0x28, 0x22, 0x64, 0x65, 0x74, 0x61, 0x69, 0x6c, 0x22, 0x29, 0x3b,
    0x0a, 0x20, 0x20, 0x64, 0x2e, 0x64, 0x61, 0x74, 0x61, 0x73, 0x65, 0x74, 0x2e, 0x6c, 0x20, 0x3d,
    0x20, 0x6d, 0x2e, 0x6b, 0x65, 0x79, 0x3b, 0x0a, 0x20, 0x20, 0x64, 0x6f, 0x63, 0x75, 0x6d, 0x65,
    0x6e, 0x74, 0x2e, 0x67, 0x65, 0x74, 0x45, 0x6c, 0x65, 0x6d, 0x65, 0x6e, 0x74, 0x42, 0x79, 0x49,
    0x64, 0x28, 0x22, 0x64, 0x2d, 0x6e, 0x61, 0x6d, 0x65, 0x22, 0x29, 0x2e, 0x74, 0x65, 0x78, 0x74,
    0x43, 0x6f, 0x6e, 0x74, 0x65, 0x6e, 0x74, 0x20, 0x3d, 0x20, 0x6d, 0x2e, 0x6e, 0x61, 0x6d, 0x65,
    0x20, 0x2b, 0x20, 0x22, 0x20, 0x20, 0x22, 0x20, 0x2b, 0x20, 0x6d, 0x2e, 0x73, 0x75, 0x62, 0x3b,
    0x0a, 0x20, 0x20, 0x64, 0x6f, 0x63, 0x75, 0x6d, 0x65, 0x6e, 0x74, 0x2e, 0x67, 0x65, 0x74, 0x45,
    0x6c, 0x65, 0x6d, 0x65, 0x6e, 0x74, 0x42, 0x79, 0x49, 0x64, 0x28, 0x22, 0x64, 0x2d, 0x72, 0x65,
    0x61, 0x63, 0x68, 0x22, 0x29, 0x2e, 0x74, 0x65, 0x78, 0x74, 0x43, 0x6f, 0x6e, 0x74, 0x65, 0x6e,
    0x74, 0x20, 0x3d, 0x20, 0x6d, 0x2e, 0x72, 0x65, 0x61, 0x63, 0x68, 0x3b, 0x0a, 0x20, 0x20, 0x64,
    0x6f, 0x63, 0x75, 0x6d, 0x65, 0x6e, 0x74, 0x2e, 0x67, 0x65, 0x74, 0x45, 0x6c, 0x65, 0x6d, 0x65,
    0x6e, 0x74, 0x42, 0x79, 0x49, 0x64, 0x28, 0x22, 0x64, 0x2d, 0x62, 0x6f, 0x64, 0x79, 0x22, 0x29,
    0x2e, 0x69, 0x6e, 0x6e, 0x65, 0x72, 0x48, 0x54, 0x4d, 0x4c, 0x20, 0x3d, 0x20, 0x6d, 0x2e, 0x62,
    0x6f, 0x64, 0x79, 0x3b, 0x0a, 0x20, 0x20, 0x76, 0x61, 0x72, 0x20, 0x6b, 0x76, 0x20, 0x3d, 0x20,
    0x6d, 0x2e, 0x6b, 0x76, 0x2e, 0x73, 0x6c, 0x69, 0x63, 0x65, 0x28, 0x29, 0x3b, 0x0a, 0x20, 0x20,
    0x6b, 0x76, 0x2e, 0x70, 0x75, 0x73, 0x68, 0x28, 0x5b, 0x22, 0x4c, 0x65, 0x66, 0x74, 0x20, 0x65,
    0x6e, 0x63, 0x6f, 0x64, 0x65, 0x72, 0x22, 0x2c, 0x20, 0x6d, 0x2e, 0x65, 0x6e, 0x63, 0x5b, 0x30,
    0x5d, 0x5b, 0x30, 0x5d, 0x5d, 0x29, 0x3b, 0x0a, 0x20, 0x20, 0x6b, 0x76, 0x2e, 0x70, 0x75, 0x73,
    0x68, 0x28, 0x5b, 0x22, 0x52, 0x69, 0x67, 0x68, 0x74, 0x20, 0x65, 0x6e, 0x63, 0x6f, 0x64, 0x65,
    0x72, 0x22, 0x2c, 0x20, 0x6d, 0x2e, 0x65, 0x6e, 0x63, 0x5b, 0x31, 0x5d, 0x5b, 0x30, 0x5d, 0x5d,
    0x29, 0x3b, 0x0a, 0x20, 0x20, 0x64, 0x6f, 0x63, 0x75, 0x6d, 0x65, 0x6e, 0x74, 0x2e, 0x67, 0x65,
    0x74, 0x45, 0x6c, 0x65, 0x6d, 0x65, 0x6e, 0x74, 0x42, 0x79, 0x49, 0x64, 0x28, 0x22, 0x64, 0x2d,
    0x6b, 0x76, 0x22, 0x29, 0x2e, 0x69, 0x6e, 0x6e, 0x65, 0x72, 0x48, 0x54, 0x4d, 0x4c, 0x20, 0x3d,
    0x20, 0x6b, 0x76, 0x2e, 0x6d, 0x61, 0x70, 0x28, 0x66, 0x75, 0x6e, 0x63, 0x74, 0x69, 0x6f, 0x6e,
    0x28, 0x72, 0x29, 0x7b, 0x0a, 0x20, 0x20, 0x20, 0x20, 0x72, 0x65, 0x74, 0x75, 0x72, 0x6e, 0x20,
    0x22, 0x3c, 0x64, 0x69, 0x76, 0x3e, 0x3c, 0x64, 0x74, 0x3e, 0x22, 0x20, 0x2b, 0x20, 0x72, 0x5b,
    0x30, 0x5d, 0x20, 0x2b, 0x20, 0x22, 0x3c, 0x2f, 0x64, 0x74, 0x3e, 0x3c, 0x64, 0x64, 0x3e, 0x22,
    0x20, 0x2b, 0x20, 0x72, 0x5b, 0x31, 0x5d, 0x20, 0x2b, 0x20, 0x22, 0x3c, 0x2f, 0x64, 0x64, 0x3e,
    0x3c, 0x2f, 0x64, 0x69, 0x76, 0x3e, 0x22, 0x3b, 0x0a, 0x20, 0x20, 0x7d, 0x29, 0x2e, 0x6a, 0x6f,
    0x69, 0x6e, 0x28, 0x22, 0x22, 0x29, 0x3b, 0x0a, 0x7d, 0x0a, 0x0a, 0x66, 0x75, 0x6e, 0x63, 0x74,
    0x69, 0x6f, 0x6e, 0x20, 0x73, 0x65, 0x6c, 0x65, 0x63, 0x74, 0x28, 0x70, 0x6f, 0x73, 0x29, 0x7b,
    0x0a, 0x20, 0x20, 0x73, 0x65, 0x6c, 0x65, 0x63, 0x74, 0x65, 0x64, 0x20, 0x3d, 0x20, 0x73, 0x65,
    0x6c, 0x65, 0x63, 0x74, 0x65, 0x64, 0x20, 0x3d, 0x3d, 0x3d, 0x20, 0x70, 0x6f, 0x73, 0x20, 0x3f,
    0x20, 0x6e, 0x75, 0x6c, 0x6c, 0x20, 0x3a, 0x20, 0x70, 0x6f, 0x73, 0x3b, 0x0a, 0x20, 0x20, 0x70,
    0x61, 0x69, 0x6e, 0x74, 0x28, 0x29, 0x3b, 0x0a, 0x20, 0x20, 0x69, 0x66, 0x20, 0x28, 0x73, 0x65,
    0x6c, 0x65, 0x63, 0x74, 0x65, 0x64, 0x20, 0x3d, 0x3d, 0x3d, 0x20, 0x6e, 0x75, 0x6c, 0x6c, 0x29,
    0x7b, 0x0a, 0x20, 0x20, 0x20, 0x20, 0x64, 0x6f, 0x63, 0x75, 0x6d, 0x65, 0x6e, 0x74, 0x2e, 0x67,
    0x65, 0x74, 0x45, 0x6c, 0x65, 0x6d, 0x65, 0x6e, 0x74, 0x42, 0x79, 0x49, 0x64, 0x28, 0x22, 0x69,
    0x6e, 0x73, 0x70, 0x2d, 0x62, 0x6f, 0x64, 0x79, 0x22, 0x29, 0x2e, 0x68, 0x69, 0x64, 0x64, 0x65,
    0x6e, 0x20, 0x3d, 0x20, 0x74, 0x72, 0x75, 0x65, 0x3b, 0x0a, 0x20, 0x20, 0x20, 0x20, 0x64, 0x6f,
    0x63, 0x75, 0x6d, 0x65, 0x6e, 0x74, 0x2e, 0x67, 0x65, 0x74, 0x45, 0x6c, 0x65, 0x6d, 0x65, 0x6e,
    0x74, 0x42, 0x79, 0x49, 0x64, 0x28, 0x22, 0x69, 0x6e, 0x73, 0x70, 0x2d, 0x65, 0x6d, 0x70, 0x74,
    0x79, 0x22, 0x29, 0x2e, 0x68, 0x69, 0x64, 0x64, 0x65, 0x6e, 0x20, 0x3d, 0x20, 0x66, 0x61, 0x6c,
    0x73, 0x65, 0x3b, 0x0a, 0x20, 0x20, 0x7d, 0x0a, 0x7d, 0x0a, 0x0a, 0x66, 0x75, 0x6e, 0x63, 0x74,
    0x69, 0x6f, 0x6e, 0x20, 0x69, 0x6e, 0x73, 0x70, 0x65, 0x63, 0x74, 0x28, 0x70, 0x6f, 0x73, 0x29,
    0x7b, 0x0a, 0x20, 0x20, 0x76, 0x61, 0x72, 0x20, 0x73, 0x20, 0x3d, 0x20, 0x73, 0x6c, 0x6f, 0x74,
    0x73, 0x2e, 0x66, 0x69, 0x6c, 0x74, 0x65, 0x72, 0x28, 0x66, 0x75, 0x6e, 0x63, 0x74, 0x69, 0x6f,
    0x6e, 0x28, 0x78, 0x29, 0x7b, 0x20, 0x72, 0x65, 0x74, 0x75, 0x72, 0x6e, 0x20, 0x78, 0x2e, 0x70,
    0x20, 0x3d, 0x3d, 0x3d, 0x20, 0x70, 0x6f, 0x73, 0x3b, 0x20, 0x7d, 0x29, 0x5b, 0x30, 0x5d, 0x3b,
    0x0a, 0x20, 0x20, 0x64, 0x6f, 0x63, 0x75, 0x6d, 0x65, 0x6e, 0x74, 0x2e, 0x67, 0x65, 0x74, 0x45,
    0x6c, 0x65, 0x6d, 0x65, 0x6e, 0x74, 0x42, 0x79, 0x49, 0x64, 0x28, 0x22, 0x69, 0x6e, 0x73, 0x70,
    0x2d, 0x65, 0x6d, 0x70, 0x74, 0x79, 0x22, 0x29, 0x2e, 0x68, 0x69, 0x64, 0x64, 0x65, 0x6e, 0x20,
    0x3d, 0x20, 0x74, 0x72, 0x75, 0x65, 0x3b, 0x0a, 0x20, 0x20, 0x64, 0x6f, 0x63, 0x75, 0x6d, 0x65,
    0x6e, 0x74, 0x2e, 0x67, 0x65, 0x74, 0x45, 0x6c, 0x65, 0x6d, 0x65, 0x6e, 0x74, 0x42, 0x79, 0x49,
    0x64, 0x28, 0x22, 0x69, 0x6e, 0x73, 0x70, 0x2d, 0x62, 0x6f, 0x64, 0x79, 0x22, 0x29, 0x2e, 0x68,
    0x69, 0x64, 0x64, 0x65, 0x6e, 0x20, 0x3d, 0x20, 0x66, 0x61, 0x6c, 0x73, 0x65, 0x3b, 0x0a, 0x20,
    0x20, 0x64, 0x6f, 0x63, 0x75, 0x6d, 0x65, 0x6e, 0x74, 0x2e, 0x67, 0x65, 0x74, 0x45, 0x6c, 0x65,
    0x6d, 0x65, 0x6e, 0x74, 0x42, 0x79, 0x49, 0x64, 0x28, 0x22, 0x69, 0x6e, 0x73, 0x70, 0x2d, 0x70,
    0x6f, 0x73, 0x22, 0x29, 0x2e, 0x74, 0x65, 0x78, 0x74, 0x43, 0x6f, 0x6e, 0x74, 0x65, 0x6e, 0x74,
    0x20, 0x3d, 0x20, 0x22, 0x50, 0x6f, 0x73, 0x69, 0x74, 0x69, 0x6f, 0x6e, 0x20, 0x22, 0x20, 0x2b,
    0x20, 0x70, 0x6f, 0x73, 0x3b, 0x0a, 0x20, 0x20, 0x64, 0x6f, 0x63, 0x75, 0x6d, 0x65, 0x6e, 0x74,
    0x2e, 0x67, 0x65, 0x74, 0x45, 0x6c, 0x65, 0x6d, 0x65, 0x6e, 0x74, 0x42, 0x79, 0x49, 0x64, 0x28,
    0x22, 0x69, 0x6e, 0x73, 0x70, 0x2d, 0x77, 0x68, 0x65, 0x72, 0x65, 0x22, 0x29, 0x2e, 0x74, 0x65,
    0x78, 0x74, 0x43, 0x6f, 0x6e, 0x74, 0x65, 0x6e, 0x74, 0x20, 0x3d, 0x20, 0x77, 0x68, 0x65, 0x72,
    0x65, 0x28, 0x73, 0x29, 0x3b, 0x0a, 0x0a, 0x20, 0x20, 0x76, 0x61, 0x72, 0x20, 0x72, 0x6f, 0x77,
    0x73, 0x20, 0x3d, 0x20, 0x4f, 0x52, 0x44, 0x45, 0x52, 0x2e, 0x6d, 0x61, 0x70, 0x28, 0x66, 0x75,
    0x6e, 0x63, 0x74, 0x69, 0x6f, 0x6e, 0x28, 0x6b, 0x29, 0x7b, 0x0a, 0x20, 0x20, 0x20, 0x20, 0x76,
    0x61, 0x72, 0x20, 0x62, 0x20, 0x3d, 0x20, 0x44, 0x41, 0x54, 0x41, 0x5b, 0x6b, 0x5d, 0x5b, 0x70,
    0x6f, 0x73, 0x5d, 0x3b, 0x0a, 0x20, 0x20, 0x20, 0x20, 0x76, 0x61, 0x72, 0x20, 0x64, 0x69, 0x6d,
    0x20, 0x3d, 0x20, 0x62, 0x5b, 0x32, 0x5d, 0x20, 0x3d, 0x3d, 0x3d, 0x20, 0x22, 0x74, 0x72, 0x61,
    0x6e, 0x73, 0x22, 0x20, 0x3f, 0x20, 0x22, 0x20, 0x64, 0x69, 0x6d, 0x22, 0x20, 0x3a, 0x20, 0x22,
    0x22, 0x3b, 0x0a, 0x20, 0x20, 0x20, 0x20, 0x76, 0x61, 0x72, 0x20, 0x61, 0x63, 0x74, 0x20, 0x3d,
    0x20, 0x6b, 0x20, 0x3d, 0x3d, 0x3d, 0x20, 0x63, 0x75, 0x72, 0x72, 0x65, 0x6e, 0x74, 0x20, 0x3f,
    0x20, 0x22, 0x20, 0x61, 0x63, 0x74, 0x69, 0x76, 0x65, 0x22, 0x20, 0x3a, 0x20, 0x22, 0x22, 0x3b,
    0x0a, 0x20, 0x20, 0x20, 0x20, 0x72, 0x65, 0x74, 0x75, 0x72, 0x6e, 0x20, 0x27, 0x3c, 0x74, 0x72,
    0x20, 0x64, 0x61, 0x74, 0x61, 0x2d, 0x6c, 0x3d, 0x22, 0x27, 0x20, 0x2b, 0x20, 0x6b, 0x20, 0x2b,
    0x20, 0x27, 0x22, 0x20, 0x63, 0x6c, 0x61, 0x73, 0x73, 0x3d, 0x22, 0x27, 0x20, 0x2b, 0x20, 0x61,
    0x63, 0x74, 0x2e, 0x74, 0x72, 0x69, 0x6d, 0x28, 0x29, 0x20, 0x2b, 0x20, 0x64, 0x69, 0x6d, 0x20,
    0x2b, 0x20, 0x27, 0x22, 0x3e, 0x27, 0x20, 0x2b, 0x0a, 0x20, 0x20, 0x20, 0x20, 0x20, 0x20, 0x20,
    0x20, 0x20, 0x20, 0x20, 0x20, 0x20, 0x22, 0x3c, 0x74, 0x64, 0x3e, 0x22, 0x20, 0x2b, 0x20, 0x4c,
    0x41, 0x59, 0x45, 0x52, 0x53, 0x5b, 0x6b, 0x5d, 0x2e, 0x6e, 0x61, 0x6d, 0x65, 0x20, 0x2b, 0x20,
    0x22, 0x3c, 0x2f, 0x74, 0x64, 0x3e, 0x3c, 0x74, 0x64, 0x3e, 0x22, 0x20, 0x2b, 0x20, 0x65, 0x73,
    0x63, 0x28, 0x62, 0x5b, 0x31, 0x5d, 0x29, 0x20, 0x2b, 0x20, 0x22, 0x3c, 0x2f, 0x74, 0x64, 0x3e,
    0x3c, 0x2f, 0x74, 0x72, 0x3e, 0x22, 0x3b, 0x0a, 0x20, 0x20, 0x7d, 0x29, 0x3b, 0x0a, 0x0a, 0x20,
    0x20, 0x69, 0x66, 0x20, 0x28, 0x73, 0x2e, 0x74, 0x20, 0x3d, 0x3d, 0x3d, 0x20, 0x22, 0x65, 0x6e,
    0x63, 0x22, 0x29, 0x7b, 0x0a, 0x20, 0x20, 0x20, 0x20, 0x76, 0x61, 0x72, 0x20, 0x69, 0x64, 0x78,
    0x20, 0x3d, 0x20, 0x73, 0x2e, 0x73, 0x69, 0x64, 0x65, 0x20, 0x3d, 0x3d, 0x3d, 0x20, 0x22, 0x4c,
    0x22, 0x20, 0x3f, 0x20, 0x30, 0x20, 0x3a, 0x20, 0x31, 0x3b, 0x0a, 0x20, 0x20, 0x20, 0x20, 0x72,
    0x6f, 0x77, 0x73, 0x20, 0x3d, 0x20, 0x4f, 0x52, 0x44, 0x45, 0x52, 0x2e, 0x6d, 0x61, 0x70, 0x28,
    0x66, 0x75, 0x6e, 0x63, 0x74, 0x69, 0x6f, 0x6e, 0x28, 0x6b, 0x29, 0x7b, 0x0a, 0x20, 0x20, 0x20,
    0x20, 0x20, 0x20, 0x76, 0x61, 0x72, 0x20, 0x65, 0x20, 0x3d, 0x20, 0x4c, 0x41, 0x59, 0x45, 0x52,
    0x53, 0x5b, 0x6b, 0x5d, 0x2e, 0x65, 0x6e, 0x63, 0x5b, 0x69, 0x64, 0x78, 0x5d, 0x2c, 0x20, 0x62,
    0x20, 0x3d, 0x20, 0x44, 0x41, 0x54, 0x41, 0x5b, 0x6b, 0x5d, 0x5b, 0x70, 0x6f, 0x73, 0x5d, 0x3b,
    0x0a, 0x20, 0x20, 0x20, 0x20, 0x20, 0x20, 0x72, 0x65, 0x74, 0x75, 0x72, 0x6e, 0x20, 0x27, 0x3c,
    0x74, 0x72, 0x20, 0x64, 0x61, 0x74, 0x61, 0x2d, 0x6c, 0x3d, 0x22, 0x27, 0x20, 0x2b, 0x20, 0x6b,
    0x20, 0x2b, 0x20, 0x27, 0x22, 0x20, 0x63, 0x6c, 0x61, 0x73, 0x73, 0x3d, 0x22, 0x27, 0x20, 0x2b,
    0x20, 0x28, 0x6b, 0x20, 0x3d, 0x3d, 0x3d, 0x20, 0x63, 0x75, 0x72, 0x72, 0x65, 0x6e, 0x74, 0x20,
    0x3f, 0x20, 0x22, 0x61, 0x63, 0x74, 0x69, 0x76, 0x65, 0x22, 0x20, 0x3a, 0x20, 0x22, 0x22, 0x29,
    0x20, 0x2b, 0x20, 0x27, 0x22, 0x3e, 0x27, 0x20, 0x2b, 0x0a, 0x20, 0x20, 0x20, 0x20, 0x20, 0x20,
    0x20, 0x20, 0x20, 0x20, 0x20, 0x20, 0x20, 0x20, 0x20, 0x22, 0x3c, 0x74, 0x64, 0x3e, 0x22, 0x20,
    0x2b, 0x20, 0x4c, 0x41, 0x59, 0x45, 0x52, 0x53, 0x5b, 0x6b, 0x5d, 0x2e, 0x6e, 0x61, 0x6d, 0x65,
    0x20, 0x2b, 0x20, 0x22, 0x3c, 0x2f, 0x74, 0x64, 0x3e, 0x3c, 0x74, 0x64, 0x3e, 0x22, 0x20, 0x2b,
    0x20, 0x65, 0x73, 0x63, 0x28, 0x62, 0x5b, 0x31, 0x5d, 0x29, 0x20, 0x2b, 0x0a, 0x20, 0x20, 0x20,
    0x20, 0x20, 0x20, 0x20, 0x20, 0x20, 0x20, 0x20, 0x20, 0x20, 0x20, 0x20, 0x27, 0x3c, 0x62, 0x72,
    0x3e, 0x3c, 0x73, 0x70, 0x61, 0x6e, 0x20, 0x73, 0x74, 0x79, 0x6c, 0x65, 0x3d, 0x22, 0x6f, 0x70,
    0x61, 0x63, 0x69, 0x74, 0x79, 0x3a, 0x2e, 0x36, 0x22, 0x3e, 0x27, 0x20, 0x2b, 0x20, 0x65, 0x73,
    0x63, 0x28, 0x65, 0x5b, 0x31, 0x5d, 0x29, 0x20, 0x2b, 0x20, 0x22, 0x3c, 0x2f, 0x73, 0x70, 0x61,
    0x6e, 0x3e, 0x3c, 0x2f, 0x74, 0x64, 0x3e, 0x3c, 0x2f, 0x74, 0x72, 0x3e, 0x22, 0x3b, 0x0a, 0x20,
    0x20, 0x20, 0x20, 0x7d, 0x29, 0x3b, 0x0a, 0x20, 0x20, 0x7d, 0x0a, 0x20, 0x20, 0x64, 0x6f, 0x63,
    0x75, 0x6d, 0x65, 0x6e, 0x74, 0x2e, 0x67, 0x65, 0x74, 0x45, 0x6c, 0x65, 0x6d, 0x65, 0x6e, 0x74,
    0x42, 0x79, 0x49, 0x64, 0x28, 0x22, 0x69, 0x6e, 0x73, 0x70, 0x2d, 0x72, 0x6f, 0x77, 0x73, 0x22,
    0x29, 0x2e, 0x69, 0x6e, 0x6e, 0x65, 0x72, 0x48, 0x54, 0x4d, 0x4c, 0x20, 0x3d, 0x20, 0x72, 0x6f,
    0x77, 0x73, 0x2e, 0x6a, 0x6f, 0x69, 0x6e, 0x28, 0x22, 0x22, 0x29, 0x3b, 0x0a, 0x0a, 0x20, 0x20,
    0x76, 0x61, 0x72, 0x20, 0x6e, 0x6f, 0x74, 0x65, 0x20, 0x3d, 0x20, 0x22, 0x22, 0x3b, 0x0a, 0x20,
    0x20, 0x69, 0x66, 0x20, 0x28, 0x70, 0x6f, 0x73, 0x20, 0x3d, 0x3d, 0x3d, 0x20, 0x30, 0x20, 0x7c,
    0x7c, 0x20, 0x70, 0x6f, 0x73, 0x20, 0x3d, 0x3d, 0x3d, 0x20, 0x31, 0x29, 0x20, 0x6e, 0x6f, 0x74,
    0x65, 0x20, 0x3d, 0x20, 0x22, 0x41, 0x6c, 0x73, 0x6f, 0x20, 0x68, 0x61, 0x6c, 0x66, 0x20, 0x6f,
    0x66, 0x20, 0x74, 0x68, 0x65, 0x20, 0x51, 0x20, 0x2b, 0x20, 0x57, 0x20, 0x63, 0x6f, 0x6d, 0x62,
    0x6f, 0x20, 0x74, 0x68, 0x61, 0x74, 0x20, 0x73, 0x65, 0x6e, 0x64, 0x73, 0x20, 0x54, 0x61, 0x62,
    0x2e, 0x22, 0x3b, 0x0a, 0x20, 0x20, 0x65, 0x6c, 0x73, 0x65, 0x20, 0x69, 0x66, 0x20, 0x28, 0x70,
    0x6f, 0x73, 0x20, 0x3d, 0x3d, 0x3d, 0x20, 0x31, 0x30, 0x29, 0x20, 0x6e, 0x6f, 0x74, 0x65, 0x20,
    0x3d, 0x20, 0x22, 0x45, 0x73, 0x63, 0x61, 0x70, 0x65, 0x2e, 0x20, 0x58, 0x54, 0x52, 0x41, 0x20,
    0x6f, 0x76, 0x65, 0x72, 0x72, 0x69, 0x64, 0x65, 0x73, 0x20, 0x69, 0x74, 0x20, 0x77, 0x69, 0x74,
    0x68, 0x20, 0x61, 0x20, 0x62, 0x61, 0x63, 0x6b, 0x74, 0x69, 0x63, 0x6b, 0x2c, 0x20, 0x46, 0x4e,
    0x20, 0x77, 0x69, 0x74, 0x68, 0x20, 0x46, 0x31, 0x31, 0x2e, 0x22, 0x3b, 0x0a, 0x20, 0x20, 0x65,
    0x6c, 0x73, 0x65, 0x20, 0x69, 0x66, 0x20, 0x28, 0x70, 0x6f, 0x73, 0x20, 0x3d, 0x3d, 0x3d, 0x20,
    0x32, 0x32, 0x29, 0x20, 0x6e, 0x6f, 0x74, 0x65, 0x20, 0x3d, 0x20, 0x22, 0x54, 0x68, 0x65, 0x20,
    0x6f, 0x6e, 0x6c, 0x79, 0x20, 0x53, 0x68, 0x69, 0x66, 0x74, 0x20, 0x6f, 0x6e, 0x20, 0x74, 0x68,
    0x65, 0x20, 0x62, 0x6f, 0x61, 0x72, 0x64, 0x20, 0x5c, 0x75, 0x32, 0x30, 0x31, 0x34, 0x20, 0x74,
    0x68, 0x65, 0x20, 0x72, 0x69, 0x67, 0x68, 0x74, 0x20, 0x53, 0x68, 0x69, 0x66, 0x74, 0x20, 0x77,
    0x61, 0x73, 0x20, 0x67, 0x69, 0x76, 0x65, 0x6e, 0x20, 0x75, 0x70, 0x20, 0x66, 0x6f, 0x72, 0x20,
    0x45, 0x6e, 0x74, 0x65, 0x72, 0x2e, 0x20, 0x4f, 0x6e, 0x20, 0x46, 0x4e, 0x20, 0x69, 0x74, 0x20,
    0x69, 0x73, 0x20, 0x74, 0x68, 0x65, 0x20, 0x6d, 0x6f, 0x6d, 0x65, 0x6e, 0x74, 0x61, 0x72, 0x79,
    0x20, 0x6b, 0x65, 0x79, 0x20, 0x69, 0x6e, 0x74, 0x6f, 0x20, 0x53, 0x59, 0x53, 0x2e, 0x22, 0x3b,
    0x0a, 0x20, 0x20, 0x65, 0x6c, 0x73, 0x65, 0x20, 0x69, 0x66, 0x20, 0x28, 0x70, 0x6f, 0x73, 0x20,
    0x3d, 0x3d, 0x3d, 0x20, 0x32, 0x39, 0x29, 0x20, 0x6e, 0x6f, 0x74, 0x65, 0x20, 0x3d, 0x20, 0x22,
    0x50, 0x6c, 0x61, 0x79, 0x2f, 0x70, 0x61, 0x75, 0x73, 0x65, 0x2e, 0x20, 0x49, 0x74, 0x20, 0x68,
    0x65, 0x6c, 0x64, 0x20, 0x4e, 0x41, 0x56, 0x20, 0x75, 0x6e, 0x74, 0x69, 0x6c, 0x20, 0x74, 0x68,
    0x61, 0x74, 0x20, 0x6c, 0x61, 0x79, 0x65, 0x72, 0x20, 0x77, 0x61, 0x73, 0x20, 0x64, 0x65, 0x6c,
    0x65, 0x74, 0x65, 0x64, 0x2c, 0x20, 0x73, 0x6f, 0x20, 0x69, 0x74, 0x20, 0x69, 0x73, 0x20, 0x66,
    0x72, 0x65, 0x65, 0x20, 0x61, 0x67, 0x61, 0x69, 0x6e, 0x20, 0x5c, 0x75, 0x32, 0x30, 0x31, 0x34,
    0x20, 0x61, 0x6e, 0x64, 0x20, 0x69, 0x74, 0x20, 0x69, 0x73, 0x20, 0x74, 0x68, 0x65, 0x20, 0x6f,
    0x6e, 0x65, 0x20, 0x73, 0x70, 0x61, 0x72, 0x65, 0x20, 0x6b, 0x65, 0x79, 0x20, 0x6f, 0x6e, 0x20,
    0x74, 0x68, 0x65, 0x20, 0x70, 0x65, 0x72, 0x69, 0x70, 0x68, 0x65, 0x72, 0x61, 0x6c, 0x20, 0x68,
    0x61, 0x6c, 0x66, 0x2e, 0x22, 0x3b, 0x0a, 0x20, 0x20, 0x65, 0x6c, 0x73, 0x65, 0x20, 0x69, 0x66,
    0x20, 0x28, 0x70, 0x6f, 0x73, 0x20, 0x3d, 0x3d, 0x3d, 0x20, 0x33, 0x38, 0x29, 0x20, 0x6e, 0x6f,
    0x74, 0x65, 0x20, 0x3d, 0x20, 0x22, 0x48, 0x6f, 0x6c, 0x64, 0x20, 0x66, 0x6f, 0x72, 0x20, 0x58,
    0x54, 0x52, 0x41, 0x20, 0x5c, 0x75, 0x32, 0x30, 0x31, 0x34, 0x20, 0x74, 0x68, 0x65, 0x20, 0x6f,
    0x6e, 0x6c, 0x79, 0x20, 0x6d, 0x6f, 0x6d, 0x65, 0x6e, 0x74, 0x61, 0x72, 0x79, 0x20, 0x6c, 0x61,
    0x79, 0x65, 0x72, 0x20, 0x6b, 0x65, 0x79, 0x20, 0x6f, 0x6e, 0x20, 0x42, 0x41, 0x53, 0x45, 0x2e,
    0x20, 0x48, 0x6f, 0x6c, 0x64, 0x20, 0x69, 0x74, 0x20, 0x66, 0x69, 0x72, 0x73, 0x74, 0x20, 0x61,
    0x6e, 0x64, 0x20, 0x33, 0x39, 0x20, 0x62, 0x65, 0x63, 0x6f, 0x6d, 0x65, 0x73, 0x20, 0x61, 0x20,
    0x70, 0x6c, 0x61, 0x69, 0x6e, 0x20, 0x53, 0x75, 0x70, 0x65, 0x72, 0x2c, 0x20, 0x77, 0x69, 0x74,
    0x68, 0x20, 0x74, 0x68, 0x65, 0x20, 0x6e, 0x75, 0x6d, 0x70, 0x61, 0x64, 0x20, 0x75, 0x6e, 0x64,
    0x65, 0x72, 0x6e, 0x65, 0x61, 0x74, 0x68, 0x20, 0x69, 0x6e, 0x73, 0x74, 0x65, 0x61, 0x64, 0x20,
    0x6f, 0x66, 0x20, 0x74, 0x68, 0x65, 0x20, 0x61, 0x6c, 0x70, 0x68, 0x61, 0x73, 0x2e, 0x22, 0x3b,
    0x0a, 0x20, 0x20, 0x65, 0x6c, 0x73, 0x65, 0x20, 0x69, 0x66, 0x20, 0x28, 0x70, 0x6f, 0x73, 0x20,
    0x3d, 0x3d, 0x3d, 0x20, 0x33, 0x39, 0x29, 0x20, 0x6e, 0x6f, 0x74, 0x65, 0x20, 0x3d, 0x20, 0x22,
    0x54, 0x61, 0x70, 0x20, 0x66, 0x6f, 0x72, 0x20, 0x53, 0x70, 0x61, 0x63, 0x65, 0x2c, 0x20, 0x68,
    0x6f, 0x6c, 0x64, 0x20, 0x66, 0x6f, 0x72, 0x20, 0x53, 0x75, 0x70, 0x65, 0x72, 0x2e, 0x20, 0x41,
    0x20, 0x68, 0x6f, 0x6c, 0x64, 0x2d, 0x74, 0x61, 0x70, 0x20, 0x72, 0x61, 0x74, 0x68, 0x65, 0x72,
    0x20, 0x74, 0x68, 0x61, 0x6e, 0x20, 0x26, 0x6d, 0x74, 0x2c, 0x20, 0x77, 0x68, 0x6f, 0x73, 0x65,
    0x20, 0x68, 0x6f, 0x6c, 0x64, 0x2d, 0x70, 0x72, 0x65, 0x66, 0x65, 0x72, 0x72, 0x65, 0x64, 0x20,
    0x66, 0x6c, 0x61, 0x76, 0x6f, 0x75, 0x72, 0x20, 0x77, 0x6f, 0x75, 0x6c, 0x64, 0x20, 0x74, 0x75,
    0x72, 0x6e, 0x20, 0x5c, 0x75, 0x32, 0x30, 0x31, 0x63, 0x74, 0x68, 0x65, 0x20, 0x71, 0x75, 0x69,
    0x63, 0x6b, 0x5c, 0x75, 0x32, 0x30, 0x31, 0x64, 0x20, 0x69, 0x6e, 0x74, 0x6f, 0x20, 0x53, 0x75,
    0x70, 0x65, 0x72, 0x2b, 0x71, 0x2e, 0x22, 0x3b, 0x0a, 0x20, 0x20, 0x65, 0x6c, 0x73, 0x65, 0x20,
    0x69, 0x66, 0x20, 0x28, 0x70, 0x6f, 0x73, 0x20, 0x3d, 0x3d, 0x3d, 0x20, 0x34, 0x31, 0x29, 0x20,
    0x6e, 0x6f, 0x74, 0x65, 0x20, 0x3d, 0x20, 0x22, 0x41, 0x20, 0x70, 0x65, 0x72, 0x69, 0x6f, 0x64,
    0x20, 0x6f, 0x6e, 0x20, 0x42, 0x41, 0x53, 0x45, 0x2c, 0x20, 0x62, 0x75, 0x74, 0x20, 0x6f, 0x6e,
    0x20, 0x58, 0x54, 0x52, 0x41, 0x20, 0x69, 0x74, 0x20, 0x69, 0x73, 0x20, 0x74, 0x68, 0x65, 0x20,
    0x64, 0x6f, 0x6f, 0x72, 0x20, 0x74, 0x6f, 0x20, 0x46, 0x4e, 0x20, 0x5c, 0x75, 0x32, 0x30, 0x31,
    0x34, 0x20, 0x61, 0x6e, 0x64, 0x20, 0x74, 0x68, 0x61, 0x74, 0x20, 0x63, 0x68, 0x61, 0x69, 0x6e,
    0x20, 0x69, 0x73, 0x20, 0x74, 0x68, 0x65, 0x20, 0x6f, 0x6e, 0x6c, 0x79, 0x20, 0x72, 0x6f, 0x75,
    0x74, 0x65, 0x20, 0x74, 0x6f, 0x20, 0x53, 0x59, 0x53, 0x2e, 0x22, 0x3b, 0x0a, 0x20, 0x20, 0x65,
    0x6c, 0x73, 0x65, 0x20, 0x69, 0x66, 0x20, 0x28, 0x70, 0x6f, 0x73, 0x20, 0x3d, 0x3d, 0x3d, 0x20,
    0x39, 0x29, 0x20, 0x20, 0x6e, 0x6f, 0x74, 0x65, 0x20, 0x3d, 0x20, 0x22, 0x50, 0x6c, 0x75, 0x73,
    0x20, 0x5c, 0x75, 0x32, 0x30, 0x31, 0x34, 0x20, 0x74, 0x68, 0x65, 0x20, 0x74, 0x6f, 0x70, 0x20,
    0x6f, 0x66, 0x20, 0x74, 0x68, 0x65, 0x20, 0x63, 0x61, 0x6c, 0x63, 0x75, 0x6c, 0x61, 0x74, 0x6f,
    0x72, 0x5c, 0x75, 0x32, 0x30, 0x31, 0x39, 0x73, 0x20, 0x6f, 0x70, 0x65, 0x72, 0x61, 0x74, 0x6f,
    0x72, 0x20, 0x63, 0x6f, 0x6c, 0x75, 0x6d, 0x6e, 0x20, 0x6f, 0x6e, 0x20, 0x58, 0x54, 0x52, 0x41,
    0x2e, 0x22, 0x3b, 0x0a, 0x20, 0x20, 0x65, 0x6c, 0x73, 0x65, 0x20, 0x69, 0x66, 0x20, 0x28, 0x70,
    0x6f, 0x73, 0x20, 0x3d, 0x3d, 0x3d, 0x20, 0x33, 0x33, 0x29, 0x20, 0x6e, 0x6f, 0x74, 0x65, 0x20,
    0x3d, 0x20, 0x22, 0x41, 0x20, 0x6c, 0x65, 0x66, 0x74, 0x20, 0x62, 0x72, 0x61, 0x63, 0x6b, 0x65,
    0x74, 0x20, 0x6f, 0x6e, 0x20, 0x42, 0x41, 0x53, 0x45, 0x2e, 0x20, 0x4f, 0x6e, 0x20, 0x58, 0x54,
    0x52, 0x41, 0x20, 0x69, 0x74, 0x20, 0x69, 0x73, 0x20, 0x61, 0x20, 0x73, 0x65, 0x63, 0x6f, 0x6e,
    0x64, 0x20, 0x73, 0x6c, 0x61, 0x73, 0x68, 0x2c, 0x20, 0x64, 0x75, 0x70, 0x6c, 0x69, 0x63, 0x61,
    0x74, 0x65, 0x64, 0x20, 0x6f, 0x6e, 0x20, 0x70, 0x75, 0x72, 0x70, 0x6f, 0x73, 0x65, 0x20, 0x73,
    0x6f, 0x20, 0x74, 0x68, 0x65, 0x20, 0x63, 0x61, 0x6c, 0x63, 0x75, 0x6c, 0x61, 0x74, 0x6f, 0x72,
    0x20, 0x62, 0x6c, 0x6f, 0x63, 0x6b, 0x20, 0x69, 0x73, 0x20, 0x63, 0x6f, 0x6d, 0x70, 0x6c, 0x65,
    0x74, 0x65, 0x2e, 0x22, 0x3b, 0x0a, 0x20, 0x20, 0x65, 0x6c, 0x73, 0x65, 0x20, 0x69, 0x66, 0x20,
    0x28, 0x73, 0x2e, 0x74, 0x20, 0x3d, 0x3d, 0x3d, 0x20, 0x22, 0x65, 0x6e, 0x63, 0x22, 0x29, 0x20,
    0x6e, 0x6f, 0x74, 0x65, 0x20, 0x3d, 0x20, 0x22, 0x54, 0x68, 0x65, 0x20, 0x70, 0x75, 0x73, 0x68,
    0x20, 0x73, 0x77, 0x69, 0x74, 0x63, 0x68, 0x20, 0x69, 0x73, 0x20, 0x61, 0x20, 0x6e, 0x6f, 0x72,
    0x6d, 0x61, 0x6c, 0x20, 0x6b, 0x65, 0x79, 0x6d, 0x61, 0x70, 0x20, 0x70, 0x6f, 0x73, 0x69, 0x74,
    0x69, 0x6f, 0x6e, 0x3b, 0x20, 0x72, 0x6f, 0x74, 0x61, 0x74, 0x69, 0x6f, 0x6e, 0x20, 0x69, 0x73,
    0x20, 0x61, 0x20, 0x73, 0x65, 0x70, 0x61, 0x72, 0x61, 0x74, 0x65, 0x20, 0x73, 0x65, 0x6e, 0x73,
    0x6f, 0x72, 0x2d, 0x62, 0x69, 0x6e, 0x64, 0x69, 0x6e, 0x67, 0x2c, 0x20, 0x73, 0x68, 0x6f, 0x77,
    0x6e, 0x20, 0x66, 0x61, 0x69, 0x6e, 0x74, 0x2e, 0x22, 0x3b, 0x0a, 0x20, 0x20, 0x65, 0x6c, 0x73,
    0x65, 0x20, 0x69, 0x66, 0x20, 0x28, 0x73, 0x2e, 0x74, 0x20, 0x3d, 0x3d, 0x3d, 0x20, 0x22, 0x74,
    0x68, 0x75, 0x6d, 0x62, 0x22, 0x29, 0x20, 0x6e, 0x6f, 0x74, 0x65, 0x20, 0x3d, 0x20, 0x22, 0x54,
    0x68, 0x75, 0x6d, 0x62, 0x20, 0x6b, 0x65, 0x79, 0x73, 0x20, 0x61, 0x72, 0x65, 0x20, 0x74, 0x68,
    0x65, 0x20, 0x63, 0x68, 0x65, 0x61, 0x70, 0x65, 0x73, 0x74, 0x20, 0x72, 0x65, 0x61, 0x6c, 0x20,
    0x65, 0x73, 0x74, 0x61, 0x74, 0x65, 0x20, 0x6f, 0x6e, 0x20, 0x61, 0x20, 0x73, 0x70, 0x6c, 0x69,
    0x74, 0x20, 0x5c, 0x75, 0x32, 0x30, 0x31, 0x34, 0x20, 0x73, 0x70, 0x65, 0x6e, 0x64, 0x20, 0x74,
    0x68, 0x65, 0x6d, 0x20, 0x77, 0x65, 0x6c, 0x6c, 0x2e, 0x22, 0x3b, 0x0a, 0x20, 0x20, 0x64, 0x6f,
    0x63, 0x75, 0x6d, 0x65, 0x6e, 0x74, 0x2e, 0x67, 0x65, 0x74, 0x45, 0x6c, 0x65, 0x6d, 0x65, 0x6e,
    0x74, 0x42, 0x79, 0x49, 0x64, 0x28, 0x22, 0x69, 0x6e, 0x73, 0x70, 0x2d, 0x6e, 0x6f, 0x74, 0x65,
    0x22, 0x29, 0x2e, 0x74, 0x65, 0x78, 0x74, 0x43, 0x6f, 0x6e, 0x74, 0x65, 0x6e, 0x74, 0x20, 0x3d,
    0x20, 0x6e, 0x6f, 0x74, 0x65, 0x3b, 0x0a, 0x7d, 0x0a, 0x0a, 0x66, 0x75, 0x6e, 0x63, 0x74, 0x69,
    0x6f, 0x6e, 0x20, 0x65, 0x73, 0x63, 0x28, 0x78, 0x29, 0x7b, 0x0a, 0x20, 0x20, 0x72, 0x65, 0x74,
    0x75, 0x72, 0x6e, 0x20, 0x53, 0x74, 0x72, 0x69, 0x6e, 0x67, 0x28, 0x78, 0x29, 0x2e, 0x72, 0x65,
    0x70, 0x6c, 0x61, 0x63, 0x65, 0x28, 0x2f, 0x26, 0x2f, 0x67, 0x2c, 0x20, 0x22, 0x26, 0x61, 0x6d,
    0x70, 0x3b, 0x22, 0x29, 0x2e, 0x72, 0x65, 0x70, 0x6c, 0x61, 0x63, 0x65, 0x28, 0x2f, 0x3c, 0x2f,
    0x67, 0x2c, 0x20, 0x22, 0x26, 0x6c, 0x74, 0x3b, 0x22, 0x29, 0x2e, 0x72, 0x65, 0x70, 0x6c, 0x61,
    0x63, 0x65, 0x28, 0x2f, 0x3e, 0x2f, 0x67, 0x2c, 0x20, 0x22, 0x26, 0x67, 0x74, 0x3b, 0x22, 0x29,
    0x3b, 0x0a, 0x7d, 0x0a, 0x0a, 0x2f, 0x2a, 0x20, 0x2d, 0x2d, 0x2d, 0x2d, 0x20, 0x63, 0x6f, 0x6e,
    0x74, 0x72, 0x6f, 0x6c, 0x73, 0x20, 0x2d, 0x2d, 0x2d, 0x2d, 0x2d, 0x2d, 0x2d, 0x2d, 0x2d, 0x2d,
    0x2d, 0x2d, 0x2d, 0x2d, 0x2d, 0x2d, 0x2d, 0x2d, 0x2d, 0x2d, 0x2d, 0x2d, 0x2d, 0x2d, 0x2d, 0x2d,
    0x2d, 0x2d, 0x2d, 0x2d, 0x2d, 0x2d, 0x2d, 0x2d, 0x2d, 0x2d, 0x2d, 0x2d, 0x2d, 0x2d, 0x2d, 0x2d,
    0x2d, 0x2d, 0x2d, 0x2d, 0x2d, 0x2d, 0x2d, 0x2d, 0x2d, 0x2d, 0x2d, 0x2d, 0x2d, 0x2d, 0x20, 0x2a,
    0x2f, 0x0a, 0x76, 0x61, 0x72, 0x20, 0x74, 0x61, 0x62, 0x73, 0x20, 0x3d, 0x20, 0x41, 0x72, 0x72,
    0x61, 0x79, 0x2e, 0x70, 0x72, 0x6f, 0x74, 0x6f, 0x74, 0x79, 0x70, 0x65, 0x2e, 0x73, 0x6c, 0x69,
    0x63, 0x65, 0x2e, 0x63, 0x61, 0x6c, 0x6c, 0x28, 0x64, 0x6f, 0x63, 0x75, 0x6d, 0x65, 0x6e, 0x74,
    0x2e, 0x71, 0x75, 0x65, 0x72, 0x79, 0x53, 0x65, 0x6c, 0x65, 0x63, 0x74, 0x6f, 0x72, 0x41, 0x6c,
    0x6c, 0x28, 0x22, 0x2e, 0x74, 0x61, 0x62, 0x22, 0x29, 0x29, 0x3b, 0x0a, 0x74, 0x61, 0x62, 0x73,
    0x2e, 0x66, 0x6f, 0x72, 0x45, 0x61, 0x63, 0x68, 0x28, 0x66, 0x75, 0x6e, 0x63, 0x74, 0x69, 0x6f,
    0x6e, 0x28, 0x74, 0x62, 0x29, 0x7b, 0x0a, 0x20, 0x20, 0x74, 0x62, 0x2e, 0x61, 0x64, 0x64, 0x45,
    0x76, 0x65, 0x6e, 0x74, 0x4c, 0x69, 0x73, 0x74, 0x65, 0x6e, 0x65, 0x72, 0x28, 0x22, 0x63, 0x6c,
    0x69, 0x63, 0x6b, 0x22, 0x2c, 0x20, 0x66, 0x75, 0x6e, 0x63, 0x74, 0x69, 0x6f, 0x6e, 0x28, 0x29,
    0x7b, 0x0a, 0x20, 0x20, 0x20, 0x20, 0x63, 0x75, 0x72, 0x72, 0x65, 0x6e, 0x74, 0x20, 0x3d, 0x20,
    0x74, 0x62, 0x2e, 0x64, 0x61, 0x74, 0x61, 0x73, 0x65, 0x74, 0x2e, 0x6c, 0x3b, 0x0a, 0x20, 0x20,
    0x20, 0x20, 0x74, 0x61, 0x62, 0x73, 0x2e, 0x66, 0x6f, 0x72, 0x45, 0x61, 0x63, 0x68, 0x28, 0x66,
    0x75, 0x6e, 0x63, 0x74, 0x69, 0x6f, 0x6e, 0x28, 0x6f, 0x29, 0x7b, 0x20, 0x6f, 0x2e, 0x73, 0x65,
    0x74, 0x41, 0x74, 0x74, 0x72, 0x69, 0x62, 0x75, 0x74, 0x65, 0x28, 0x22, 0x61, 0x72, 0x69, 0x61,
    0x2d, 0x73, 0x65, 0x6c, 0x65, 0x63, 0x74, 0x65, 0x64, 0x22, 0x2c, 0x20, 0x53, 0x74, 0x72, 0x69,
    0x6e, 0x67, 0x28, 0x6f, 0x20, 0x3d, 0x3d, 0x3d, 0x20, 0x74, 0x62, 0x29, 0x29, 0x3b, 0x20, 0x7d,
    0x29, 0x3b, 0x0a, 0x20, 0x20, 0x20, 0x20, 0x70, 0x61, 0x69, 0x6e, 0x74, 0x28, 0x29, 0x3b, 0x0a,
    0x20, 0x20, 0x7d, 0x29, 0x3b, 0x0a, 0x7d, 0x29, 0x3b, 0x0a, 0x64, 0x6f, 0x63, 0x75, 0x6d, 0x65,
    0x6e, 0x74, 0x2e, 0x67, 0x65, 0x74, 0x45, 0x6c, 0x65, 0x6d, 0x65, 0x6e, 0x74, 0x42, 0x79, 0x49,
    0x64, 0x28, 0x22, 0x74, 0x2d, 0x6e, 0x75, 0x6d, 0x73, 0x22, 0x29, 0x2e, 0x61, 0x64, 0x64, 0x45,
    0x76, 0x65, 0x6e, 0x74, 0x4c, 0x69, 0x73, 0x74, 0x65, 0x6e, 0x65, 0x72, 0x28, 0x22, 0x63, 0x68,
    0x61, 0x6e, 0x67, 0x65, 0x22, 0x2c, 0x20, 0x66, 0x75, 0x6e, 0x63, 0x74, 0x69, 0x6f, 0x6e, 0x28,
    0x65, 0x29, 0x7b, 0x0a, 0x20, 0x20, 0x62, 0x6f, 0x61, 0x72, 0x64, 0x2e, 0x63, 0x6c, 0x61, 0x73,
    0x73, 0x4c, 0x69, 0x73, 0x74, 0x2e, 0x74, 0x6f, 0x67, 0x67, 0x6c, 0x65, 0x28, 0x22, 0x68, 0x69,
    0x64, 0x65, 0x2d, 0x6e, 0x75, 0x6d, 0x73, 0x22, 0x2c, 0x20, 0x21, 0x65, 0x2e, 0x74, 0x61, 0x72,
    0x67, 0x65, 0x74, 0x2e, 0x63, 0x68, 0x65, 0x63, 0x6b, 0x65, 0x64, 0x29, 0x3b, 0x0a, 0x7d, 0x29,
    0x3b, 0x0a, 0x64, 0x6f, 0x63, 0x75, 0x6d, 0x65, 0x6e, 0x74, 0x2e, 0x67, 0x65, 0x74, 0x45, 0x6c,
    0x65, 0x6d, 0x65, 0x6e, 0x74, 0x42, 0x79, 0x49, 0x64, 0x28, 0x22, 0x74, 0x2d, 0x66, 0x61, 0x6c,
    0x6c, 0x22, 0x29, 0x2e, 0x61, 0x64, 0x64, 0x45, 0x76, 0x65, 0x6e, 0x74, 0x4c, 0x69, 0x73, 0x74,
    0x65, 0x6e, 0x65, 0x72, 0x28, 0x22, 0x63, 0x68, 0x61, 0x6e, 0x67, 0x65, 0x22, 0x2c, 0x20, 0x66,
    0x75, 0x6e, 0x63, 0x74, 0x69, 0x6f, 0x6e, 0x28, 0x65, 0x29, 0x7b, 0x0a, 0x20, 0x20, 0x62, 0x6f,
    0x61, 0x72, 0x64, 0x2e, 0x63, 0x6c, 0x61, 0x73, 0x73, 0x4c, 0x69, 0x73, 0x74, 0x2e, 0x74, 0x6f,
    0x67, 0x67, 0x6c, 0x65, 0x28, 0x22, 0x6e, 0x6f, 0x2d, 0x66, 0x61, 0x6c, 0x6c, 0x22, 0x2c, 0x20,
    0x21, 0x65, 0x2e, 0x74, 0x61, 0x72, 0x67, 0x65, 0x74, 0x2e, 0x63, 0x68, 0x65, 0x63, 0x6b, 0x65,
    0x64, 0x29, 0x3b, 0x0a, 0x7d, 0x29, 0x3b, 0x0a, 0x64, 0x6f, 0x63, 0x75, 0x6d, 0x65, 0x6e, 0x74,
    0x2e, 0x61, 0x64, 0x64, 0x45, 0x76, 0x65, 0x6e, 0x74, 0x4c, 0x69, 0x73, 0x74, 0x65, 0x6e, 0x65,
    0x72, 0x28, 0x22, 0x6b, 0x65, 0x79, 0x64, 0x6f, 0x77, 0x6e, 0x22, 0x2c, 0x20, 0x66, 0x75, 0x6e,
    0x63, 0x74, 0x69, 0x6f, 0x6e, 0x28, 0x65, 0x29, 0x7b, 0x0a, 0x20, 0x20, 0x76, 0x61, 0x72, 0x20,
    0x69, 0x20, 0x3d, 0x20, 0x4f, 0x52, 0x44, 0x45, 0x52, 0x2e, 0x69, 0x6e, 0x64, 0x65, 0x78, 0x4f,
    0x66, 0x28, 0x63, 0x75, 0x72, 0x72, 0x65, 0x6e, 0x74, 0x29, 0x3b, 0x0a, 0x20, 0x20, 0x69, 0x66,
    0x20, 0x28, 0x65, 0x2e, 0x6b, 0x65, 0x79, 0x20, 0x3d, 0x3d, 0x3d, 0x20, 0x22, 0x41, 0x72, 0x72,
    0x6f, 0x77, 0x52, 0x69, 0x67, 0x68, 0x74, 0x22, 0x20, 0x26, 0x26, 0x20, 0x64, 0x6f, 0x63, 0x75,
    0x6d, 0x65, 0x6e, 0x74, 0x2e, 0x61, 0x63, 0x74, 0x69, 0x76, 0x65, 0x45, 0x6c, 0x65, 0x6d, 0x65,
    0x6e, 0x74, 0x2e, 0x63, 0x6c, 0x61, 0x73, 0x73, 0x4c, 0x69, 0x73, 0x74, 0x2e, 0x63, 0x6f, 0x6e,
    0x74, 0x61, 0x69, 0x6e, 0x73, 0x28, 0x22, 0x74, 0x61, 0x62, 0x22, 0x29, 0x29, 0x20, 0x7b, 0x0a,
    0x20, 0x20, 0x20, 0x20, 0x74, 0x61, 0x62, 0x73, 0x5b, 0x4d, 0x61, 0x74, 0x68, 0x2e, 0x6d, 0x69,
    0x6e, 0x28, 0x69, 0x20, 0x2b, 0x20, 0x31, 0x2c, 0x20, 0x74, 0x61, 0x62, 0x73, 0x2e, 0x6c, 0x65,
    0x6e, 0x67, 0x74, 0x68, 0x20, 0x2d, 0x20, 0x31, 0x29, 0x5d, 0x2e, 0x63, 0x6c, 0x69, 0x63, 0x6b,
    0x28, 0x29, 0x3b, 0x20, 0x74, 0x61, 0x62, 0x73, 0x5b, 0x4d, 0x61, 0x74, 0x68, 0x2e, 0x6d, 0x69,
    0x6e, 0x28, 0x69, 0x20, 0x2b, 0x20, 0x31, 0x2c, 0x20, 0x74, 0x61, 0x62, 0x73, 0x2e, 0x6c, 0x65,
    0x6e, 0x67, 0x74, 0x68, 0x20, 0x2d, 0x20, 0x31, 0x29, 0x5d, 0x2e, 0x66, 0x6f, 0x63, 0x75, 0x73,
    0x28, 0x29, 0x3b, 0x20, 0x65, 0x2e, 0x70, 0x72, 0x65, 0x76, 0x65, 0x6e, 0x74, 0x44, 0x65, 0x66,
    0x61, 0x75, 0x6c, 0x74, 0x28, 0x29, 0x3b, 0x0a, 0x20, 0x20, 0x7d, 0x0a, 0x20, 0x20, 0x69, 0x66,
    0x20, 0x28, 0x65, 0x2e, 0x6b, 0x65, 0x79, 0x20, 0x3d, 0x3d, 0x3d, 0x20, 0x22, 0x41, 0x72, 0x72,
    0x6f, 0x77, 0x4c, 0x65, 0x66, 0x74, 0x22, 0x20, 0x26, 0x26, 0x20, 0x64, 0x6f, 0x63, 0x75, 0x6d,
    0x65, 0x6e, 0x74, 0x2e, 0x61, 0x63, 0x74, 0x69, 0x76, 0x65, 0x45, 0x6c, 0x65, 0x6d, 0x65, 0x6e,
    0x74, 0x2e, 0x63, 0x6c, 0x61, 0x73, 0x73, 0x4c, 0x69, 0x73, 0x74, 0x2e, 0x63, 0x6f, 0x6e, 0x74,
    0x61, 0x69, 0x6e, 0x73, 0x28, 0x22, 0x74, 0x61, 0x62, 0x22, 0x29, 0x29, 0x20, 0x7b, 0x0a, 0x20,
    0x20, 0x20, 0x20, 0x74, 0x61, 0x62, 0x73, 0x5b, 0x4d, 0x61, 0x74, 0x68, 0x2e, 0x6d, 0x61, 0x78,
    0x28, 0x69, 0x20, 0x2d, 0x20, 0x31, 0x2c, 0x20, 0x30, 0x29, 0x5d, 0x2e, 0x63, 0x6c, 0x69, 0x63,
    0x6b, 0x28, 0x29, 0x3b, 0x20, 0x74, 0x61, 0x62, 0x73, 0x5b, 0x4d, 0x61, 0x74, 0x68, 0x2e, 0x6d,
    0x61, 0x78, 0x28, 0x69, 0x20, 0x2d, 0x20, 0x31, 0x2c, 0x20, 0x30, 0x29, 0x5d, 0x2e, 0x66, 0x6f,
    0x63, 0x75, 0x73, 0x28, 0x29, 0x3b, 0x20, 0x65, 0x2e, 0x70, 0x72, 0x65, 0x76, 0x65, 0x6e, 0x74,
    0x44, 0x65, 0x66, 0x61, 0x75, 0x6c, 0x74, 0x28, 0x29, 0x3b, 0x0a, 0x20, 0x20, 0x7d, 0x0a, 0x7d,
    0x29, 0x3b, 0x0a, 0x0a, 0x70, 0x61, 0x69, 0x6e, 0x74, 0x28, 0x29, 0x3b, 0x0a, 0x7d, 0x29, 0x28,
    0x29, 0x3b, 0x0a, 0x3c, 0x2f, 0x73, 0x63, 0x72, 0x69, 0x70, 0x74, 0x3e, 0x0a, 0x0a, 0x3c, 0x2f,
    0x62, 0x6f, 0x64, 0x79, 0x3e, 0x0a, 0x3c, 0x2f, 0x68, 0x74, 0x6d, 0x6c, 0x3e, 0x0a, 0x00, 0x00,
    0x00, 0x00, 0x00, 0x00, 0x00, 0x00, 0x00, 0x00, 0x00, 0x00, 0x00, 0x00, 0x00, 0x00, 0x00, 0x00,
    0x00, 0x00, 0x00, 0x00, 0x00, 0x00, 0x00, 0x00, 0x00, 0x00, 0x00, 0x00, 0x00, 0x00, 0x00, 0x00,
    0x00, 0x00, 0x00, 0x00, 0x00, 0x00, 0x00, 0x00, 0x00, 0x00, 0x00, 0x00, 0x00, 0x00, 0x00, 0x00,
    0x00, 0x00, 0x00, 0x00, 0x00, 0x00, 0x00, 0x00, 0x00, 0x00, 0x00, 0x00, 0x00, 0x00, 0x00, 0x00,
    0x00, 0x00, 0x00, 0x00, 0x00, 0x00, 0x00, 0x00, 0x00, 0x00, 0x00, 0x00, 0x00, 0x00, 0x00, 0x00,
    0x00, 0x00, 0x00, 0x00, 0x00, 0x00, 0x00, 0x00, 0x00, 0x00, 0x00, 0x00, 0x00, 0x00, 0x00, 0x00,
    0x00, 0x00, 0x00, 0x00, 0x00, 0x00, 0x00, 0x00, 0x00, 0x00, 0x00, 0x00, 0x00, 0x00, 0x00, 0x00,
    0x00, 0x00, 0x00, 0x00, 0x00, 0x00, 0x00, 0x00, 0x00, 0x00, 0x00, 0x00, 0x00, 0x00, 0x00, 0x00,
    0x00, 0x00, 0x00, 0x00, 0x00, 0x00, 0x00, 0x00, 0x00, 0x00, 0x00, 0x00, 0x00, 0x00, 0x00, 0x00,
    0x00, 0x00, 0x00, 0x00, 0x00, 0x00, 0x00, 0x00, 0x00, 0x00, 0x00, 0x00, 0x00, 0x00, 0x00, 0x00,
    0x00, 0x00, 0x00, 0x00, 0x00, 0x00, 0x00, 0x00, 0x00, 0x00, 0x00, 0x00, 0x00, 0x00, 0x00, 0x00,
    0x00, 0x00, 0x00, 0x00, 0x00, 0x00, 0x00, 0x00, 0x00, 0x00, 0x00, 0x00, 0x00, 0x00, 0x00, 0x00,
    0x00, 0x00, 0x00, 0x00, 0x00, 0x00, 0x00, 0x00, 0x00, 0x00, 0x00, 0x00, 0x00, 0x00, 0x00, 0x00,
    0x00, 0x00, 0x00, 0x00, 0x00, 0x00, 0x00, 0x00, 0x00, 0x00, 0x00, 0x00, 0x00, 0x00, 0x00, 0x00,
    0x00, 0x00, 0x00, 0x00, 0x00, 0x00, 0x00, 0x00, 0x00, 0x00, 0x00, 0x00, 0x00, 0x00, 0x00, 0x00,
    0x00, 0x00, 0x00, 0x00, 0x00, 0x00, 0x00, 0x00, 0x00, 0x00, 0x00, 0x00, 0x00, 0x00, 0x00, 0x00,
    0x00, 0x00, 0x00, 0x00, 0x00, 0x00, 0x00, 0x00, 0x00, 0x00, 0x00, 0x00, 0x00, 0x00, 0x00, 0x00,
    0x00, 0x00, 0x00, 0x00, 0x00, 0x00, 0x00, 0x00, 0x00, 0x00, 0x00, 0x00, 0x00, 0x00, 0x00, 0x00,
    0x00, 0x00, 0x00, 0x00, 0x00, 0x00, 0x00, 0x00, 0x00, 0x00, 0x00, 0x00, 0x00, 0x00, 0x00, 0x00,
    0x00, 0x00, 0x00, 0x00, 0x00, 0x00, 0x00, 0x00, 0x00, 0x00, 0x00, 0x00, 0x00, 0x00, 0x00, 0x00,
    0x00, 0x00, 0x00, 0x00, 0x00, 0x00, 0x00, 0x00, 0x00, 0x00, 0x00, 0x00, 0x00, 0x00, 0x00, 0x00,
    0x00, 0x00, 0x00, 0x00, 0x00, 0x00, 0x00, 0x00, 0x00, 0x00, 0x00, 0x00, 0x00, 0x00, 0x00, 0x00,
    0x00, 0x00, 0x00, 0x00, 0x00, 0x00, 0x00, 0x00, 0x00, 0x00, 0x00, 0x00, 0x00, 0x00, 0x00, 0x00,
    0x00, 0x00, 0x00, 0x00, 0x00, 0x00, 0x00, 0x00, 0x00, 0x00, 0x00, 0x00, 0x00, 0x00, 0x00, 0x00,
    0x00, 0x00, 0x00, 0x00, 0x00, 0x00, 0x00, 0x00, 0x00, 0x00, 0x00, 0x00, 0x00, 0x00, 0x00, 0x00,
    0x00, 0x00, 0x00, 0x00, 0x00, 0x00, 0x00, 0x00, 0x00, 0x00, 0x00, 0x00, 0x00, 0x00, 0x00, 0x00,
    0x00, 0x00, 0x00, 0x00, 0x00, 0x00, 0x00, 0x00, 0x00, 0x00, 0x00, 0x00, 0x00, 0x00, 0x00, 0x00,
    0x00, 0x00, 0x00, 0x00, 0x00, 0x00, 0x00, 0x00, 0x00, 0x00, 0x00, 0x00, 0x00, 0x00, 0x00, 0x00,
};
